ID,NAME,E_NAME,TVAL,SVAL,PVAL,AP_RATE,DEPTH,RARITY,WEIGHT,COST,SIZE_LOWER,SIZE_UPPER,BASE_AC,BASE_EV,BASE_DAMAGE,PLUS_HIT,PLUS_DAM,PLUS_AC,PLUS_EV,FLAGS,ADD_CREATURE_TRAITS,DESCRIPTION,E_DESCRIPTION,COMMENT
1,ガラドリエルの,of Galadriel,39,4,1,100,30,1,10,10000,0,0,0,0,1d1,0,0,0,0,ACTIVATE|SEARCH|INSTA_ART,,小さな水晶の瓶で、ガラドリエルの泉に映ったエアレンディルの星(シルマリル)の光が閉じ込めてある。その不滅の光はあらゆる暗闇を追い払う。,"A small crystal phial, with the light of Earendil's Star contained inside.  Its light is imperishable, and near it darkness cannot endure.","# File: a_info.txt#JZ# Zangband 日本語訳: 板倉#JZ# 「#J0#」で始まるコメントは日本語板 Angband のしとしんさんによる#JZ# もので、「#JZ#」で始まるコメントは日本語版 Zangband で新たに#JZ# 加わった項目です。日本語アングバンド同様、私（板倉）以外の方の#JZ# コメントにはその方の名前を記載しています。#JZ##JZ# ＃＃＃ 以下は日本語版 Angband にあるコメントです ＃＃＃#J0# 日本語訳と日本語版製作 : しとしん#J0##J0# 日本語版ではオリジナルと比較して設定項目が一つ増えています。#J0##J0##J0# 翻訳に際してなるべく資料を確認するようにしました。#J0# p.--  とあるのは「トールキン指輪物語辞典」でのページ数、#J0# wp. --とあるのは「新訳指輪物語追補編」でのページ数をあらわします。#J0# Ko -- とあるのは小林健一さんに教えてもらったものです。#J0# ??? --とあるのは調べがつかなかったものです。#J0##J0# 伝説のアイテムの翻訳に関しては 都々目さとし さんに大変お世話になりました。#J0##J0# 所々にあるコメントは 小林 さんと 都々目さとし さんのものです。かっこ内に発#J0# 言者を記載しました。#J0##J0#「コメント」で検索できます。#J0##J0# (ゲーム中での画面出力)#J0##J0# 『』で囲まれた名前はアイテム名の後につきます。#J0#      ex) スモール・ソード『つらぬき丸』#J0#                         ~~~~~~~~~~~~~~#J0# それ以外はアイテム名の前につきます。#J0#      ex) スラインのアーケン石#J0#          ~~~~~~~~~~# This file is used to initialize the ""lib/raw/a_info.raw"" file, which# is used to initialize the ""artifact"" information for the Angband game.# Do not modify this file unless you know exactly what you are doing,# unless you wish to risk possible system crashes and broken savefiles.# After modifying this file, delete the ""lib/raw/a_info.raw"" file.# The artifact indexes are defined in ""defines.h"", and must not be# changed.# Artifacts 1-15 are ""special"", 16-63 are ""armor"", and 64-127 are# ""weapons"".# Hack -- ""Grond"" and ""Morgoth"" MUST have a rarity of one, or they might# not be dropped when Morgoth is killed.  Note that they, like the# ""special""# artifacts, are never created ""accidentally"".# === Understanding a_info.txt ===# N: serial number : item name# I: tval : sval : pval# W: depth : rarity : weight : cost# P: size : base armor class : base damage : plus to-hit : plus to-dam : plus# to-ac# F: flag | flag |etc# 'N' indicates the beginning of an entry. The serial number must# increase for each new item and artifact activations depend on the# serial number.# 'I' is for basic information. The tval is for the type of item, the# sval identifies the subtype and the pval indicates the amount of# effect the item has, if applicable.# 'W' is for extra information. Depth is the depth the object is# normally found at, rarity determines how common the object is,# weight is in tenth-pounds and cost is the item's value.# 'P' is for power information. The items size, base armor class, its base# damage and pluses to-hit, to-dam and to-ac.# 0 size is variable.# 'F' is for flags. These are fairly self-explanatory. As many F:# lines may be used as are needed to specify all the flags and flags# are separated by the '|' symbol.# Version stamp (required)# The Phial of Galadriel# The Star of Elendil#J0# (コメント)#J0##J0# (都々目)#J0#＊a_info.txtを読ませて頂きましたが、『少しでも親しみがわくように日本語化や#J0#「王」などをいれたりとしてみました。』との事でしたが、それならこうすべきだ#J0#と思います(エレンディルは丈高きエレンディルと呼ばれた)。皆に付いている『王』#J0#と云う肩書きよりは親しみがわくと思います(笑)。#J0#"
2,丈高きエレンディルの,of Elendil,39,5,1,100,50,25,5,32500,0,0,0,0,1d1,0,0,0,0,ACTIVATE|INSTA_ART|SPEED,SEE_INVISIBLE|HOLD_LIFE,輝く『西方国の星』で、エレンディルの家系に伝わる家宝だ。銀の鎖に白い宝石がついている。,"The shining Star of the West, a famed heirloom of Elendil's house.",# The Arkenstone of Thrain -> JoJ# Was +2 WIS/DEX#JZ# アンバーシリーズに出てくる重要アイテム
3,審判の,of Judgement,39,6,3,100,70,90,5,150000,0,0,0,0,1d1,0,0,0,0,ACTIVATE|INSTA_ART|SPEED|WIS|INT,SEE_INVISIBLE|HOLD_LIFE|NO_CONF|RES_CHAO,金の鎖に取り付けられた、この宇宙の創世に深い関わりを持つ真紅の宝石。（R.ゼラズニイ、真世界アンバーシリーズ 3〜10巻）,,"# The Amulet of Carlammas#J0# (コメント)#J0##J0#(小林)#J0# > > >The Amulet of Carlammas         カルランマス→カルラマス#J0# > > >'Belegennon'                    ベレゲンノン→ベレゲノン#J0# > > >'Holhenneth'                    ホルヘンネス→ホルヘネス#J0# > > >'Cammithrim'                    カンミスリム→カミスリム#J0# > > >'Paurnimmen'                    パウルニンメン→パウアニメン#J0# > #J0# > あとで，考え直してみたんだけど，-mm- や -nn- って，シンダリン語で#J0# > 重音になったか，単音になったか，ちょっと今自信がないです．ひょっと#J0# > したら「カルランマス」の方が原音に近いかも知れません．調べておきま#J0# > す．サウロンの別名""Annatar""は「アナタール」と読んだはずですが…．#J0# > ちなみに上の５つは物語中では見たことないです．#J0##J0# 調べてきました．重なってる子音はシンダリン語では重音になるようです．#J0# 「カルランマス」#J0# 「ベレゲンノン」#J0# 「ホルヘンネス」#J0# 「カンミスリム」#J0# 「パウアニンメン」#J0# でよいようでした．記憶していた資料が間違っていたようです．#J0# 失礼しました．#J0# # ってことはシルマリルリオンの翻訳者が間違えたのかなあ？#J0#"
4,カルランマスの,of Carlammas,40,10,2,100,50,30,3,60000,0,0,0,0,1d1,0,0,0,0,CON|HIDE_TYPE|ACTIVATE|INSTA_ART,RES_FIRE,ブロンズの燃えるような首飾りで、邪悪な者をかわして退散させる強力な呪文が込められている。,"A fiery circle of bronze, with mighty spells to ward off evil.",# The Amulet of Ingwe#J0# (コメント)#J0##J0# p.308#J0# (都々目)#J0#＊シルマリルの物語に従う。エレンディルと同じ理由です。#J0#
5,上級王イングウェの,of Ingwe,40,11,3,100,65,50,3,90000,0,0,0,0,1d1,0,0,0,0,WIS|CHR|INFRA|HIDE_TYPE|ACTIVATE|INSTA_ART,SEE_INVISIBLE|FREE_ACTION|RES_ACID|RES_COLD|RES_ELEC,ヴァラールの島に渡り中つ国に戻ることのなかったヴァンヤール族の上級王イングウェの家系伝来の家宝。イングウェに対抗できる邪悪なものはいなかった。,"The ancient heirloom of Ingwe, high lord of the Vanyar, against whom nothing of evil could stand. ",# The Necklace of the Dwarves
6,ドワーフの,of the Dwarves,40,12,3,100,70,70,3,75000,0,0,0,0,1d1,0,0,0,0,STR|CON|INFRA|HIDE_TYPE|LITE|INSTA_ART,SEE_INVISIBLE|FREE_ACTION|REGENERATE,燦然と輝くシルマリルと、それを引き立たせるたくさんのヴァリノールの宝石で飾られた金の首飾りだ。山の中の鍛冶場で長い間鎚を打ってきた頑強なドワーフの職人魂がしっかりと宿っており、蜘蛛の糸のように身に付ける者にフィットする。,"The Nauglamir; a carencet of gold set with a multitude of shining gems of Valinor, accenting a radiant Silmaril.  The sturdy spirits of Dwarvish craftsmen who labored long in mountain smithies lie within it still, and as gossamer it rests upon the bearer.","# The Incandescent Light of Yeduson# Thomas Alva Yeduson the ""Wizard of Menlo Park""# patented 1,093 inventions.# inventor of the incandescent lightbulb# Default reward for The Dark Elven Lords Quest"
7,ヱヅソンの,of Yeduson,39,3,3,100,40,20,5,20000,0,0,0,0,1d1,0,0,0,0,INSTA_ART|INFRA,AURA_FIRE|AURA_ELEC,「非常に進んだ科学は魔術と見分けがつかない。」,"The Incandescent Light of Yeduson Thomas Alva Yeduson the ""Wizard of Menlo Park"" patented 1,093 inventions.  Inventor of the incandescent lightbulb.",# The Ring of Barahir -> Frakir#JZ#
8,《フラキア》という,'Frakir',45,32,1,100,50,40,2,75000,0,0,0,0,1d1,0,0,0,0,STR|INT|WIS|DEX|CON|CHR|STEALTH|HIDE_TYPE|ACTIVATE|SEARCH|INSTA_ART,WARNING|RES_POIS|SEE_INVISIBLE,混沌の王子マーリンがログルスから生み出した意思を持った腕輪だ。普段は目に見えないが脈動して危険を知らせてくれる。装備するものが命ずると形を変えて敵の首を締めることができる。（R.ゼラズニイ、真世界アンバーシリーズ 6〜10巻）,,# The Ring of Tulkas#J0# (コメント)#J0##J0# p.343#J0# (都々目)#J0#＊シルマリルの物語より。エアレンディルの項と同じ理由です。#J0#
9,勇猛なるトゥルカスの,of Tulkas,45,33,4,100,70,90,2,175000,0,0,0,0,1d1,0,0,0,0,STR|DEX|CON|HIDE_TYPE|ACTIVATE|SPEED|INSTA_ART,,ヴァラールの中でも最も素早くかつ勇猛なトゥルカスの宝だ。,"The treasure of Tulkas, most fleet and wrathful of the Valar.",# The Ring of Power (Narya)
10,《ナルヤ》という,of Power (Narya),45,34,1,100,70,100,2,100000,0,0,0,0,1d1,10,10,0,0,STR|INT|WIS|DEX|CON|CHR|SPEED|HIDE_TYPE|ACTIVATE|FREE_ACT|INSTA_ART,SEE_INVISIBLE|SLOW_DIGEST|REGENERATE|SUSTAIN_STR|SUSTAIN_DEX|IM_FIRE|,炎のように輝くルビーがはめられた火の指輪で、エルフにより作られサウロンから隠された三つの力の指輪のうちの一つだ。,"The Ring of Fire, set with a ruby that glows like flame.  Narya is one of the three Rings of Power created by the Elves and hidden by them from Sauron.",#D:中つ国ではキアダンとガンダルフが所有していた。# The Ring of Power (Nenya)
11,《ネンヤ》という,of Power (Nenya),45,35,2,100,80,140,2,200000,0,0,0,0,1d1,11,11,0,0,STR|INT|WIS|DEX|CON|CHR|SPEED|HIDE_TYPE|ACTIVATE|HOLD_LIFE|FREE_ACT|SEE_INVIS|LEVITATION|REGEN|SHOW_MODS|SUST_INT|SUST_WIS|IM_COLD|XTRA_POWER|INSTA_ART,,冷気の凝縮した真っ白な宝石がはめられた指輪だ。エルフにより作られサウロンから隠された三つの力の指輪のうちの一つだ。,"The Ring of Adamant, with a pure white stone as centerpiece.  Nenya is one of the three Rings of Power created by the Elves and hidden by them from Sauron.",#D:中つ国ではガラドリエルが所有していた。# The Ring of Power (Vilya)
12,《ヴィルヤ》という,of Power (Vilya),45,36,3,100,90,170,2,300000,0,0,0,0,1d1,12,12,0,0,STR|INT|WIS|DEX|CON|CHR|SPEED|HIDE_TYPE|ACTIVATE|HOLD_LIFE|FREE_ACT|SEE_INVIS|LEVITATION|SLOW_DIGEST|REGEN|SUST_INT|SUST_WIS|SUST_STR|SUST_DEX|IM_ELEC|INSTA_ART|XTRA_POWER,,星の様に輝く透き通ったサファイアの指輪だ。エルフにより作られサウロンから隠された三つの力の指輪のうちの一つだ。,"The Ring of Sapphire, with clear blue gems that shine like stars, glittering untouchable despite all that Morgoth ever wrought.  Vilya is one of the three Rings of Power created by the Elves and hidden by them from Sauron.",#D:中つ国ではエルロンドが所有していた。# The Ring of Power (The One Ring)
13,《一つの指輪》という,of Power (The One Ring),45,37,5,100,100,255,2,5000000,0,0,0,0,1d1,15,15,0,0,STR|INT|WIS|DEX|CON|CHR|SPEED|HIDE_TYPE|ACTIVATE|CURSED|HEAVY_CURSE|DIVINE_CURSE|AGGRAVATE|DRAIN_EXP|SEE_INVIS|REGEN|TY_CURSE|IM_FIRE|IM_COLD|IM_ELEC|IM_ACID|SUST_STR|SUST_DEX|SUST_CON|SUST_INT|SUST_WIS|SUST_CHR|INSTA_ART|XTRA_POWER|XTRA_H_RES|ESP_DEMON|ESP_UNDEAD,,「一つの指輪は全てを統べ、一つの指輪はすべてを見つけ、一つの指輪はすべてを捕えてくらやみのなかにつなぎとめる。」重厚な金の指輪で、モルドールの忌まわしい言葉でルーン文字が刻んである。このイシルドゥアの禍の力はあまりにも強大なので、普通の者はそれを身に付けるだけで歪められ支配されてしまう。,"""One Ring to rule them all, One Ring to find them, One Ring to bring them all and in the darkness bind them.""  Made of massive gold, and set with runes in the foul speech of Mordor, Isildur's Bane possesses powers so great that it inevitably twists and masters any earthly being who wears it.",
14,《アホヤ》という,of Cower (Darnya),45,50,-5,100,100,100,2,0,0,0,0,0,1d1,-15,-15,0,0,STR|INT|WIS|DEX|CON|CHR|SPEED|HIDE_TYPE|ACTIVATE|CURSED|HEAVY_CURSE|DIVINE_CURSE|AGGRAVATE|DRAIN_EXP|TY_CURSE|INSTA_ART,,安っぽい金メッキの指輪で、へけけな言葉でルーン文字が刻んである。このわけわからん禍の力はあまりにも強大なので、普通の者はそれを身に付けるだけで歪められ支配されてしまう。,"Adorned, showy gilding, set with runes in the strange speech of Heheh, with power so great that it inevitably twists and masters any earthly being who wears it.",
15,パランティアの石,Palantir~ of Westernesse,39,8,3,100,60,50,10,60000,0,0,0,0,1d1,0,0,0,0,WIS|CHR|ACTIVATE|TELEPATHY|INSTA_ART|FULL_NAME,,この白く輝く不滅の水晶球は、古くはヌメノールの歴代の王に、後にはエレンディルをはじめとする流浪の民によって、離れた土地の間の高速通信に用いられた「遠望」の石だ。,"A shining white ball of unbreakable crystal, the ancient palantiri, or 'far-watchers', were used by kings of Numenor and later by the Exiles for rapid communication between distant lands. ",
16,『クリムゾン』,'Crimson',19,50,4,100,60,150,100,100000,0,0,0,0,0d0,20,20,0,0,SPEED|STEALTH|RES_NETHER|ACTIVATE|SHOW_MODS|INSTA_ART|XTRA_POWER|XTRA_H_RES,,「―そこは街全体が魔物の住処と化していた。そのとき思わず使った銃−クリムゾンが越前を助け、そして、たたかうごとに、クリムゾンはより強力な武器へと進化していった。―」(デスクリムゾン，エコールソフトウェア),,
17,知識の,of Lore,39,7,0,100,15,12,15,20000,0,0,0,0,1d1,0,0,0,0,ACTIVATE|INSTA_ART,,この大きなエメラルドの中の緑の深淵をのぞき込む時、あなたの精神は知識の心象と恐るべき理解によって満たされる。,A great emerald that fills your mind with images of knowledge and dreadful understanding as you stare into its depths.,
18,ファラミアの,of Faramir,40,17,3,100,30,60,2,20000,0,0,0,0,0d0,12,0,0,0,STEALTH|SHOW_MODS|HIDE_TYPE|RES_CONF|SUST_DEX|ACTIVATE|INSTA_ART,,「まことの銀」で作られた首飾りで、身に付ける者を助けて守るイシリエンの静かな魔法が秘められている。,"A slim neckpiece of True-silver, with quiet spells of Ithilien to aid and protect the wearer.","# The Adamantite Plate Mail 'Soulkeeper'#J0# 日本語化, Ko#J0#N:19:『魂保持者』#J0#N:19:『守護魂』"
19,『魂の守り手』,'Soulkeeper',37,30,2,100,75,9,420,200000,0,11,40,0,2d4,-4,0,20,0,CON|HOLD_LIFE|SUST_CON|RES_ACID|RES_COLD|RES_DARK|RES_NETHER|RES_NEXUS|RES_CHAOS|ACTIVATE,,永遠不滅のアダマンタイトで作られた鎧で、あらゆる邪悪な力や破壊的な魔法を跳ね返す霊力を秘め、着用者の生命力を守ることにかけては何物にも優る。,"A suit of imperishable adamant, with conquerable strength to endure evil and disruptive magics, that protects the life force of its wearer like nothing else can.",# The Full Plate Armour of Isildur#J0# wp.273
20,イシルドゥアの,of Isildur,37,15,2,100,30,3,300,50000,0,12,25,0,2d4,0,0,25,0,CON|RES_ACID|RES_ELEC|RES_FIRE|RES_COLD|RES_SOUND|RES_CONF|RES_NEXUS,,装備する者の首から足までをカバーする輝く鋼鉄の鎧で、邪悪なものを退け頑強さを増すルーン文字が表面に深く刻まれている。かつてサウロンから指輪を奪うのに成功したエレンディルの息子イシルドゥアが身に付けていた。,"A gleaming steel suit covering the wearer from neck to foot, with runes of warding and stability deeply engraved into its surface.","# The Metal Brigandine Armour of the Rohirrim#J0# (コメント)#J0##J0# wp.245, p.237#J0##J0# (しとしんのコメント)#J0# > で、固有名詞関係なのですが、例えば#J0# > of the Rohirrim                 ロヒアリム→ロヒリム#J0# > ですが、これは以前他の方からも「ロヒリム」だ、と指摘されたの#J0# > ですが、新版指輪物語追補編 p.245 では「ロヒアリム」となって#J0# > います。で、それを伝えたら、どうも翻訳者によって色々と#J0# > 違うことが判明しました。すごいのになると５、６種類くらい#J0# > 読み方があったり(^_^;。どうするべきか自分でも判断がつきま#J0# > せんでしたので、一応新版指輪物語追補編の読み方にしておき#J0# > ました。具体的には「ルシアン」とか「オロリン」とかが#J0# > そうだと思います。#J0##J0# (小林さんのコメント)#J0# 私は新版は読んでないもので(^_^)．#J0##J0# 実際の「ロヒリム」「ルシエン」「オローリン」と「ロヒアリム」「ルシ#J0# アン」「オロリン」の違いは，日本語で書くと大きいけど，音としては微#J0# 妙で，英国人が聞いても聞き様で変わって来ると思います．#J0#"
21,ロヒアリムの,of the Rohirrim,37,9,2,100,30,3,200,30000,0,11,19,0,1d4,0,0,15,0,STR|DEX|HIDE_TYPE|XTRA_H_RES|RES_ACID|RES_ELEC|RES_FIRE|RES_COLD|RES_CONF|RES_SOUND,,小さな鉄板が麻布の下地を被う二重の鎧で、双方に狩りと戦の光景が描かれている。この鎧を身に付けると、闘いで負け知らずだったローハン初代の王、青年王エオルの魂を感じることができる。,"Small metal plates cover an inner layer of sturdy canvas, and both bear scenes of hunting and war.  You feel the spirit of Eorl the Young, matchless in combat, around you as you put his armour on.",# The Mithril Chain Mail 'Belegennon' -> of Lohengrin#JZ# ワーグナー
22,騎士ローエングリンの,of Lohengrin,37,20,4,100,40,9,150,135000,0,11,28,0,1d4,-1,0,20,0,STEALTH|WIS|INT|SEE_INVIS|RES_ACID|RES_ELEC|RES_FIRE|RES_COLD|RES_POIS|HOLD_LIFE|RES_NETHER|RES_DARK|RES_FEAR|ACTIVATE,,聖杯守護の騎士パルジファルの息子、ローエングリンの輝く鎧だ。身に付ける者はあらゆる邪悪なものを退け聖杯の加護を得る。(ワーグナー、「パルジファル」),,# The Mithril Plate Mail of Celeborn -> Julian#JZ#
23,アーデンの森の主ジュリアンの,of Julian,37,3,4,100,40,15,250,120000,0,10,15,0,2d4,-2,0,40,0,STR|CHR|HIDE_TYPE|RES_ACID|RES_ELEC|RES_FIRE|RES_COLD|RES_DARK|RES_DISEN|XTRA_H_RES|ACTIVATE|ESP_ANIMAL,,真世界アンバーのアーデンの森を守るジュリアンの銀の鎧だ。,,"# The Chain Mail of Arvedui#J0# (コメント)#J0##J0#(都々目)#J0#＊基本的に名には肩書きを付けているようですし、アルヴェドゥイはアルノールの#J0#最後の王(新版追補編p15,p21)なので。#J0#"
24,アルヴェドゥイ王の,of Arvedui,37,4,2,100,20,3,220,32000,0,11,14,0,1d4,-2,0,15,0,STR|CHR|HIDE_TYPE|XTRA_H_RES|RES_ACID|RES_ELEC|RES_FIRE|RES_COLD|RES_SHARDS|RES_NEXUS,,イシルドゥアの末裔であり、アングマール魔国と戦った北方王朝アルセダイン国の最後の王アルヴェドゥイが身に付けていた鎖帷子だ。これを装備する者はかの王の如き力強さを感じる。,"A hauberk, leggings, and sleeves of interlocking steel rings, well padded with leather. You feel strong and tall as Arvedui, last king of Arnor, as you put it on.",#D:体にフィットするよう皮の詰め物をした、鉄の輪を編んだ#D:鎖帷子と具足と肩当からなる。#D:これを装備する者はアルノールの最後の王アルヴェドゥイのような#D:力強さを感じる# The Augmented Chain Mail of Caspanion#J0# ???
25,カスパニオンの,of Caspanion,37,6,3,100,25,9,270,40000,0,11,16,0,1d4,-2,0,20,0,INT|WIS|CON|HIDE_TYPE|XTRA_H_RES|RES_ACID|RES_POIS|RES_CONF|ACTIVATE,,重要な部分が二重になった、手と足もカバーする鎖帷子だ。精神と肉体を強化する魔法がかかっており、いかなる障害も着用者の道を妨げることは出来ない。,"A hauberk, leggings, and sleeves of interlocking steel rings, strategically reinforced at vital locations with a second layer of chain.  Magics to enhance body and mind lie within, and no door can bar the wearer's path.",# The Leather Jacket 'of Shiva's Avatar'# A reward for 'The Old Castle' quest
26,シヴァの化身の,of Shiva's Avatar,36,12,1,100,30,50,120,100000,0,10,12,0,1d2,3,4,20,0,BLOWS|RES_SHARDS|HOLD_LIFE|SLOW_DIGEST|SUST_STR|SUST_DEX|SUST_CON|SUST_INT|SUST_WIS|SUST_CHR|RES_ACID|RES_ELEC|RES_FIRE|RES_COLD,,ヒンズー教の最高神は創造の神ブラフマン、維持の神ヴィシュヌ、そして破壊神シヴァだ。これはその中でも最も強力なシヴァの力が宿った鎧だ。,,"# The Soft Leather Armour 'Hithlomir'#J0# ???, Ko"
27,『ヒスロミア』,'Hithlomir',36,4,4,100,20,3,80,45000,0,9,4,0,0d0,0,0,20,0,STEALTH|RES_ACID|RES_ELEC|RES_FIRE|RES_COLD|RES_DARK|XTRA_H_RES,,「霧の宝石」を意味する名を持つ、この革の胴鎧は、暗闇に隠れる秘密の手段に、その見かけよりも遥かに適している。,"Familar with the secret ways hidden in darkness, this leather cuirass is truly more than it appears.",# The Leather Scale Mail 'Thalkettoth'#J0# ???
28,『サルケットス』,'Thalkettoth',36,11,3,100,20,3,60,25000,0,9,11,0,1d1,-1,0,25,0,DEX|HIDE_TYPE|RES_ACID|RES_SHARDS|XTRA_H_RES,,硬くした革製の鱗を厚く覆うように縫い付けた驚くほど軽い鎧であり、着る者に機敏さと自信を与える。,"An amazingly light tunic and skirt sewn with thick, overlapping scales of hardened leather whose wearer moves with agility and assurance.",#  Artifact 29 is unused# The Small Metal Shield of Thorin
30,トーリン王の,of Thorin,34,3,4,100,40,12,65,120000,0,12,5,0,1d2,0,0,21,0,STR|CON|HIDE_TYPE|FREE_ACT|IM_ACID|RES_SOUND|RES_CHAOS|XTRA_H_RES,,山の下の王トーリン・オーケンシールドの強さと頑丈さを受け継いだこの小さな金属の盾は、地のエレメントに対する完全な防御を可能にする。,"Invoking the strength and endurance of Thorin, King under the Mountain, this little metal shield is proof against the Element of Earth.",# The Large Leather Shield of Celegorm#J0# (コメント)#J0##J0#(都々目)#J0#＊シルマリルの物語より#J0#
31,金髪のケレゴルムの,of Celegorm,34,4,0,100,30,3,60,30000,0,13,6,0,1d2,0,0,20,0,RES_ACID|RES_ELEC|RES_FIRE|RES_COLD|RES_LITE|RES_DARK|XTRA_H_RES,,いまでは見られなくなった数々の伝説の生き物の装飾が施されたこの盾は、かつてヒムラドの王ケレゴルムを守っていた。地水火風のエレメントのせめぎ合いを内包し、それらの神秘的なバランスを保っている。,"This shield emblazoned with a multitude of creatures not seen for ages once protected Celegorm, lord of Himlad; around it lies a mystic balance  that contains the conflicts of the elements.",# The Large Metal Shield of Anarion#J0# (コメント)#J0##J0#(都々目)#J0#＊イシルドゥアに『王』を付けないならアナリオンにも付けるべきではないでしょ#J0#う(アナリオンはイシルドゥアの弟)。イシルドゥアとアナリオンは二人でゴンドー#J0#ル(オルギリアス)を統治していたし、王と云う肩書きは全然出てきていないので。#J0#
32,アナリオンの,of Anarion,34,5,0,100,40,9,120,160000,0,12,8,0,1d3,0,0,18,0,RES_ACID|RES_ELEC|RES_FIRE|RES_COLD|SUST_STR|SUST_INT|SUST_WIS|SUST_DEX|SUST_CON|SUST_CHR|XTRA_H_RES,,かつてサウロンと勇敢に戦ったエレンディルの息子アナリオンの金属の盾だ。,"The great metal-bound shield of Anarion, son of Elendil, who Sauron found himself powerless to wither or diminish.",# A reward for 'The Old Castle' quest#JZ#ベンジャミン フランクリン、やだよぅそんなの。#JZ#ゼラズニイの「光の王」から以下のように変更。雷の槍ヴァジュラを#JZ#持っている。
33,インドラの,of Indra,11,32,2,100,30,50,15,100000,0,0,2,0,0d0,0,0,18,0,INT|WIS|CHR|SUST_INT|SUST_WIS|SUST_CHR|RES_BLIND|IM_ELEC,,雷神インドラの兜だ。,,# The Massive Iron Crown of Morgoth#JZ#
34,混沌の,of Chaos,33,50,125,100,100,1,20,10000000,0,0,0,0,1d1,0,0,0,0,STR|INT|WIS|DEX|CON|CHR|INFRA|HIDE_TYPE|RES_ACID|RES_ELEC|RES_FIRE|RES_COLD|RES_POIS|RES_LITE|RES_DARK|RES_CONF|RES_NEXUS|LITE|SEE_INVIS|TELEPATHY|CURSED|HEAVY_CURSE|DIVINE_CURSE|NO_TELE|INSTA_ART|QUESTITEM,,宇宙の創世以前から存在していた混沌の宮廷において王位を象徴する王冠だ。,,# The Iron Crown of Beruthiel#J0# (コメント)#J0##J0#(都々目)#J0#＊旅の仲間下巻(私は文庫版しか持っていないのでページ数は省きます)、モリア坑#J0#道内でアラゴルンの台詞に『ベルシエル王妃』と云う言葉が出てきます。スポイラ#J0#でも王妃(女王？)となっておりますので。#J0#
35,ベルシエル王妃の,of Beruthiel,33,10,-2,100,40,12,20,0,0,9,0,0,1d1,0,0,25,0,STR|DEX|CON|HIDE_TYPE|DEC_MANA|EASY_SPELL|FREE_ACT|SEE_INVIS|TELEPATHY|CURSED|XTRA_POWER,,魔法使いの女王ベルシエル王妃の、真夜中の色をしたサークレットだ。肉体的代償と引き替えに卓越した眼力と知覚を授ける。,"The midnight-hued steel circlet of the sorceress-queen Beruthiel, which grants extraordinary powers of sight and awareness at a physical cost.",# The Hard Leather Cap of Thranduil#J0# wp.261
36,スランドゥイル王の,of Thranduil,32,2,2,100,20,2,15,50000,0,12,2,0,0d0,0,0,10,0,INT|WIS|HIDE_TYPE|RES_BLIND|TELEPATHY|XTRA_H_RES,,レゴラスの父であり、領土の森のあらゆる事を知るスランドウィル王のハンティング帽だ。,"The hunting cap of King Thranduil, to whose ears come all the secrets of his forest domain.",# The Metal Cap of Thengel#J0# wp.261
37,センゲル王の,of Thengel,32,3,3,100,10,2,20,22000,0,12,3,0,1d1,0,0,12,0,WIS|CHR|HIDE_TYPE,,黄金館の王セオデンの父センゲルが身に付けていた中央の尖った鉄兜で、武勇を示す絵が素晴らしい銀細工によって浮き彫りにされている。この兜は身に付ける者に高貴さと知見とを授ける。,"A ridged helmet made of steel, and embossed with scenes of valor in fine-engraved silver.  It grants the wearer nobility, clearness of thought and understanding.",# The Steel Helm of Hammerhand#J0# (コメント)#J0##J0# KOHKO-P さんに教わりました。#J0#
38,槌手王の,of Hammerhand,32,6,3,100,20,2,60,45000,0,11,6,0,1d3,0,0,20,0,STR|DEX|CON|HIDE_TYPE|RES_ACID|RES_NEXUS,,王家を侮辱した者を素手の決闘で殴り殺し、鎚手王と呼ばれたローハン第九代国王の頑強なグレートヘルムだ。,"A great helm as steady as the heroes of the Westdike. Mighty were the blows of Helm, the Hammerhand!",# The _DRAGON_ Helm of Dor-Lomin#J0# (コメント)#J0##J0# (都々目)#J0#＊シルマリルの物語では全て『ドル＝ローミン』と表記されています。更に、原作#J0#中では大体このように『竜の兜』と書かれていたので、「少しでも親しみがわくよ#J0#うに」日本語化されるのならこうすべきだと思います。#J0#
39,ドル=ローミンの,of Dor-Lomin,32,7,4,100,70,12,75,300000,0,11,8,0,1d3,0,0,20,0,STR|DEX|CON|HIDE_TYPE|RES_ACID|RES_ELEC|RES_FIRE|RES_COLD|RES_LITE|RES_BLIND|LITE|SEE_INVIS|TELEPATHY|ACTIVATE,,トゥーリン・トゥランバールの伝説の竜兜で、モルゴスの手下どもにとっては恐怖の対象である。,"The legendary dragon helm of Turin Turambar, a object of dread to the servants of Morgoth.",# The Iron Helm 'Holhenneth'#J0# ???
40,『ホルヘンネス』,'Holhenneth',32,5,2,100,20,5,75,100000,0,10,5,0,1d3,0,0,10,0,INT|WIS|SEARCH|HIDE_TYPE|RES_BLIND|SEE_INVIS|ACTIVATE,,並外れた精神力と知覚とを授ける、鍛鉄製の名高い兜だ。その名はシンダール語で「密かなる目の兜」を意味する。,A famous helm of forged iron granting extraordinary powers of mind and awareness. ,# The Iron Helm of Gorlim -> Terror Mask (for warriors only...)#JZ#
41,『恐怖の仮面』,'Terror Mask',32,5,-1,100,50,3,75,200000,0,10,5,0,1d3,18,18,10,0,INT|WIS|SEARCH|HIDE_TYPE|SHOW_MODS|SEE_INVIS|NO_MAGIC|ACTIVATE|RES_DISEN|RES_FEAR|FREE_ACT|RES_ACID|RES_COLD|RES_POIS|TELEPORT,,,,# The Golden Crown of Gondor -> Amber#JZ#
42,真世界アンバーの,of Amber,33,11,3,100,40,40,30,125000,0,0,0,0,1d1,0,0,15,0,STR|WIS|CON|HIDE_TYPE|SPEED|RES_COLD|RES_FIRE|RES_LITE|RES_BLIND|RES_ELEC|RES_CONF|RES_CHAOS|LITE|SEE_INVIS|REGEN|ACTIVATE|XTRA_POWER|XTRA_H_RES,,アンバーの王位の象徴である、多数の宝石で飾られた金の王冠だ。これをめぐって骨肉の争いが王子たちの間で繰り広げられた。,,# The Cloak of Houdini# Escape Artist and Spiritualist# A reward for 'The Old Castle' quest#JZ#引田天攻のような人らしい。やだよう。#JZ#ゼラズニイの「影のジャック」から
43,影のジャックの,of Jack of Shadows,35,1,7,100,30,20,10,100000,0,10,1,0,0d0,0,0,19,0,STEALTH|SEARCH|FREE_ACT|SEE_INVIS|HOLD_LIFE|TELEPATHY,,自転が止まった地球で夜の世界を支配する王の一人、泥棒の王である不死身の『影のジャック』のクロークだ。（R.ゼラズニイ「影のジャック」）,,# The Cloak 'Colluin'#J0# ???
44,『コルイン』,'Colluin',35,1,0,100,5,45,10,80000,0,10,1,0,0d0,0,0,15,0,RES_ACID|RES_ELEC|RES_FIRE|RES_COLD|RES_POIS|ACTIVATE,,精霊達が争う渦中の地ヴァリノールの英雄が身に付けていたマントだ。,"A cape worn by a hero from Valinor, a land utterly beyond the strife of Elements.",# The Cloak 'Holcolleth'#J0# ???
45,『ホルコルレス』,'Holcolleth',35,2,2,100,20,15,5,43000,0,12,4,0,0d0,0,0,4,0,INT|WIS|STEALTH|HIDE_TYPE|RES_ACID|SEARCH|ACTIVATE,,静寂と隠密の偉大なる力を持つエルフの灰色の外套であり、着用者にはシンダールの知識と思慮を与える。,"This elven-grey mantle possesses great powers of tranquility and of concealment, and grants the wearer the knowledge and understanding of the Sindar.",# The Cloak of Thingol#J0# (コメント)#J0##J0# wp.262 p.334#J0#(都々目)#J0#＊シルマリルの物語より#J0#
46,灰色マント王シンゴルの,of Thingol,35,1,3,100,10,90,10,45000,0,12,1,0,0d0,0,0,18,0,DEX|CHR|HIDE_TYPE|XTRA_POWER|FREE_ACT|RES_ACID|RES_FIRE|RES_COLD|ACTIVATE,,半透明で真珠のような灰色のクロークで、魔力を秘めた輝くエルフのルーン文字が水面に映った月のごとく、静かにそしてはっきりと浮かび上がっている。,"A sable-hued cloak, with glowing elven-runes to restore magic showing calm and clear as moonlight on still water.",# The Cloak of Thorongil#J0# (コメント)#J0##J0# wp.260#J0#(都々目)#J0#＊指輪物語追補編より#J0#
47,大将ソロンギルの,of Thorongil,35,1,0,100,5,20,10,13000,0,11,1,0,0d0,0,0,10,0,FREE_ACT|RES_ACID|SEE_INVIS,,この緑と茶色の輝くクロークはかつてゴンドールの頭であり、海に陸に武勇を馳せていた鋭い目の若きアラゴルンが身に付けていたものだ。,"A cloak of shimmering green and brown that grants sight beyond sight and shakes off holding magics, worn by Aragorn son of Arathorn in his youth as he adventured under the name of Thorongil.",# The Cloak 'Colannon'#J0# ???
48,『コランノン』,'Colannon',35,1,3,100,3,10,10,15000,0,10,1,0,0d0,0,0,15,0,STEALTH|RES_ACID|ACTIVATE,,秩序の勢力の静かなる使者が着ていた、紺碧の絹のマントだ。,"A crystal-blue cape of fine silk worn by a silent messenger of the forces of Law. Somehow, its wearer is always able to escape trouble.","# The Shadow Cloak of Luthien#J0# p.369, wp.246"
49,ルシエン王女の,of Luthien,35,6,2,100,40,40,5,80000,0,10,6,0,0d0,0,0,20,0,INT|WIS|CHR|HIDE_TYPE|SPEED|STEALTH|RES_ACID|RES_FIRE|RES_COLD|ACTIVATE|RES_DARK|RES_LITE|XTRA_H_RES,,自ら永遠の寿命を手放し、死を逃れえぬ者達の内では最も美しい者となったルシエン王女のクロークは、たなびく漆黒の闇を無数の小さなダイアモンドが飾っている。身に付ける者は王女の知識と力が自らの内に蘇ってくるのを感じる。,"The opaque midnight folds, inset with a multitude of tiny diamonds, of this cloak swirl around you and you feel a hint, a fragment of the knowledge and power to restore that lay in Luthien, the most beautiful being that ever knew death.",# The Shadow Cloak of Tuor#J0# p.342
50,トゥオルの,of Tuor,35,6,4,100,40,40,5,50000,0,11,6,0,0d0,0,0,12,0,STEALTH|FREE_ACT|IM_ACID|SEE_INVIS|RES_DARK|RES_LITE|XTRA_H_RES,,海統べるウルモより授かりし王者の衣に身を包み、トゥオルはゴンドーリンの廃墟より幾千の敵の目をかいくぐり秘されたる路にて逃げおおせたり。,"From the ruin of Gondolin did Tuor escape, through secret ways and travail, shielded by his cloak from a multitude of hostile eyes.",# Artifact 51 is unused# The Set of Leather Gloves 'Cambeleg'#J0# ???
52,『カンベレグ』,'Cambeleg',31,1,2,100,10,6,5,36000,0,11,1,0,0d0,8,8,15,0,STR|CON|HIDE_TYPE|FREE_ACT|SHOW_MODS,,「剛き掌」を意味する名を持つ、この英雄の手甲は、戦いにおける偉大なる武勇をもたらす。,A hero's handgear that lends great prowess in battle.,"# The Set of Leather Gloves 'Cammithrim'#J0# ???, Ko"
53,『カンミスリム』,'Cammithrim',31,1,0,100,10,3,5,30000,0,10,1,0,0d0,0,0,10,0,FREE_ACT|RES_LITE|SUST_CON|LITE|ACTIVATE,,この篭手は使用者の道を照らすほど明るく輝き、非常に短い周期で魔法の矢を放つことができる。,These gloves glow so brightly as to light the way for their owner and cast magical bolts with great frequency.,"# The Set of Gauntlets 'Paurhach'#J0# ???, Ko"
54,『パウアハッハ』,'Paurhach',31,2,0,100,10,20,25,15000,0,10,2,0,1d1,0,0,15,0,RES_FIRE|ACTIVATE,,シンダール語で「跳ねる炎の拳」の名を持つこの篭手は炎に包まれており、身に付ける者は火の球を撃ち出すことも出来る。,A firey set of gauntlets that can even shoot fire from the user's hands. ,# The Set of Gauntlets 'Paurnimmen' -> of Corwin#JZ#
55,アヴァロンの主コーウィンの,of Corwin,31,2,4,100,10,40,25,43000,0,11,2,0,1d1,0,0,15,0,SUST_CON|CON|REGEN|RES_COLD,,並外れた強靭さを持つアンバーの王子コーウィンのガントレットだ。,,"# The Set of Gauntlets 'Pauraegen'#J0# ???, Ko"
56,『パウラエゲン』,'Pauraegen',31,2,0,100,10,20,25,11000,0,10,2,0,1d1,0,0,15,0,RES_ELEC|ACTIVATE,,シンダール語で「鋭き拳」を意味する名を持つこの籠手は常に火花を散らしていて、電撃の矢を放つことができる。,"A set of handgear with sparks surrounding it, able to fire bolts of electricity.","# The Set of Gauntlets 'Paurnen'#J0# ???, Ko"
57,『パウアネン』,'Paurnen',31,2,0,100,10,20,25,12000,0,10,2,0,1d1,0,0,15,0,RES_ACID|ACTIVATE,,シンダール語で「水の拳」を意味する名を持つこの籠手は常に酸でてかっていて、酸の矢を放つことができる。,A set of handgear so corrosive that it may fire bolts of acid.,# The Set of Gauntlets 'Camlost' -> of Thanos#JZ# ??? カプコン マーヴェルスーパーヒーローズに出てる奴？
58,サノスの,of Thanos,31,2,2,100,10,20,25,0,0,11,2,0,1d1,-11,-12,0,0,STR|DEX|HIDE_TYPE|RES_DISEN|RES_NEXUS|IM_FIRE|HOLD_LIFE|RES_NETHER|RES_CONF|RES_CHAOS|RES_POIS|IM_COLD|AGGRAVATE|CURSED|SHOW_MODS|HEAVY_CURSE|TY_CURSE|TELEPORT|RANDOM_CURSE1,,,,# The Set of Cesti of Fingolfin#J0# (コメント)#J0##J0# p.354#J0#(都々目)#J0#＊シルマリルの物語より。#J0#
59,上級王フィンゴルフィンの,of Fingolfin,31,5,4,100,40,15,40,110000,0,13,5,0,1d1,10,10,20,0,DEX|HIDE_TYPE|FREE_ACT|RES_ACID|ACTIVATE|SHOW_MODS|XTRA_POWER,,フェアノール亡き後中つ国のノルドールを率いて冥王と戦った上級王フィンゴルフィンの篭手だ。彼はただ一人でモルゴスに戦いを挑み、その体に永遠に痛み続ける八つの傷を刻みつけた。,"The hand-sheathing of Fingolfin, warrior-king of Elves and Men, who gave Morgoth seven mighty wounds and pain that will last forever.",# The Pair of Hard Leather Boots of Feanor#J0# (コメント)#J0##J0# p.356#J0#(都々目)#J0# フェアノール王子の → フェアノール王の#J0#＊『王子』と言うなら『王』と言うほうが適当でしょう。流謫のノルドールの指揮#J0#を取ったのですから。#J0#
60,フェアノール王の,of Feanor,30,3,15,100,40,120,40,300000,0,13,3,0,1d1,0,0,20,0,SPEED|RES_NEXUS|ACTIVATE,,この素晴らしい皮靴は、シルマリルの生みの親であり、かつて最強のエルダールであったフェアノールの韋駄天の靴で、モルゴスに隷属させられた中つ国を奪い返す彼の英雄的挑戦の助けとなった。,"This wondrous pair of leather boots once sped Feanor, creator of the Simarils and the mightiest of the Eldar, along the Grinding Ice and to Middle Earth at last. ",# The Pair of Soft Leather Boots 'Dal-i-thalion' -> of Flora#JZ#
61,アンバーの王女フローラの,of Flora,30,2,5,100,10,25,20,70000,0,9,2,0,1d1,0,0,15,0,DEX|HIDE_TYPE|CHR|SUST_CHR|ACTIVATE|FREE_ACT|RES_NETHER|RES_CHAOS|SUST_CON,,フローラはほとんどの時間アンバーの宮殿を離れていて、影の世界で新しいボーイフレンドを見つけては楽しんでいる。彼女のブーツには身に付けた者を魅力的に見せる魔法がかかっている。,,# The Pair of Metal Shod Boots of Thror#J0# (コメント)#J0##J0# wp.261#J0#(都々目)#J0# スロール王子の → スロール王の#J0#＊スロールはドゥリン家を継承しています。ですからこれも『王』とするべきでしょ#J0#う。#J0#
62,スロール王の,of Thror,30,6,3,100,30,25,80,85000,0,9,6,0,1d1,0,0,20,0,STR|CON|HIDE_TYPE|SPEED|XTRA_H_RES,,スマウグの襲来により流浪の身となったダイン一世の世継ぎ、ドワーフ王スロールの鉄と皮で出来た靴で、持ち主の頑強さを受け継いでいる。,"Sturdy footwear of leather and steel as enduring as the long-suffering Dwarven King-in-exile who wore them.  Of dwarven make, the wearer of these boots will be completely at home in the mountains.",# The Pair of Soft Leather Boots of Shiva's Avatar# Default reward for The Cloning Pits
63,シヴァの化身の,of Shiva's Avatar,30,2,4,100,30,20,20,100000,0,10,4,0,1d1,5,5,16,0,SPEED|DEX|SUST_DEX|RES_NEXUS|FREE_ACT|LEVITATION,,,,# The Main Gauche of Maedhros#J0# (コメント)#J0##J0##J0# (都々目)#J0#＊シルマリルの物語より。#J0#
64,丈高きマエズロスの,of Maedhros,23,5,3,100,15,30,30,62500,0,0,0,0,2d5,12,15,0,0,INT|DEX|HIDE_TYPE|SPEED|XTRA_RES_OR_POWER|SLAY_TROLL|SLAY_GIANT|FREE_ACT|SEE_INVIS|SHOW_MODS|ESP_ORC|ESP_TROLL|ESP_GIANT,,先が尖った短剣で、フェアノールの長子である丈高きマエズロスが使っていたものだ。彼はサンゴロドリムから救出された際に右手を失ったが、後に左手で以前より巧みに剣を操ったという。,"A short thrusting blade with a large guard worn by Maedhros the Tall, eldest son of Feanor, and wielded with his left hand after the loss of his right hand in the pits of Thangorodrim.",# The Dagger 'Angrist' -> of Caine#JZ#
65,陰謀家ケインの,of Caine,23,4,4,100,20,80,12,125000,0,0,0,0,2d4,10,15,5,0,DEX|HIDE_TYPE|STEALTH|SEARCH|SLAY_HUMAN|SLAY_EVIL|SLAY_TROLL|SLAY_ORC|BRAND_POIS|FREE_ACT|RES_DARK|SUST_DEX|SEE_INVIS|SHOW_MODS|THROW,,アンバーの艦隊を指揮するケインのダガーだ。,,# The Dagger 'Narthanc'#J0# ???
66,『ナルサンク』,'Narthanc',23,4,0,100,4,10,12,12000,0,0,0,0,1d4,4,6,0,0,BRAND_FIRE|RES_FIRE|ACTIVATE|SHOW_MODS|LITE|THROW|XTRA_H_RES,,「焔の牙」を意味する名を持つこの燃え盛る短剣は、その刃から焔の矢を迸らせる力をもつ。,A fiery dagger finely balanced for deadly throws.,# The Dagger 'Nimthanc'#J0# ???
67,『ニムサンク』,'Nimthanc',23,4,0,100,3,10,12,11000,0,0,0,0,1d4,4,6,0,0,BRAND_COLD|RES_COLD|ACTIVATE|SHOW_MODS|THROW|XTRA_H_RES,,「白き牙」を意味する名を持つこの短剣は必殺の冷気をもって敵を凍てつかせ、刃からは氷の矢を迸らせる力をもつ。,A frosty dagger finely balanced for deadly throws.,# The Dagger 'Dethanc'#J0# ???
68,『デサンク』,'Dethanc',23,4,0,100,5,10,12,13000,0,0,0,0,1d4,4,6,0,0,BRAND_ELEC|RES_ELEC|ACTIVATE|SHOW_MODS|THROW|XTRA_H_RES,,「黒の牙」を意味する名を持つ、この短剣は雷光に覆われ、その刃から雷の矢を迸らせる力をもつ。,A dagger covered in sparks and finely balanced for deadly throws.,# The Dagger of Rilia#J0# ???
69,リリアの,of Rilia,23,4,0,100,5,40,12,35000,0,0,0,0,2d4,4,3,0,0,SLAY_ORC|RES_POIS|RES_DISEN|ACTIVATE|SHOW_MODS|BRAND_POIS|THROW,,シンダール語で「地獄の輝き」を意味する名を持つ大型のダガーで、毒で輝いているが装備するものは何故か毒の影響を受けない。,"A large stiletto dagger that glistens with odorless poison, to which the wearer seems oddly immune.",# The Dagger 'Belangil' -> of Fiona#JZ#
70,女魔術師フィオナの,of Fiona,23,4,2,100,10,40,12,50000,0,0,0,0,2d4,6,9,0,0,DEX|HIDE_TYPE|SPEED|BLOWS|BRAND_COLD|RES_COLD|SEE_INVIS|SLOW_DIGEST|REGEN|ACTIVATE|SHOW_MODS|BRAND_POIS|THROW,,小悪魔的魅力をふりまくフィオナは、見かけによらず策略と魔法に長けている。,,# The Bastard Sword 'Calris'#J0# ???
71,『カルリス』,'Calris',23,21,5,100,30,15,140,100000,0,0,0,0,5d4,20,20,0,0,CON|HIDE_TYPE|KILL_DRAGON|SLAY_EVIL|SLAY_DEMON|SLAY_TROLL|RES_DISEN|SLAY_HUMAN|AGGRAVATE|CURSED|HEAVY_CURSE|SHOW_MODS,,装飾された柄に力のルーン文字が刻まれ、刀身の血通しは冷たい青色に輝いている。白炎のバルログ『ルンゴルシン』の剣であり、ドラゴンを容易く葬るほどの剣だ。,"This sword has runes of power incused on its ornate hint, and a single blood channel that gleams coldly blue as you grasp this mighty weapon of peril.",# The Broad Sword 'Arunruth' -> 'Grayswandir'#JZ# アンバーシリーズ前半で主人公コーウィンの持っている銀のサーベル#JZ# 月の光で鍛えられた。
72,『グレイスワンダー』,'Grayswandir',23,11,4,100,20,45,50,125000,0,0,0,0,2d7,20,12,0,0,STR|DEX|CON|SUST_CON|SUST_STR|REGEN|FREE_ACT|SEE_INVIS|RES_CHAOS|RES_NETHER|HOLD_LIFE|RES_FEAR|RES_COLD|BRAND_COLD|SLAY_DEMON|SLAY_EVIL|SLAY_DRAGON|SLAY_UNDEAD|SLOW_DIGEST|SHOW_MODS|HIDE_TYPE|BLESSED|RIDING,,アンバーの王子コーウィンが使っていた、月の光により鍛えられた銀のサーベル。持ち主と同じく黒と銀のコントラストを見せる。「グレイスワンダーには<パターン>の一部が複製されてると思ってたんだけど。」「それは多分、逆だな。」（ロジャー・ゼラズニイ、アンバー１０「混沌の王子」）,,# The Broad Sword 'Glamdring'#J0# (コメント)#J0##J0##J0# (都々目)#J0#『なぐり丸』 → 『グラムドリング』#J0#＊『なぐり丸』はオークたちが読んでいた名で、決して正式な名ではありません。#J0#ホビットの冒険でも指輪物語でもずっと『グラムドリング』と表記されているので、#J0#こうすべきです。#J0##J0#N:73:『なぐり丸』
73,『グラムドリング』,'Glamdring',23,16,1,100,20,20,150,40000,0,0,0,0,2d5,10,15,0,0,SEARCH|SLAY_EVIL|BRAND_FIRE|KILL_ORC|RES_FIRE|RES_LITE|LITE|SLOW_DIGEST|SHOW_MODS|RIDING|XTRA_RES_OR_POWER|ESP_ORC|ESP_TROLL|ESP_GIANT,,この燃えるように輝く剣は『オルクリスト』と対を成し、隠れ王国ゴンドーリンに敢えて侵入し殺されたオークたちから「なぐり丸」という仇名を授かった。トロルの巣でビルボたちにより発見され、それ以降ガンダルフの物となる。,"This fiery, shining blade earned its sobriquet ""Foe-Hammer"" from dying orcs who dared to come near hidden Gondolin.",# The Broad Sword 'Aeglin' -> 'Nothung'#JZ# ワーグナー:ジーグフリードが龍ファフナーを倒す剣
74,『ノートゥング』,'Nothung',23,16,4,100,20,90,150,95000,0,0,0,0,2d5,12,16,0,0,SEARCH|BRAND_ELEC|SLAY_ORC|KILL_DRAGON|RES_FEAR|RES_ELEC|LITE|RES_FIRE|RES_POIS|SLOW_DIGEST|SHOW_MODS|RIDING,,"「ノートゥングさ、その名は。ヴォータンがとねりこの幹に突き立てた剣だ。それを引き抜くことのできた者だけが、わがものとしうるわけだ。」(リヒャルト・ワーグナー、高橋康也・高橋迪訳「ジーグフリード」,新書館)「見よ、これがジーグフリードの剣の切れ味だ！」そういって彼はミーメの鍛冶場の金床を真っ二つに叩き切った。その剣で彼は龍ファフナーを屠ったのだった。",,# The Broad Sword 'Orcrist'#J0# (コメント)#J0##J0# wp.218#J0# 日本語#J0##J0# >(しとしんのコメント)#J0# > あとは「かみつき丸」とかもそうですが、とにかく指輪関係の知識がないと#J0# > アーティファクト関係はカタカナの羅列で親しみがひじょうにわきにくい#J0# > という欠点があります。それで翻訳は japanese.doc で書いたように#J0# > 誰でも分かり易いというポリシーでしたので、少しでも親しみがわくよう#J0# > に日本語化や「王」などをいれたりとしてみました。でもどうも指輪#J0# > ファンには不評のようで(^_^;。どちらにも好評というのはむずかしいですね(^_^;#J0##J0# (小林さんのコメント)#J0# 「かみつき丸」の弱点は「カッコ良くない」ことなんですね．(;_;)#J0# # オーク語じゃしょうがないか．#J0# でも「つらぬき丸」はStingより「つらぬき丸」の方がいいでしょうね．#J0# 悩んで下され．(^_^)#J0##J0# (都々目)#J0#『かみつき丸』 → 『オルクリスト』#J0#＊これもグラムドリングと同じ理由です。オークごときの不粋な呼び名を当てはめ#J0#るなど飛んでもない！　a_info.txtは読ませて頂きましたが、これだけは譲れませ#J0#ん(笑)。#J0##J0#N:75:『かみつき丸』
75,『オルクリスト』,'Orcrist',23,16,3,100,20,20,150,40000,0,0,0,0,2d5,10,15,0,0,STEALTH|SLAY_EVIL|BRAND_COLD|KILL_ORC|RES_COLD|LITE|SLOW_DIGEST|SHOW_MODS|RIDING|XTRA_RES_OR_POWER|ESP_ORC|ESP_TROLL|ESP_GIANT,,この冷たく輝く剣は『グラムドリング』と対を成し、オークたちからは「かみつき丸」と呼ばれて非常に恐れられている。トロルの巣でビルボたちにより発見され、それ以降ドワーフの王トーリン・オーケンシールドの物となる。,"This coldly gleaming blade is called simply ""Biter"", by orcs who came to know its power all too well.",# The Two-Handed Sword 'Gurthang'#J0# (コメント)#J0##J0##J0# (都々目)#J0#＊シルマリルの物語ではこのように表記されています。#J0#
76,『グアサング』,'Gurthang',23,25,2,100,30,30,200,100000,0,0,0,0,3d6,13,17,0,0,STR|HIDE_TYPE|XTRA_RES_OR_POWER|KILL_DRAGON|SLAY_TROLL|FREE_ACT|SLOW_DIGEST|REGEN|SHOW_MODS,,偉大なる英雄トゥーリンの黒き大剣で、比類なき屠龍の剣だ。かつて龍の祖グラウルングの血に浴したこの刃に、いかなるワイアームが耐えることができよう。,"A giant sword once wielded by mighty Turin, and a great dragonbane which bathed in Glaurung's blood:  but beware, it will drink the blood of those who wield it eventually.",# The Two-Handed Sword 'Zarcuthra'#J0# ???
77,『ザルクスラ』,'Zarcuthra',23,25,4,100,30,180,250,205000,0,0,0,0,4d6,19,21,0,0,STR|CHR|INFRA|HIDE_TYPE|VORPAL|XTRA_RES_OR_POWER|SLAY_HUMAN|KILL_DRAGON|SLAY_ANIMAL|SLAY_EVIL|BRAND_FIRE|LITE|SLAY_UNDEAD|SLAY_DEMON|SLAY_TROLL|SLAY_GIANT|SLAY_ORC|RES_FIRE|RES_CONF|RES_CHAOS|FREE_ACT|SEE_INVIS|AGGRAVATE|SHOW_MODS,,恐怖の黒いルーン文字が鋼の刃身にくっきりと浮かび上がっている恐るべき剣。敵に近付くにつれ激しい殺戮のエネルギーを発する。,"Dark and deadly runes stand stark against the naked steel of this awesome weapon, and you feel a stunning power of slaying and rending as you slowly approach.",# The Two-Handed Sword 'Mormegil' -> Twilight#JZ# 炎の巨人スルトが世界に火を放った燃える剣
78,『神々の黄昏』,'Twilight',23,25,10,100,30,15,250,0,0,0,0,0,4d6,-40,-60,-50,0,SPEED|IM_FIRE|RES_FIRE|BRAND_FIRE|RES_DISEN|RES_FEAR|AGGRAVATE|CURSED|HEAVY_CURSE|SHOW_MODS|TY_CURSE|LITE|RANDOM_CURSE2,,北欧神話において炎の巨人スルトが世界に火を放った燃える剣だ。,,# The Cutlass 'Gondricam'#J0# ???
79,『ゴンドリカム』,'Gondricam',23,12,3,100,20,8,110,28000,0,0,0,0,1d7,10,11,0,0,DEX|STEALTH|HIDE_TYPE|RES_ACID|RES_ELEC|RES_FIRE|RES_COLD|LEVITATION|SEE_INVIS|REGEN|SHOW_MODS,,名高きレベンニンの海の守護者だ。陽光に輝く完璧な刃は、ウンバールの海賊達の憎悪の的であった。,"Famed sea-defender of Lebennin.  A short, slightly curved chopping blade with a perfect edge shining cleanly in the sun, an object of hate to the men of Umbar who met it in combat.",# The Executioner's Sword 'Crisdurian'#J0# ???
80,『クリスドゥリアン』,'Crisdurian',23,28,0,100,40,15,260,111000,0,0,0,0,4d5,18,19,0,0,SLAY_DRAGON|SLAY_EVIL|SLAY_UNDEAD|SLAY_TROLL|SLAY_GIANT|SLAY_HUMAN|SLAY_ORC|SEE_INVIS|SHOW_MODS|VORPAL|BRAND_POIS,,重厚な二又の柄から真っすぐ突き出た長い刀身を持つ巨人の武器だ。刀身には生ける者と不死の者の双方にとっての破滅の呪文が刻まれている。,"A giant's weapon, with a long blade tall and straight thrusting out from a massive double-pronged hint.  On its blade are written doomspells against both the living and undead.",# The Katana 'Aglarang'
81,『アグララング』,'Aglarang',23,20,2,100,50,25,50,150000,0,0,0,0,8d4,0,0,0,0,DEX|HIDE_TYPE|BLOWS|VORPAL|SUST_DEX|SHOW_MODS|SPEED,,シンダール語で「誉の鋼」を意味する美しい完全無欠の刀だ。その刃は岩や骨を苦もなく切り裂き、手にする者にしなやかで敏捷な動作を授ける魔法が込められている。それはまさに戦いの化身だ。,"An utterly perfect, cleanly chiseled sword, with a edge that effortlessly slices rock and bone and spells to render the wearer lithe and nimble. It is combat incarnate.",# The Long Sword 'Ringil'#J0# ???
82,『リンギル』,'Ringil',23,17,10,100,20,120,130,300000,0,0,0,0,4d5,22,25,0,0,SPEED|REGEN|ACTIVATE|SHOW_MODS|RIDING|SLAY_EVIL|BRAND_COLD|SLAY_UNDEAD|SLAY_DEMON|SLAY_TROLL|FREE_ACT|RES_COLD|RES_LITE|LITE|SEE_INVIS|SLOW_DIGEST|ESP_ORC|ESP_TROLL|ESP_GIANT,,ノルドールの上級王フィンゴルフィンの武器。氷の柱の如く輝いている。かつてモルゴスは期せずしてこの剣に対峙し深い傷を刻み込まれた。彼はこの剣の力を再び思い知ることになるだろう。,"The weapon of Fingolfin, High King of the Noldor; it shines like a column of ice lit by light unquenchable.  Morgoth came but unwillingly to meet it of old; his lame foot will remind him of its might should be meet it again.",# The Long Sword 'Anduril'#J0# wp.219#J0# 日本語#J0#N:83:『西の焔』#J0#N:83:『ナルシル』
83,『アンドゥリル』,'Anduril',23,17,4,100,20,40,130,80000,0,0,0,0,2d5,10,15,5,0,STR|HIDE_TYPE|RIDING|XTRA_RES_OR_POWER|SLAY_EVIL|BRAND_FIRE|SLAY_TROLL|SLAY_ORC|FREE_ACT|RES_FIRE|SUST_DEX|SEE_INVIS|ACTIVATE|SHOW_MODS|LITE,,名高き「西方の焔」であり、折れたる剣としても知られるこの剣は、エレンディルが倒れるのと供に折れたが、一つの指輪が発見された後鍛え直されアラゴルンのものとなった。焔の気により輝くこの剣は振るう者を強くし、サウロンのいかなる手下もその刃に耐えることはできない。,"The famed ""Flame of the West"", the sword that was broken and is forged again.  It glows with the essence of fire, its wearer is mighty in combat, and no creature of Sauron can withstand it.  It will never be stained or broken even in defeat.",# The Long Sword 'Anguirel' -> Werewindle#JZ# アンバー後半である人が使うらしい
84,『ワーウィンドル』,'Werewindle',23,17,2,100,20,40,130,120000,0,0,0,0,2d5,8,12,0,0,STR|CON|HIDE_TYPE|CHAOTIC|REGEN|SLOW_DIGEST|SLAY_EVIL|BRAND_ELEC|SLAY_DEMON|FREE_ACT|RES_ELEC|RES_LITE|LITE|SEE_INVIS|SHOW_MODS|ACTIVATE|SPEED|SUST_CON|SUST_STR|SUST_INT|SUST_WIS|RES_DARK|RES_DISEN|RES_FEAR|BLOWS,,夜の剣グレイスワンダーと対をなす昼の剣で、トランプの魔力が込められている。「それは黄金の素晴らしい打出し模様が施された、長い濃緑色の鞘だった。そこから突き出ている剣の柄は金メッキされているらしく、柄頭には素晴らしいエメラルドが取り付けられていた。僕は剣を手に取り半ばまで抜いてみた。…刀身には輝く模様が描かれていた。その模様は---そうだ、 <パターン>の一部だ。グレイスワンダーの模様は<パターン>の起点付近の一部分だったが、これは終点の部分だ。」（R.ゼラズニイ、真世界アンバー９「影の騎士」）,,# The Long Sword 'Elvagil'-> 'Chainsword'#JZ# ジェイソンですね
85,『チェンソー』,'Chainsword',23,16,-2,100,50,50,130,66666,0,0,0,0,11d5,-30,15,0,0,DEX|CHR|STEALTH|HIDE_TYPE|SPEED|AGGRAVATE|VORPAL|SLAY_HUMAN|SLAY_TROLL|SLAY_ORC|SEE_INVIS|SHOW_MODS|ESP_ORC|ESP_TROLL|ESP_HUMAN,,持った者を殺戮マシーンに変える呪われた剣だ。そのおぞましい刃先の一つ一つには多元宇宙の全ての定命の者が不滅の創造主に対して抱いた億兆の憎悪が宿り、驕り高ぶる神々の形而上的実体すらも滅ぼす力が宿っている。,,# The Rapier 'Forasgil'#J0# ???
86,『フォラスギル』,'Forasgil',23,7,0,100,15,8,40,15000,0,0,0,0,1d6,12,19,0,0,SLAY_ANIMAL|BRAND_COLD|RES_COLD|RES_LITE|LITE|SHOW_MODS,,細身で先が細い剣であり、使用者は恐るべき正確さで凍てつく攻撃を繰り出す。,"A slender, tapered blade whose wielder strikes icy blows with deadly accuracy.",# The Sabre 'Careth Asdriag'#J0# ???
87,『カレス・アスドリアグ』,'Careth Asdriag',23,11,1,100,15,8,50,25000,0,0,0,0,1d7,6,8,0,0,BLOWS|SLAY_DRAGON|SLAY_ANIMAL|SLAY_TROLL|SLAY_GIANT|SLAY_HUMAN|SLAY_ORC|SHOW_MODS|RIDING,,遥か東の国リュンの豪胆な王の一族に伝わる家宝で、その名はあらゆる生き物にとって絶望を意味する。,"An heirloom of the Lords of Rhun far to the east, and a name of dismay to creatures natural and unnatural.",# The Small Sword 'Sting'#J0# 日本語
88,『つらぬき丸』,'Sting',23,8,2,100,20,15,75,100000,0,0,0,0,1d6,7,8,0,0,STR|DEX|CON|BLOWS|SLAY_EVIL|SLAY_UNDEAD|SLAY_ORC|FREE_ACT|RES_LITE|LITE|SEE_INVIS|SHOW_MODS|XTRA_H_RES|QUESTITEM|ESP_ORC|ESP_TROLL|ESP_GIANT,,「おまえに名まえをつけてやろう！よし，つらぬき丸とよぼう。」ビルボにとって丁度良い大きさだったこの短剣には、彼が闇の森で勝ちとった勇気が永遠に刻み込まれている。この丈夫で小さな剣は使用者の内なる勇気と試練を切りぬける力を呼び覚ます。,"""I will give you a name, and I shall call you Sting.""  The perfect size for Bilbo, and stamped forever by the courage he found in Mirkwood, this sturdy little blade grants the wearer combat prowess and survival abilities they did not know they had.",# The Scimitar 'Haradekket' -> Soulsword#JZ# ???
89,『ソウルソード』,'Soulsword',23,18,2,100,20,20,130,111111,0,0,0,0,2d5,9,11,0,0,INT|WIS|BLOWS|SEE_INVIS|BLESSED|SLAY_ANIMAL|SLAY_EVIL|SLAY_UNDEAD|SLAY_DRAGON|SLAY_DEMON|RES_CHAOS|RES_DISEN|RES_NEXUS|RES_NETHER|HOLD_LIFE|SHOW_MODS|XTRA_RES_OR_POWER,,,,# The Short Sword Gilettar -> of Merlin#JZ#アンバーシリーズ後半の主人公。
90,混沌の王子マーリンの,of Merlin,23,10,2,100,20,8,80,35000,0,0,0,0,1d7,3,7,0,0,BLOWS|SLAY_ANIMAL|SLOW_DIGEST|REGEN|SHOW_MODS|SEE_INVIS|RES_DISEN,,地球暮らしの長いマーリンは現代っ子らしく重く長い剣を持ち歩くのが嫌いで、必要な時カオスの力で剣を異世界から取り寄せる。この剣もそうした物の一つだ。（R.ゼラズニイ、真世界アンバーシリーズ 6-10 巻）,,"# The Blade of Chaos 'Doomcaller'# Was (-5) CON | HIDE_TYPE, +0 armor#J0# 日本語化, Ko#J0#N:91:『悪運招致者』"
91,『災いを招く者』,'Doomcaller',23,30,0,100,70,25,180,250000,0,0,0,0,6d5,18,28,-50,0,KILL_DRAGON|SLAY_ANIMAL|SLAY_EVIL|BRAND_COLD|SLAY_TROLL|SLAY_ORC|FREE_ACT|RES_ACID|RES_ELEC|RES_FIRE|RES_COLD|RES_CONF|RES_CHAOS|SEE_INVIS|TELEPATHY|AGGRAVATE|SHOW_MODS|SLAY_HUMAN|CHAOTIC|VORPAL|BRAND_FIRE|BRAND_POIS|LITE,,血に飢えた戦闘狂により鍛えられたこの怒りの剣は敵の肉体に貪欲に食い込む。,"This weapon of wrath, cursed with a violent anger, dives hungrily into the flesh of its enemies. It gathers shadows of death into its owner as they inflict wounds that will never heal.",# The Long Sword 'Vorpal Blade'#JZ#ジャバーウォッキーの日本語訳では『けしにぐの剣』/『まきれもなぎな剣』#JZ#しかしそれじゃ分からないので英語のままに
92,『ヴォーパルブレード』,'Vorpal Blade',23,17,2,100,50,240,150,250000,0,0,0,0,5d5,32,32,0,0,VORPAL|SLAY_EVIL|HIDE_TYPE|FREE_ACT|LITE|SEE_INVIS|SLOW_DIGEST|REGEN|SPEED|STR|DEX,,「まきれもなぎな剣の切れ味まぎれなし！」（L.キャロル、柳瀬尚紀訳 ジャバウォッキー）,"""One, two! One, two!  And through, and through, the vorpal blade went snicker-snack!""",# The Beaked Axe of Theoden#J0# (コメント)#J0##J0# wp.261#J0#(都々目)#J0#＊追補編より。#J0#
93,更正せるセオデン王の,of Theoden,22,10,3,100,20,30,120,40000,0,0,0,0,2d6,8,10,0,0,WIS|CON|HIDE_TYPE|BLESSED|SLAY_DRAGON|TELEPATHY|SLOW_DIGEST|ACTIVATE|SHOW_MODS,,戦いを決意した黄金館の王セオデンが手にとったこの鋭い斧は、スマウグの硬い鱗でさえ貫き通し敵の精神を無防備に晒け出させる。,"The narrow axe head of this weapon, finely balanced by a crow's beak, would pierce even the armour of Smaug, and its wielder becomes aware of the minds of their enemies.","# The Glaive of Pain#J0# 日本語化, Ko"
94,苦痛の,of Pain,22,13,0,100,30,25,190,50000,0,0,0,0,9d6,0,30,0,0,SHOW_MODS|RIDING,,このグレイブに付けられた巨大な切り裂き刃は血の赤と黒色の輝きを放つ。この死の用心棒を振り降ろす時、内に宿る禍々しい破壊の魔力が渦巻いて踊る。,The massive chopper that crowns this glaive glows blood-red and black; fell spells of annihilation swirl and dance as you swing death's myrmidon down.,# The Halberd 'Osondir'#J0# ???
95,『オソンディア』,'Osondir',22,15,3,100,20,8,190,22000,0,0,0,0,3d5,6,9,0,0,CHR|HIDE_TYPE|BRAND_FIRE|SLAY_UNDEAD|SLAY_GIANT|RES_FIRE|RES_SOUND|LEVITATION|SEE_INVIS|SHOW_MODS|LITE,,巨人の怒りに立ち向かうようにオソンディアは堂々として高く、構えるハルベルトはルビー色に輝き、塚山の中でも視力を妨げない。,"Lordly and tall did Osondir stand against the wrath of giants, and clear-eyed in barrows fell, wielding a halberd glowing ruby red.",# The Pike 'Til-i-arc'#J0# ???
96,『ティル=イ=アルク』,'Til-i-arc',22,8,2,100,20,15,160,32000,0,0,0,0,2d5,10,12,10,0,INT|HIDE_TYPE|BRAND_COLD|BRAND_FIRE|SLAY_DEMON|SLAY_TROLL|SLAY_GIANT|RES_FIRE|RES_COLD|SUST_INT|SLOW_DIGEST|SHOW_MODS|LITE,,この両手持ちの長槍の中には氷の巨人と炎の悪魔の二つの魂が魔法により封印されていて永遠に争っている。,"Within this long thrusting spear lie the spirits of frost giants and fire demons, who war forever, trapped by magely spells.  ",# The Spear 'Aeglos' -> Runespear (of Odin)#JZ#オーディンの槍。ちゃんと名前があります。
97,『グングニル』,'Runespear',22,7,4,100,15,50,100,180000,0,0,0,0,3d9,15,25,5,0,INT|WIS|HIDE_TYPE|BRAND_FIRE|BRAND_ELEC|SLAY_TROLL|SLAY_ORC|SLAY_GIANT|FREE_ACT|RES_FIRE|RES_ELEC|RES_LITE|SLOW_DIGEST|ACTIVATE|BLESSED|SHOW_MODS|LITE|RIDING,,主神オーディンが世界樹の枝から作り上げた槍で、魔力を込めたルーン文字が刻まれている。（北欧神話）,,# The Spear of Orome -> Destiny#JZ#直接のもとねたはワーグナーのオペラ「パルジファル」#JZ#そのモチーフとなったのはアーサー王伝説。#JZ#ケルト神話の光の槍と、キリストを刺したロンギヌスの槍が#JZ#同一視されて「聖槍」となった。またキリストの血を受けた杯が#JZ#聖杯(Holy Grail)。この「運命の槍」を手にした者は世界を#JZ#支配するといわれ、ヒトラーが必死で探したのは有名な話。#JZ#ここではエヴァンなんとかで有名になった名前を使った。
98,『ロンギヌス』,of Destiny,22,7,4,100,15,40,100,80000,0,0,0,0,2d9,15,15,0,0,INT|WIS|INFRA|HIDE_TYPE|SEARCH|BRAND_FIRE|SLAY_GIANT|SLAY_EVIL|SLAY_DEMON|SLAY_UNDEAD|SLAY_DRAGON|RES_FIRE|RES_LITE|HOLD_LIFE|RES_FEAR|LEVITATION|LITE|SEE_INVIS|ACTIVATE|BLESSED|SHOW_MODS|RIDING,,聖剣伝説において聖槍として知られているこの槍を持つ者は世界を支配すると言われている。（ワーグナー、「パルジファル」他）,,# The Spear 'Nimloth' -> Hagen#JZ# ワーグナー
99,ハーゲンの,of Hagen,22,2,3,100,15,12,50,30000,0,0,0,0,1d6,11,13,0,0,STEALTH|RES_DARK|INFRA|SPEED|RIDING|BRAND_COLD|SLAY_UNDEAD|RES_COLD|SEE_INVIS|SHOW_MODS|THROW,,"ハーゲンが進み出た。「わたしの槍をどうぞ。この穂先が誓いの証人となりましょう。」ジーグフリードとハーゲンを囲んで家来たちは輪を作った。ハーゲンが槍をかまえると、ジーグフリードはその穂先に右手の指を二本のせて、「輝く槍よ！聖なる武器よ！とこしえの誓いに力を貸したまえ！きらめく切っ先にかけて誓う。もしぼくが真実を偽るなら、もしぼくが死に値するなら、槍よ、おまえがこの心臓に一撃を与えてくれ。…」(リヒャルト・ワーグナー、高橋康也・高橋迪訳「神々の黄昏」,新書館)",,# The Lance of Eorlingas
100,エオル家の,of Eorlingas,22,20,3,100,20,33,360,100000,0,0,0,0,3d8,3,21,0,0,STR|DEX|CHR|HIDE_TYPE|FREE_ACT|SLAY_TROLL|SLAY_ORC|SEE_INVIS|SHOW_MODS|RIDING,,「進め、エオルの子らよ！」包囲されたゴンドールを救うため、青年王エオルはコルマルレンの荒野へと到来し、彼のランスは獰猛なるトロルと魔狼たちを敗走させた。,"""Forth Eorlingas!"". To the field of Cormallen came Eorl the Young to save beleaguered Gondor, and from his lance fled massive trolls and dire wolves.",# The Great Axe of Durin#J0# p.342 wp.258
101,不死ドゥリンの,of Durin,22,25,3,100,30,90,230,150000,0,0,0,0,4d4,10,20,15,0,CON|HIDE_TYPE|KILL_DRAGON|SLAY_DEMON|SLAY_TROLL|SLAY_ORC|FREE_ACT|RES_ACID|RES_FIRE|RES_LITE|RES_DARK|RES_CHAOS|SHOW_MODS,,太古の悪魔達が恐れたこの大振りな両刃の斧頭はミスリルの細工により輝いている。その永き忍耐の歴史を物語る輝きはカザド=ドゥムの力を呼び覚まし、持つ者を護り地下に潜む邪悪な者共を打ち倒す。,"The twin massive axe heads of this ancient demon's dread gleam with mithril inlay, which tell sagas of endurance, invoking the powers of Khazad-dum to protect the wearer and slay all evils found underground.","# The Great Axe of Eonwe#J0# p.312, Ko"
102,旗手エオンウェの,of Eonwe,22,25,2,100,30,120,230,200000,0,0,0,0,4d4,15,18,8,0,STR|INT|WIS|DEX|CON|CHR|HIDE_TYPE|SLAY_EVIL|BRAND_COLD|SLAY_UNDEAD|SLAY_ORC|FREE_ACT|IM_COLD|SEE_INVIS|ACTIVATE|BLESSED|SHOW_MODS,,西方の地から中つ国に渡り、サンゴロドリムの門に集結した軍勢を率いるマイア、旗手エオンウェの斧だ。この武器は氷の如き気勢でアンデッドを打ち倒し、ただ一言の言葉で邪悪な軍勢を追い散らすことが出来る。そして心身両面に於いて持つ者にマイアの如き力を授ける。,"The axe of Eonwe, leader of the Hosts of the West before the gates of Thangorodrim, strikes with icy wrath at the undead, disperses hosts of evil at a word, and grants Maia-like powers of body and mind.",# The Battle Axe of Balli Stonehand#J0# ???
103,石の手バリの,of Balli Stonehand,22,22,3,100,30,15,170,90000,0,0,0,0,3d8,8,11,5,0,STR|CON|STEALTH|HIDE_TYPE|SLAY_DEMON|SLAY_TROLL|SLAY_ORC|FREE_ACT|RES_ACID|RES_ELEC|RES_FIRE|RES_COLD|RES_BLIND|LEVITATION|SEE_INVIS|REGEN|SHOW_MODS,,古のベレゴストの伝説のドワーフ鍛冶、石の手バリが鍛えた両刃の斧だ。その強力な霊力は今も全く衰えておらず、再び手にする者に頑強さと様々な攻撃への防御を与えてくれるだろう。,"The twin blades of this weapon were forged in Belegost, and powerful forces to resist and endure lie ready for he who shall wield it once more.",# The Battle Axe 'Lotharang'#J0# ???
104,『ロサラング』,'Lotharang',22,22,1,100,30,15,170,21000,0,0,0,0,2d8,4,3,0,0,STR|DEX|HIDE_TYPE|SLAY_TROLL|SLAY_ORC|ACTIVATE|SHOW_MODS,,アルノールの野伏の頭領ケルサインが使っていた、素晴らしい作りの両刃の戦斧。,A superbly crafted double-bladed axe that slays the creatures of earth and allows rapid recovery from their blows.,# The Lochaber Axe 'Mundwine' -> of the Dwarves
105,ドワーフの,of the Dwarves,22,28,10,100,30,8,250,80000,0,0,0,0,3d8,12,17,0,0,SLAY_EVIL|TUNNEL|INFRA|SEARCH|SLAY_GIANT|RES_ACID|RES_ELEC|RES_FIRE|RES_COLD|RES_FEAR|SHOW_MODS,,剃刀のように鋭い2枚の刃を持つ重厚な斧で、その大きさ故構えるのにしばしば両手が必要になるが、元素の力を防ぎ邪悪を打ち倒す呪文が金で複雑に刻まれている。,"A massive axe with twin razor-sharp heads, so large that it usually requires two hands to wield, intricately engraved in gold with spells to ward off the elements and smite evil.","# The Broad Axe 'Barukkheled'#J0# (コメント)#J0##J0##J0#(小林)#J0# > >'Barukkheled'                   バルックヘレド→バルクケレド#J0# こちらはクズドゥル語か暗黒語ですね．ひょっとしたら，「バルッケレド」#J0# かも知れない．こちらも今度調べておきます．#J0# ちなみにこれも物語中では見たことないです．""Kheled""というのはクズドゥ#J0# ル語で「湖」らしい．""Bar-""は「赤」だったかな…自信ないや．#J0##J0# これも，Baruk + Kheled だとしたら，クズドゥル語で「バルクヘレド」#J0# でしょうね．#J0##J0# 間違い．#J0# Khuzdul語でのKhの発音は「ク」に近い音なので，#J0# 「バルクケレド」または「バルケレド」だと思います．#J0# でも「バルッケレド」の可能性は捨て切れません．#J0#"
106,『バルクケレド』,'Barukkheled',22,11,3,100,20,8,130,50000,0,0,0,0,2d6,13,19,0,0,CON|HIDE_TYPE|SLAY_EVIL|SLAY_TROLL|SLAY_GIANT|SLAY_ORC|SEE_INVIS|SHOW_MODS,,ドワーフの言葉で「鏡の斧」を意味するこの斧は、南方のドワーフの王家に伝わる家宝だ。地に潜む邪悪な生き物に強力な威力を発揮する。,"A royal heirloom of the southern coast, strong in combat against evil creatures of the earth.","# The Trident of Wrath#J0# 日本語, Ko"
107,憤怒の,of Wrath,22,26,2,100,35,12,300,90000,0,0,0,0,3d9,16,18,0,0,STR|DEX|HIDE_TYPE|CHAOTIC|SLAY_EVIL|SLAY_UNDEAD|RES_LITE|RES_DARK|SEE_INVIS|BLESSED|SHOW_MODS|RIDING,,三本の切先がある大振りな槍で、かつてこの槍を手に邪悪な者共や冥界の者共の軍勢を刺し貫いたオスセの霊力を宿している。,"A massive triple-pronged spear, so great it normally requires two hands to wield, evoking the spirit of Osse who with it pierced legions of evil and undead.",# The Trident of Ulmo#J0# (コメント)#J0##J0# p.309#J0#(都々目)#J0#海王ウルモの → 水の王ウルモの#J0#＊シルマリルの物語より。オロメはあらゆる水の流れの支配者です。海だけではあ#J0#りません。原作中もこのように表記されています。#J0#
108,水の王ウルモの,of Ulmo,22,5,4,100,30,90,70,120000,0,0,0,0,4d8,15,19,0,0,DEX|HIDE_TYPE|XTRA_POWER|SLAY_DRAGON|SLAY_ANIMAL|FREE_ACT|HOLD_LIFE|IM_ACID|RES_NETHER|SEE_INVIS|SLOW_DIGEST|REGEN|ACTIVATE|BLESSED|SHOW_MODS|RIDING,,水の王であるヴァラ、ウルモの恐ろしい武器。マンウェ自身を除けば善き勢力の内で最強であるウルモは、アンデッドの恐るべき力さえ嘲笑い、酸のエレメントの究極的支配力を持つ。,"The awesome weapon of the Vala Ulmo, Lord of Waters. Mightest of all the powers of good save Manwe himself, Ulmo laughs in scorn at the dread powers of the undead, and is utterly in command of the element of water.",# The Scythe 'Avavir'#J0# ???
109,『アヴァビア』,'Avavir',22,17,3,100,40,8,250,18000,0,0,0,0,5d3,8,8,10,0,DEX|CHR|HIDE_TYPE|BRAND_COLD|BRAND_FIRE|FREE_ACT|RES_FIRE|RES_COLD|RES_LITE|LITE|SEE_INVIS|ACTIVATE|SHOW_MODS,,内に秘めた激しいエレメントの力で白熱している大鎌で、ダンジョンを行き来する能力を持っている。,"With elemental powers whose struggles turn this weapon red and purest white, this shining reaper bears within it a power of going forth and returning.",# The Long Sword of the Dawn#JZ# M.ムアコックのエターナル・チャンピオンシリーズが出典#JZ# 訳は G.P.S. さん
110,『暁の剣』,of the Dawn,23,17,3,100,40,120,130,250000,0,0,0,0,3d5,20,20,0,0,ACTIVATE|LITE|BRAND_FIRE|FREE_ACT|RES_FIRE|INFRA|RIDING|SLAY_EVIL|SLAY_DRAGON|SLAY_UNDEAD|SLAY_DEMON|VORPAL|CHR|SUST_CHR|RES_FEAR|RES_LITE|RES_BLIND|REGEN|SHOW_MODS|XTRA_RES_OR_POWER,,ホークムーンの持つ黒の剣、『暁の剣』は薔薇色の光を放ち、異世界より『暁の軍団』を召集する力がある。,"Forged in the farthest East by a race of mighty spellcasters, this shiny pale sword gleams with the rays of rising sun as you invoke its power of commanding legions of powerful immortal warriors...","# The Mighty Hammer 'Grond'# Was 30 pounds (?), -10 to speed# The weight (100 pounds) of Grond yields about -4 to speed# Note that it takes 18/200 strength to wield Grond correctly#J0# Note that it takes 18/200 strength to wield Grond correctly"
111,『グロンド』,'Grond',21,50,0,100,100,1,1000,500000,0,0,0,0,9d9,5,25,10,0,KILL_DRAGON|SLAY_ANIMAL|SLAY_EVIL|IMPACT|SLAY_UNDEAD|NO_MAGIC|SLAY_DEMON|SLAY_TROLL|SLAY_ORC|RES_ACID|RES_ELEC|RES_FIRE|RES_COLD|SEE_INVIS|TELEPATHY|AGGRAVATE|SHOW_MODS|INSTA_ART|SLAY_HUMAN|RIDING|QUESTITEM,,あらゆる物を粉砕する暗黒魔法により黒く輝く冥界の大鉄杖で、これを手にする者はモルゴスの全ての手下の命もまた手中に収める。,"The mighty Hammer of the Underworld, blackened by doomspells of shattering, whose wielder holds the lives of all Morgoth's servants in his hand.",# The Flail 'Totila'
112,『トティラ』,'Totila',21,13,2,100,20,8,150,55000,0,0,0,0,3d6,6,8,0,0,STEALTH|SLAY_EVIL|BRAND_FIRE|RES_FIRE|RES_CONF|ACTIVATE|SHOW_MODS|LITE|RIDING,,このフレイルは先端を振り回すことで見るものを惑わせる。そして振り降ろせば炎の流星となって敵を打つ。,"A flail whose head befuddles those who stare as you whirl it around, and becomes a fiery comet as you bring it down. ",# The Two-Handed Flail 'Thunderfist'#J0# 日本語化
113,『稲妻の拳』,'Thunderfist',21,18,4,100,45,38,300,160000,0,0,0,0,3d6,5,18,0,0,STR|HIDE_TYPE|SLAY_ANIMAL|BRAND_FIRE|BRAND_ELEC|SLAY_TROLL|SLAY_ORC|RES_ELEC|RES_FIRE|RES_DARK|SHOW_MODS|LITE,,古のベレゴストで名を馳せたドワーフの英雄、クズーリンの武器で長く失われていたものだ。柄に力のルーン文字が刻まれ、重厚な先端部には炎と火花が轟々と音を立て渦巻いている。,"The long-lost weapon of Kzurin, Dwarven champion of ancient Belegost, with runes of strength in its handle, and flames and sparks that roar and crackle around its massive head.",# The Morning Star 'Bloodspike'#J0# 日本語化
114,『血流の刺』,'Bloodspike',21,12,4,100,20,30,150,50000,0,0,0,0,2d6,8,22,0,0,STR|HIDE_TYPE|SLAY_HUMAN|SLAY_ANIMAL|SLAY_TROLL|SLAY_ORC|RES_NEXUS|SEE_INVIS|SHOW_MODS,,鎖でつながれた刺付きの球を振り回す時強くしっかりとした足取りを感じ、鉄球は敵の血に浸かる。,You feel strong and firm of foot as you whip the chain-suspended spiked orb around - and bathe it in the blood of your foes.,# The Morning Star 'Firestar'#J0# 日本語化
115,『焔の星』,'Firestar',21,12,0,100,20,15,150,35000,0,0,0,0,2d6,5,7,2,0,BRAND_FIRE|RES_FIRE|ACTIVATE|SHOW_MODS|LITE,,大きなルビーの球が鎖の先に付けられた、古の名高き戦鎚だ。その真紅の輝きは敵に振り下ろされれば、永き時を経た今でも燠火の如く再び怒りに燃え上がる。,"A famed battle-lord of old with a ruddy head, colored as embers are that can yet rise up in wrath.",# The Mace 'Taratol'
116,『タラトル』,'Taratol',21,5,0,100,20,15,200,50000,0,0,0,0,3d4,12,12,0,0,KILL_DRAGON|BRAND_ELEC|IM_ELEC|ACTIVATE|SHOW_MODS,,持つ者を激しい電光で包む大きな角鎚だ。強烈なスパークが指や眉の間で火花を散らせるが手にしている者は全く影響を受けない。,A great ridged mace that calls around you a nimbus of living lightning; you remain utterly untouched even as fat sparks arc around your fingers and eyebrows. ,"# The War Hammer of Aule#J0# p.304, Ko"
117,鍛冶の司アウレの,of Aule,21,8,4,100,40,75,120,250000,0,0,0,0,9d3,19,21,5,0,WIS|HIDE_TYPE|KILL_DRAGON|SLAY_EVIL|BRAND_ELEC|SLAY_UNDEAD|SLAY_DEMON|FREE_ACT|RES_ACID|RES_ELEC|RES_FIRE|RES_COLD|RES_NEXUS|SEE_INVIS|SHOW_MODS|XTRA_POWER|XTRA_H_RES,,自らの知恵を授けるため、イルヴァタールの意に背いて密かに七人のドワーフの父祖を誕生させたヴァラ、鍛冶の司アウレの素晴らしいハンマーだ。その魔力はあらゆる龍や悪魔を粉砕し、地水火風のエレメントの攻撃を退ける山々の力を喚起する。,"The wondrous hammer of Aule, creator of the wise Dwarven lords of old.  It bears magics of demolishing that no serpent or demon can withstand, and invokes the strength of mountains to ward off the tumult of the elements.",# The Quarterstaff 'Nar-i-vagil'#J0# ???
118,『ナル=イ=バギル』,'Nar-i-vagil',21,3,3,100,20,18,150,70000,0,0,0,0,1d9,10,20,0,0,INT|HIDE_TYPE|SLAY_ANIMAL|BRAND_FIRE|RES_FIRE|SHOW_MODS|LITE,,燃える星と名付けられ、守りと思慮の神秘的な力を封じた高価な宝石が付いている。,Named for a fiery star and set with gems of great worth binding mystic virtues of protection and thought.,# The Quarterstaff 'Eriril'#J0# ???
119,『エリリル』,'Eriril',21,3,4,100,20,18,150,20000,0,0,0,0,1d9,3,5,0,0,INT|WIS|HIDE_TYPE|SLAY_EVIL|RES_LITE|LITE|SEE_INVIS|ACTIVATE|SHOW_MODS,,「秀でし輝き」を意味する名を持つ、伝説のイスタリの黄金に輝くスタッフだ。この魔法使の友は、多くの隠された物事に対する、鋭い視点と鮮明な知識をもたらす。,"The radiant golden staff of an Istari of legend, this wizard's companion grants keen sight and the knowledge of many hidden things.",# The Quarterstaff of Olorin -> Gandalf#JZ#
120,賢者ガンダルフの,of Gandalf,21,21,4,100,30,50,40,140000,0,0,0,0,3d2,10,13,0,0,INT|WIS|CHR|HIDE_TYPE|SEARCH|BRAND_FIRE|FORCE_WEAPON|SLAY_EVIL|SLAY_TROLL|SLAY_ORC|LITE|DEC_MANA|XTRA_POWER|HOLD_LIFE|RES_FIRE|RES_NETHER|SEE_INVIS|ACTIVATE|SHOW_MODS|REGEN|SLOW_DIGEST|RES_CONF|RES_BLIND,,ガンダルフがかつて使っていた長く丈夫な杖。節くれ立った表面には地のエレメントの力を呼び起こす荒削りなルーン文字が刻まれ、影に生きる者はその打撃に耐えることは出来ない。,"The staff of the great wizard Gandalf.  It is tall and sturdy, with rough-hewn runes that invoke the element of Earth, and which strikes down all creatures who live in the shadow of mountains.",# The Mace of Disruption 'Deathwreaker'#J0# 日本語化
121,『死の復讐者』,'Deathwreaker',21,20,6,100,80,38,400,444444,0,0,0,0,7d8,18,18,0,0,STR|TUNNEL|HIDE_TYPE|NO_TELE|SLAY_HUMAN|SLAY_DRAGON|SLAY_ANIMAL|SLAY_EVIL|SLAY_UNDEAD|BRAND_FIRE|IM_FIRE|RES_DARK|RES_CONF|RES_CHAOS|RES_DISEN|AGGRAVATE|LITE|SHOW_MODS|BRAND_POIS|VAMPIRIC|RIDING,,定命の者の力を遥かに越えた重さを持つ武器だが、手にすれば巨人の力が湧き上がってくるのが感じられる。黒檀と鉄で作られたその柄を掴む時、焔が燃え立って秘められた魔法が息を吹き返し体を包み込む。その手に握られているのは「龍どもの畏怖」であり「亡者共の絶望」なのだ！,"A weapon so massive it seems beyond the strength of mortals, yet you feel the might of giants within you as you heft it.  As you grip the handle of ebony and steel, coronas of fire blaze and mighty spells to preserve magic activate around you.  You wield the Fear of Dragons and the Despair of the Undead!",# The Lucerne Hammer 'Turmil'#J0# ???
122,『トゥアミル』,'Turmil',22,12,4,100,20,15,120,30000,0,0,0,0,2d5,10,6,8,0,WIS|INFRA|HIDE_TYPE|BLESSED|BRAND_COLD|SLAY_ORC|RES_COLD|RES_LITE|LITE|REGEN|ACTIVATE|SHOW_MODS|XTRA_H_RES,,メネルタルマの高僧が使っていた大鎚で、月の光のように冷たく輝いている。その打撃は敵の肉体だけでなく精神をも打ち砕くことができる。,"Wielded by the High Priest of Meneltarma, this great mace gleams coldly as though moonlit, and it can strike as mighty a blow spiritually as physically.",# The Executioner's Sword 'Slayer'
123,『スレイヤー』,'Slayer',23,28,2,100,30,60,260,200000,0,0,0,0,4d5,15,15,0,0,BLOWS|VAMPIRIC|HOLD_LIFE|SLAY_UNDEAD|SLAY_EVIL|SLAY_HUMAN|REGEN|RES_FEAR|RES_BLIND|SLOW_DIGEST|SHOW_MODS,,数え切れないほどの首を落としてきたこの血に飢えた刃は敵の血と魂を吸って手にする者の体を癒す。,,# The Long Bow 'Belthronding'#J0# ???
124,『ベルスロンディング』,'Belthronding',19,13,3,100,40,20,40,60000,0,0,0,0,0d0,20,22,0,0,DEX|STEALTH|HIDE_TYPE|RES_DISEN|XTRA_SHOTS|SHOW_MODS,,偉大なるベレグ・クーサリオンの黒いちいの弓で、淡い金色の輝きを微かに放つエルフの髪を弦に張ってある。,"The great bow of Beleg Cuthalion, made of black yew and strung with elven hair that faintly shimmers a pale clear gold.",# The Long Bow of Bard#J0# p.350
125,射手バルド王の,of Bard,19,13,3,100,30,20,40,40000,0,0,0,0,0d0,17,19,0,0,DEX|HIDE_TYPE|FREE_ACT|XTRA_MIGHT|SHOW_MODS,,後に王となる湖の街の陰気面バルドが竜を射抜いた伝説のいちいの弓だ。彼が龍を射抜いた矢は歌に唄われ語り継がれている。,"The great yew bow of grim-faced Bard, who shot the mightiest arrow that songs record.",# The Light Crossbow 'Cubragol' -> of Brand#JZ#バルドの孫で谷の国の三代目の王。指輪戦争で戦死する。#JZ#かと思ったけどアンバーの王子でしょうね。
126,狂気の夢想家ブランドの,of Brand,19,23,10,100,50,25,110,100000,0,0,0,0,0d0,10,14,0,0,SPEED|RES_FIRE|XTRA_MIGHT|ACTIVATE|SHOW_MODS|XTRA_RES_OR_POWER,,トランプの魔力を自分の物にし、新たな宇宙を創造しようとしたアンバーの王子ブランドが使っていたクロスボウだ。その魔力により装備するものは非常に素早く行動できる。,,
127,ヒムリングの,of Himring,36,6,0,100,25,6,100,35000,0,0,6,0,0d0,0,0,15,0,RES_CHAOS|RES_NETHER|RES_POIS|SH_COLD|ACTIVATE,,柔軟な革で作られたこの胴鎧には、モルゴスの軍勢に包囲されても勇敢に闘い抜いた不落の要塞ヒムリングの記憶が刻み込まれている。,"Contained within this studded cuirass of pliable leather is the memory of unvanquished Himring, defiant fortress surrounded by the legions of Morgoth.",
128,『草薙之剣』,'Kusanagi-no-tsurugi',23,20,3,100,50,20,120,123456,0,0,0,0,4d4,15,15,0,0,STEALTH|DEX|RES_NETHER|RES_DISEN|RES_FEAR|RES_ACID|RES_ELEC|RES_FIRE|RES_COLD|ACTIVATE|SLAY_EVIL|SLAY_ANIMAL|SLAY_DEMON|SLAY_DRAGON|SEE_INVIS|REGEN|BLESSED|LITE|SHOW_MODS,,三種の神器の一つ。出雲の国で素戔嗚尊(すさのおのみこと)により見出され、後に日本武尊(やまとたけるのみこと)の剣となる。使う者を様々な危機から守る霊力が備わっている。,,"# The Multi-Hued Dragon Scale Mail 'Razorback'# Was (-2) INT | WIS | STEALTH | HIDE_TYPE, (-3) to hit, 30 pounds (?)#J0# 日本語化#J0# (コメント)#J0##J0#(都々目)#J0#＊Razorbackには1.ながすくじら 2.野生の豚 3.とがった背 と云う意味があるそう#J0#です。とがった背〜ステゴサウルスと云うことで、こういう風にしてみました(笑)。#J0#"
129,『剣竜の鎧』,'Razorback',38,6,0,100,90,9,500,400000,0,17,40,0,2d4,-4,0,25,0,RES_FIRE|RES_COLD|RES_POIS|RES_LITE|RES_DARK|RES_ACID|LITE|SEE_INVIS|AGGRAVATE|FREE_ACT|IM_ELEC|ACTIVATE,,様々な色彩が凝縮した重厚なドラゴンの鱗で作られた鎧だ。怒りのエネルギーを脈打ち、着るものは荒々しい稲光のエネルギーを直に感じる。,"A massive suit of heavy dragon scales deeply saturated with many colors.  It throbs with angry energies, and you feel the raw elemental might of untamed Lightning as you put it on.","# The Power Dragon Scale Mail 'Bladeturner'# Was (-3) DEX | HIDE_TYPE, (-4) to hit, 50 pounds (?)#J0# 日本語化"
130,『刀返し』,'Bladeturner',38,30,0,100,95,3,600,500000,0,13,50,0,2d4,-8,0,35,0,HOLD_LIFE|REGEN|RES_ACID|RES_FIRE|RES_COLD|RES_ELEC|RES_POIS|LEVITATION|RES_NETHER|RES_NEXUS|RES_CHAOS|RES_LITE|RES_DARK|RES_SHARDS|RES_SOUND|RES_DISEN|RES_BLIND|RES_CONF|IGNORE_ACID|IGNORE_ELEC|IGNORE_FIRE|IGNORE_COLD|ACTIVATE,,あらゆる色彩の鱗に被われたアダマンタイトの鎧で、完璧にコントロールされた地、水、火、風および霊的な力が調和し渾然一体となり、輝く護光となってこの鎧を包んでいる。,"A suit of adamant, set with scales of every color, surrounded in a nimbus of perfectly untramelled yet inextricably intermingled and utterly mastered powers elemental and ethereal.",
131,インカヌスの,of Incanus,36,2,3,100,50,40,20,100000,0,12,2,0,0d0,0,0,20,0,INT|WIS|SEARCH|HIDE_TYPE|LEVITATION|ACTIVATE|SUST_INT|SUST_WIS|FREE_ACT|SEE_INVIS|DEC_MANA|RES_ACID|RES_ELEC|RES_FIRE|RES_COLD,,南方ではインカヌスの名で知られる大賢者ガンダルフのローブだ。様々なエレメントから身を護るこのローブのおかげで、南の熱暑、北の氷結、ドル・グルドゥアの酸の沼でさえも、かの挑戦的なマイアの任務を妨げる事はなかったのだ。,"The robe of the great wizard Gandalf, also known as Incanus in the lands of the South. It is proof against elements, for neither the heat of the South, nor the ice of the North, nor the acidy pits of Dol Guldur were able to hold back the defiant Maia in the pursuit of his mission ",
132,ヌメノールの,of Numenor,33,12,3,100,60,15,40,50000,0,11,0,0,1d1,0,0,15,0,INT|DEX|CHR|HIDE_TYPE|RES_SHARDS|RES_SOUND|RES_LITE|LITE,,古のヌメノールの王達が用いていた重厚な黄金の王冠で、知恵を授け敵を退ける素晴らしい宝石が取りつけられている。,"A crown of massive gold, set with wondrous jewels of thought and warding, worn by the kings of ancient Numenor.",
133,フーリン王の,of Hurin,22,10,3,100,30,30,180,120000,0,11,0,0,2d6,10,12,2,0,CON|BLOWS|HIDE_TYPE|BRAND_ACID|SHOW_MODS|SLAY_TROLL|SLAY_DEMON|ACTIVATE,,「最後にただ一人フーリンが残った。かれは盾を捨て、両手に鉞を掴んで振り回した。鉞はゴズモグを護衛するトロルたちの黒い血を流す度に血煙を上げ、フーリンは一人斬る毎に「アウレ　エントゥルヴァ！　昼再び来らん！」と叫んだと歌に歌われている。七十度彼はこの叫びを上げた。しかし遂にかれはモルゴスの命令により生きながら捕らえられた。」(J.R.R.トールキン、田中明子訳、シルマリルの物語),"""Hurin [...] wielded the axe two-handed, and it is sung that the axe smoked in the black blood of the troll-guard of Gothmog, until it withered, and each time that he slew Hurin cried 'Aure entuluva! Day shall come again!'. Seventy times he uttered that cry, but they took him at last alive, by the command of Morgoth...""",
134,バック郷の,of Buckland,19,2,3,100,40,35,20,50000,0,0,0,0,2d1,19,15,0,0,SPEED|XTRA_MIGHT|RES_FEAR|RES_BLIND|RES_CONF|SHOW_MODS|XTRA_RES_OR_POWER,,このスリングは暗闇と混乱のただ中に於いてさえ驚くほど明晰な思考を可能にし、弾を恐ろしく強力に撃つことができる。,"A sling granting extraordinary clarity of mind amidst darkness and confusion, and which hurls shot with deadly speed.",
135,ドワーフ王アザガルの,of Azaghal,23,5,0,100,15,30,30,40000,0,0,0,0,2d5,12,14,0,0,KILL_DRAGON|ESP_DRAGON|IM_FIRE|XTRA_RES_OR_POWER,,かつて、ニアナイスにおいてドワーフ達がグラウルングの猛攻撃を食い止める際、アザガル王は邪竜に踏み潰される刹那、この短い刃を竜の腹部に突き刺した。この刃に残る竜の祖の黒き血は近づく全てのドラゴンにかつての恐怖を思い起こさせるのである。,"At the Nirnaeth the Dwarves stayed the onslaught of Glaurung, and Azaghal their lord drove this short blade into the drake's belly before he was trampled underfoot. The black blood of the Father of Dragons now serves as a rememberance for all dragons that come near it. ",
136,『ミュルニール』,'Mjollnir',21,8,4,100,30,30,150,100000,0,0,0,0,5d3,3,15,0,0,BRAND_ELEC|IM_ELEC|STR|DEX|THROW|SLAY_GIANT,,この有名な投げハンマーは北欧の神トールのもので、敵に対して振るえば、稲妻とともに雷鳴が響きわたる。,"The famous throwing hammer of the Norse god Thor, it crackles with lightning as you swing it at your opponents. ",
137,『ゴルン・ノヴァ』,'Goln Nova',23,16,2,100,30,50,150,100000,0,0,0,0,2d5,15,15,0,0,STR|DEX|HIDE_TYPE|FORCE_WEAPON|SHOW_MODS|RIDING|KILL_DEMON,,かつて魔導都市サイラーグを破壊つくした魔獣、ザナッファー。それを滅ぼしたといわれるのが、この伝説の武器である。持つ者の、意思の力を刃と成して、魔族すらも両断する。(神坂一、スレイヤーズ5「白銀の魔獣」),,
138,上級王ギル=ガラドの,of Gil-Galad,34,10,4,100,70,4,100,65000,0,0,10,0,1d2,0,0,20,0,LITE|CHR|RES_ELEC|RES_ACID|HIDE_TYPE|REFLECT|SUST_WIS|SUST_CHR|ACTIVATE,,ノルドールの最後の上級王、ギル=ガラドの伝説の盾だ。彼はバラド=ドゥアの門まで敵を討ち破って進み、ゴルゴロスの地にさえ光をもたらした。「天が広野の無数の星は、その銀の盾に、映りたり。」,"The legendary shield of Gil-Galad, who fought his way to the gates of the Dark Tower, and with whom came light even to Gorgoroth.",
139,『ウィンブロウズ』,'Winblows',21,13,-4,100,30,20,500,0,0,0,0,0,8d6,0,30,0,0,STEALTH|INT|WIS|AGGRAVATE|CURSED|HEAVY_CURSE|SHOW_MODS|CHAOTIC|IMPACT|SPEED|RANDOM_CURSE0,,マイクロンフトによって作られたもので、重くて破壊力がある。使用する者に災いをもたらす。,,
140,『シルバーチャリオッツ』,'Silver Chariot',23,7,2,100,30,15,75,100000,0,0,0,0,2d6,17,12,0,0,DEX|BLOWS|SLAY_EVIL|SLAY_UNDEAD|SLAY_ORC|SLAY_DEMON|FREE_ACT|SEE_INVIS|SHOW_MODS|RES_DARK|RES_DISEN|SPEED,,,,
141,プラチナイェンダー印エクスプレスカード,& Platinum Yendorian Express Card~,50,0,3,100,127,1,2,1000000,0,12,0,0,1d1,15,15,25,0,STR|INT|WIS|DEX|CON|CHR|SPEED|STEALTH|HIDE_TYPE|ACTIVATE|HOLD_LIFE|FREE_ACT|SEE_INVIS|TELEPATHY|LEVITATION|SLOW_DIGEST|REGEN|SEARCH|LITE|WARNING|INSTA_ART|QUESTITEM|FULL_NAME,,,,
142,『ウォーパルブレード』,'Worpal Blade',23,17,2,100,50,5,150,100,0,0,0,0,5d5,32,32,0,0,TY_CURSE|AGGRAVATE|DRAIN_EXP|INFRA|NO_TELE|NO_MAGIC|HIDE_TYPE,,最強の剣とそっくりだ。,It is a look-alike for the strongest sword!,
143,ボロミアの,of Boromir,40,18,2,100,30,60,2,25000,0,0,0,0,0d0,0,8,0,0,SHOW_MODS|HIDE_TYPE|SUST_STR|RES_FEAR|ACTIVATE|INSTA_ART,,黄金と黒鋼の無数のより糸で編み上げられた重厚な金の首飾りで、大きな金の猟犬の装飾が両端に取り付けられている。,"A massive golden torque, made of innumerable strands of gold and steel intermingled, with great golden hounds set at either end.",
144,『村正』,'Muramasa',23,20,2,100,60,200,200,1000000,0,0,0,0,10d5,0,0,-20,0,HIDE_TYPE|BLOWS|VORPAL|VAMPIRIC|SLAY_HUMAN|SHOW_MODS|SPEED|ACTIVATE|RES_DISEN|NO_TELE|DRAIN_EXP|AGGRAVATE|RES_DARK|RES_NETHER|TY_CURSE,,「魔物に遭うては魔物を斬り、神に遭うては神を斬る。」伝説の刀匠村正が全身全霊を込めて鍛えたこの妖刀は数え切れない人間の血を啜ってきた。その刃は血に飢え、常に獲物を求めている。,,
145,『龍争虎鬪』,of Xiaolong,21,4,3,100,45,14,30,100000,0,0,0,0,4d3,20,10,10,0,STEALTH|SUST_STR|SUST_DEX|SUST_CON|SPEED|RES_FIRE|BRAND_FIRE|SLAY_ANIMAL|SLAY_DRAGON|RES_FEAR|FREE_ACT|REGEN|SHOW_MODS|HIDE_TYPE,,伝説の格闘家の霊力が宿った強力なヌンチャクだ。拳法を操る者が手にすれば自らの体の一部のように操ることができ、素手の時と同じくらい素早い攻撃が可能だ。,,
146,『石仮面』,'Stone Mask',32,5,3,100,60,66,75,0,0,10,5,0,1d3,8,8,-10,0,STR|CON|INFRA|HIDE_TYPE|SHOW_MODS|RES_CONF|RES_NETHER|RES_COLD|RES_POIS|RES_DARK|RES_FEAR|SEE_INVIS|ACTIVATE|DRAIN_EXP|SH_COLD|HOLD_LIFE|LEVITATION|REGEN,,装備した者を吸血鬼に変えてしまうというディオの石仮面だ。,,
147,飛行,of Laputa,39,9,2,100,60,60,10,60000,0,0,0,0,1d1,0,0,0,0,INT|CHR|SPEED|ACTIVATE|LEVITATION|HOLD_LIFE|INSTA_ART,,浮遊の力を与えてくれる青く仄光る宝石だ。,,
148,『与一の弓』,of Yoichi,19,13,4,100,35,30,40,30000,0,0,0,0,0d0,40,13,0,0,DEX|HIDE_TYPE|SEE_INVIS|XTRA_MIGHT|SHOW_MODS,,「与一鏑を取つて番ひ、能つ引いてひやうと放つ。小兵といふ条、十二束三伏、弓はつよし、鏑は浦響くほどに長鳴して、過たず扇の要ぎは一寸ばかり置いて、ひいふつとぞ射切つたる。」(平家物語)。那須与一の弓は狙いを外す事はない。,,
149,八尺,'Yasaka-no-Magatama',40,19,3,100,65,50,3,90000,0,,,0,,,,,0,INT|CHR|SEARCH|HIDE_TYPE|SEE_INVIS|FREE_ACT|ACTIVATE|RES_FIRE|RES_COLD|RES_ELEC|INSTA_ART,,,,
150,『斬鉄剣』,'Zantetsuken',23,20,2,100,30,25,120,80000,0,0,0,0,10d4,17,21,0,0,STR|DEX|VORPAL|TUNNEL|SHOW_MODS,,鋼をも切り裂く、切れ味抜群の日本刀だ。,,
151,八咫,'Yata-no-Kagami',34,50,3,100,65,65,50,150000,0,0,0,0,1d1,0,0,18,0,INSTA_ART|ACTIVATE|SEE_INVIS|REFLECT|LITE|INFRA|INT|WIS|TELEPATHY|HOLD_LIFE|HIDE_TYPE,,,,
152,武蔵坊弁慶の,of Benkei,22,9,4,100,40,20,400,98765,0,0,0,0,3d6,5,23,5,0,STR|CON|SLAY_EVIL|SLAY_UNDEAD|SLAY_ORC|SLAY_TROLL|RES_FEAR|FREE_ACT|REGEN|SHOW_MODS,,後に義経に仕えた怪僧・武蔵坊弁慶は、この大薙刀を得物に武力を振るい、五条大橋の上で999本の刀を狩った。,,
153,射手バルド王の黒い,of Bard,17,10,0,100,35,35,2,5000,0,0,0,0,8d4,30,19,0,0,KILL_DRAGON|INSTA_ART|SHOW_MODS,,後に王となる湖の街の陰気面バルドが龍を射抜いた伝説の黒い矢だ。彼が龍を射抜いたこの矢は歌に唄われ語り継がれている。,"Dealiest of arrows, imbued with elemental strength, this shaft is feared especially by the wyrmkin.",# The Blade of Chaos 'Soulcrusher'
154,『ソウルクラッシュ』,'Soulcrusher',23,30,4,100,70,25,180,250000,0,0,0,0,6d5,20,15,0,0,SLAY_DEMON|STR|CON|SLAY_UNDEAD|BRAND_FIRE|SLAY_HUMAN|SUST_STR|FREE_ACT|RES_ACID|RES_DISEN|RES_FIRE|RES_COLD|RES_CHAOS|SEE_INVIS|TELEPATHY|AGGRAVATE|DRAIN_EXP|SHOW_MODS|CHAOTIC|CURSED|HEAVY_CURSE|LITE,,,,# The Long Sword of Falis
155,至高神ファリスの,of Falis,23,17,5,100,70,25,130,80000,0,0,0,0,2d5,20,15,0,0,KILL_DEMON|STR|KILL_EVIL|KILL_UNDEAD|BRAND_FIRE|KILL_TROLL|KILL_ORC|FREE_ACT|RES_FIRE|RES_ACID|RES_COLD|RES_ELEC|SUST_STR|SEE_INVIS|SHOW_MODS|LITE|BLESSED,,,,
156,『フランテング』,'Hrunting',23,25,4,100,30,90,250,100000,0,0,0,0,4d6,13,21,0,0,STR|HIDE_TYPE|VORPAL|SLAY_DRAGON|KILL_GIANT|FREE_ACT|LITE|LEVITATION|SHOW_MODS,,剛力無双のデンマークの英雄王ベーオウルフが巨人族から奪い、最後の戦いではこの剣によって竜を退治した。,,
157,『如意金葹棒重一万三千五百斤』,'Nyoi-bou',21,16,5,100,80,70,500,300000,0,0,0,0,7d7,5,25,10,0,STR|SLAY_EVIL|SEE_INVIS|RIDING,,,,
158,アヌビス神の,of Anubis,23,20,4,100,30,90,120,200000,0,0,0,0,3d4,28,22,-30,0,DEX|CHAOTIC|CURSED|HEAVY_CURSE|TUNNEL|AGGRAVATE|BLOWS|RES_CONF|RES_CHAOS|RES_FEAR|RES_DISEN|NO_TELE,,,,
159,太公望の,of Taikobo,22,40,0,100,10,150,30,10000,0,0,0,0,1d1,0,0,0,0,ACTIVATE|INSTA_ART,,太公望はこの釣り竿を用いて釣りを楽しむのが日課であったが、結局は彼自身が周の文王に釣られてしまったのであった。,,#The Long Sword 'Gurenki'
160,『紅蓮姫』,'Gurenki',23,17,2,100,60,150,130,100000,0,0,0,0,4d5,-10,25,0,0,VORPAL|VAMPIRIC|SLAY_EVIL|KILL_DEMON|ESP_DEMON|AGGRAVATE|LITE|CON,,彼女は史上最強の破妖刀だ。朱金に輝く刀身で魔性の心臓をつらぬき、その命を食べつくす。,,
161,『蜻蛉切』,'Tonbo giri',22,7,3,100,35,70,350,250000,0,0,0,0,4d9,6,23,10,0,STR|DEX|HIDE_TYPE|SEARCH|FREE_ACT|SLAY_HUMAN|SLAY_TROLL|SLAY_GIANT|SLAY_ANIMAL|SLAY_ORC|RES_FIRE|RES_COLD|RES_ELEC|RES_ACID|RES_FEAR|SHOW_MODS|RIDING,,徳川四天王の１人本多忠勝の愛用の槍だ。その切れ味は穂先に止まった蜻蛉が切れて落ちるほどである。,,
162,ジョーンズ博士の,of Dr. Jones,21,2,1,100,8,5,30,18000,0,0,0,0,1d6,16,13,0,0,INT|WIS|LEVITATION|SHOW_MODS|ACTIVATE|SEE_INVIS,,,,# The Spear 'GaeBolg'
163,『ガエボルグ』,'GaeBolg',22,2,4,100,45,90,80,150000,0,0,0,0,3d6,16,18,0,0,STR|DEX|HIDE_TYPE|THROW|BRAND_ELEC|SLAY_EVIL|SLAY_GIANT|RES_ELEC|RES_LITE|RES_DARK|LITE|SEE_INVIS|RES_BLIND|SHOW_MODS|RIDING,,ケルトの英雄クーフーリンの、海竜の骨から削られた長槍だ。つねに目映く発せられるその閃光は敵の目をくらまし、逆に所有者の視力を守る。,,# The Trident of Arryu-Chien-Kun
164,顕聖二郎真君の,of Arryu-Chien-Kun,22,5,2,100,30,45,70,120000,0,0,0,0,2d8,12,16,0,0,WIS|DEX|HIDE_TYPE|SLAY_DRAGON|SLAY_DEMON|SLAY_ANIMAL|FREE_ACT|HOLD_LIFE|RES_COLD|RES_NEXUS|SEE_INVIS|SLOW_DIGEST|REGEN|ACTIVATE|BLESSED|SHOW_MODS|RIDING|ESP_ANIMAL,,仙名を清源妙道真君、神仙族きっての武神である二郎真君の三尖刀だ。彼は悪竜や魔神、自然の妖魔を多数討伐した。,,
165,ガラスの靴,Pair~ of Glass Slippers,30,2,-3,100,40,40,20,40000,0,0,0,0,1d1,0,0,0,0,DEX|HIDE_TYPE|SUST_CHR|STEALTH|SPEED|RES_LITE|RES_DARK|RES_NEXUS|RES_NETHER|RES_CHAOS|LITE|FULL_NAME,,,,
166,水戸黄門の,of Mito Koumon,40,20,2,100,30,80,3,100000,0,,,0,,,,,0,INT|WIS|CHR|SEARCH|INFRA|SEE_INVIS|ACTIVATE|HIDE_TYPE|INSTA_ART,,毎週月曜日の20:45に絶大な力を発揮するらしい。,,
167,『噛尾刀』,'Tailbiter',23,16,1,100,20,20,150,35000,0,0,0,0,2d5,18,9,0,0,CON|SEARCH|BLOWS|SLAY_EVIL|KILL_DRAGON|ESP_DRAGON|SHOW_MODS,,「…その名も有名なカウディモルダクス剣、つまり物語の本などでおなじみの、あの俗にいわゆる噛尾刀であるぞ。…竜が５マイル以内に近付くと、さやの中にはおさまっていないのじゃ。これが勇者の手ににぎられれば、いかなる竜もたちうちはできんという剣じゃぞ。」(J.R.R.トールキン、吉田新一訳、農夫ジャイルズの冒険),,
168,農夫ジャイルズの,of Giles,37,2,-2,100,20,20,200,30000,0,10,12,0,1d4,-2,0,18,0,STEALTH|RES_FIRE|RES_CHAOS|RES_NEXUS|RES_COLD|HIDE_TYPE,,「むかし南の国からりっぱな本物の鎖かたびらを買えなかった者は、革のシャツに鉄の輪を縫い付けて、それでがまんしたということを聞いたことがある。ひとつその手でやってみることにするか！」(J.R.R.トールキン、吉田新一訳、農夫ジャイルズの冒険),,
169,『拍子木』,'Hyousi-gi',21,4,3,100,25,5,15,808,0,0,0,0,1d2,-3,-7,6,0,SEARCH|ACTIVATE|SHOW_MODS|HIDE_TYPE,,角柱二本の互いの端が、細い縄で結ばれている。武器としては見るからに貧相だが、 防火をその任とする衛士たちが使った、由緒正しい武器だといわれている。,,
170,『纏』,'Matoi',21,7,3,100,40,5,100,808,0,0,0,0,1d7,-5,10,3,0,STR|CHR|RES_FIRE|ACTIVATE,,消火作業にあたって、士気を鼓舞すべく振りたてられた杖だ。杖の先に隊のマーク入りの円盤があり、その下側から長い帯状の飾りが幾本ものびている。この杖は隊の象徴であり、最も勇気あるものが扱うとされた。,,
171,二天一流開祖宮本武蔵の,of Musashi,23,20,3,100,50,15,120,60000,0,0,0,0,3d4,28,17,0,0,DEX|HIDE_TYPE|SUST_DEX|SHOW_MODS,,名高き二天一流の創始者、宮本武蔵が使っていた大刀だ。戦いにおいては右に大刀、左に小刀を持って振るったという。,"It is the katana of the famed creator of the dual sword technique, Miyamoto Musashi, and wielded with his right hand in combat.",
172,二天一流開祖宮本武蔵の,of Musashi,23,13,3,100,50,5,90,60000,0,0,0,0,2d4,28,17,0,0,DEX|HIDE_TYPE|SUST_DEX|SHOW_MODS,,名高き二天一流の創始者、宮本武蔵が使っていた小刀だ。戦いにおいては右に大刀、左に小刀を持って振るったという。,"It is the wakizashi of the famed creator of the dual sword technique, Miyamoto Musashi, and wielded with his left hand in combat.",
173,『神罰の鉄球』,'Iron ball',21,6,-6,100,45,40,666,66666,0,0,0,0,25d4,-30,0,20,0,SPEED|STEALTH|WIS|IMPACT|SHOW_MODS|HIDE_TYPE|CURSED|HEAVY_CURSE,,不信心者の足にくくりつけられ、その動きを阻害する。重いが武器としても使えない事はない。,,#英語名は適当です。エルリックサーガ８「薔薇の復讐」より。
174,『すばやき刺』,'Quickthorn',23,7,3,100,30,15,55,75000,0,0,0,0,1d7,27,9,0,0,DEX|BLOWS|SLAY_DEMON|RIDING|FREE_ACT|SEE_INVIS|SHOW_MODS|RES_CHAOS|RES_DISEN,,復讐のため、三姉妹を探して時間流を旅する＜薔薇＞と呼ばれる女性の剣だ。恐るべき速度と狙いをはずさぬ正確さを秘めている。『小さき刺』と対を成している。,,#英語名は適当です。エルリックサーガ８「薔薇の復讐」より。
175,『小さき刺』,'Littlethorn',23,5,3,100,20,6,30,22500,0,0,0,0,1d5,18,6,0,0,INT|CHR|REGEN|SLAY_EVIL|RES_NEXUS|FREE_ACT|SEE_INVIS|SHOW_MODS,,復讐のため、三姉妹を探して時間流を旅する＜薔薇＞と呼ばれる女性の剣だ。『すばやき刺』と対を成している。,,#N:*:『カレイドウルフ』#N:*:『カラドヴォルヒ』#N:*:『キャリバーン』
176,『エクスカリバー』,'Excalibur',23,17,3,100,50,180,130,300000,0,0,0,0,5d5,21,19,5,0,WIS|CHR|SUST_WIS|SUST_CHR|VORPAL|TUNNEL|RIDING|SLAY_EVIL|SLAY_UNDEAD|SLAY_DEMON|RES_SHARDS|RES_FEAR|BLESSED|HOLD_LIFE|SEE_INVIS|WARNING|SHOW_MODS,,「妖精郷にて鍛えられし我はいや高き刃なりて、相応しき王の佩刀とならん」（トマス・マロリー、アーサー王の死）,,
177,『エクスカリパー』,'Excalipur',23,17,-3,100,50,30,130,0,0,0,0,0,5d5,-50,-50,-5,0,WIS|CHR|TY_CURSE|AGGRAVATE|DRAIN_EXP|SHOW_MODS|THROW,,「なんだこれは！最強の剣じゃないのか！？」（FINAL FANTASY V）,,
178,怪力サムソンの,of Samson,21,1,3,100,10,20,50,40000,0,0,0,0,2d4,8,10,0,0,STR|CON|RES_FEAR|SEE_INVIS|SLAY_EVIL|SLAY_UNDEAD,,怪力サムソンがペルシア人兵士の包囲を撃ち破ったときに使っていた棍棒。骨でできているために軽く、その聖なる力は邪悪なモンスターを打ち払う。,,
179,『エクスカリバー・ジュニア』,'Excalibur Jr.',23,8,2,100,35,15,80,60000,0,0,0,0,2d6,3,5,0,0,BLOWS|SLAY_UNDEAD|SLAY_DRAGON|SLAY_ANIMAL|RES_FIRE|RES_FEAR|BLESSED|SLOW_DIGEST|SHOW_MODS,,かの宝剣エクスカリバーに似た作りの、少し小型の剣だ。自分のことを「E.J.」と呼び、ごくたまに話もする。蜘蛛と対峙すると、恐れのあまりプリンのようにぷるぷると震える。,,
180,ハラドの,of Harad,19,24,-2,100,60,120,200,35000,0,0,0,0,4d1,18,18,-44,0,WIS|STEALTH|XTRA_SHOTS|XTRA_MIGHT|AGGRAVATE|RES_LITE|RES_DARK|HIDE_TYPE|SHOW_MODS|TY_CURSE,,裏切りの危険を冒す勇気のある者が用いる真鍮製の大きな弩弓であり、アームに張られた輝く鋼鉄製の弦からは高速かつ力強い矢が放たれる。,A great brazen arbalest with arms of gleaming steel shooting quarrels with speed and power for those brave enough to risk betrayal.,
181,適当な,of halfheart,21,63,7,100,127,1,50,1000000,0,0,0,0,1d77,22,22,10,0,STR|DEX|SUST_STR|SUST_DEX|FREE_ACT|SEE_INVIS|VAMPIRIC|KILL_DRAGON|SLAY_ANIMAL|SLAY_EVIL|BRAND_ELEC|BRAND_ACID|SLAY_UNDEAD|SLAY_DEMON|SLAY_TROLL|SLAY_GIANT|SLAY_ORC|WARNING|IM_FIRE|RES_SHARDS|RES_FEAR|TUNNEL|INFRA|SEARCH|REFLECT|LITE|TELEPATHY|REGEN|BRAND_FIRE|BRAND_COLD|BRAND_POIS|SLAY_HUMAN|HIDE_TYPE|SHOW_MODS|RIDING|QUESTITEM|INSTA_ART,,なんというか適当に作られた棒だ。,,
182,いいかげんな,of irresponsibility,19,63,7,100,127,1,50,1000000,0,0,0,0,1d1,22,22,10,0,SPEED|INT|WIS|SUST_INT|SUST_WIS|XTRA_SHOTS|XTRA_MIGHT|DEC_MANA|RES_DARK|RES_LITE|RES_DISEN|RES_BLIND|IM_COLD|SLOW_DIGEST|HIDE_TYPE|SHOW_MODS|QUESTITEM|INSTA_ART,,すごくいいかげんな作りの弓だ。,,
183,やる気のない,of idler,36,63,7,100,127,1,10,1000000,0,0,0,0,1d1,10,10,77,0,STEALTH|CON|CHR|SUST_CON|SUST_CHR|IM_ELEC|RES_ACID|RES_CONF|RES_SOUND|RES_NETHER|RES_NEXUS|RES_CHAOS|SH_FIRE|SH_ELEC|SH_COLD|RES_POIS|HOLD_LIFE|LEVITATION|HIDE_TYPE|SHOW_MODS|QUESTITEM|INSTA_ART,,どう見てもやる気のない感じの服だ。,,# The Broad Sword 'Arunruth'# (コメント)### (小林)# これは，文字どおりだと「アルンルース」なんだけど，シルマリルリオン# に出てくる剣は本当は'Aranruth'．シンゴル王と代々のヌメノールの王の# 剣です．たぶん元のソースが綴りを間違えちゃったんだよね．#
184,『アランルース』,'Aranruth',23,16,4,100,20,45,150,50000,0,0,0,0,3d5,20,12,0,0,DEX|HIDE_TYPE|SLAY_DEMON|SLAY_ORC|FREE_ACT|RES_COLD|LEVITATION|SLOW_DIGEST|ACTIVATE|SHOW_MODS|ESP_ORC|ESP_TROLL|ESP_GIANT|ESP_DEMON,,いみじくも「王の怒り」と名付けられた、灰色マント王シンゴルの美しい剣だ。その刃は氷の如く輝き、悪魔の心臓をも凍てつかせる。金銀の細工が施されたその柄を手にすれば、しなやかな身のこなしと軽やかな足取を感じられるだろう。,"The beautiful sword of Thingol, justly named ""King's Ire"".  It glistens icy enough to freeze the hearts of demons, and you feel supple and lightfooted as you clasp its hilt of gold and silver inlay.","# The Set of Gauntlets 'Paurnimmen'# ???, Ko"
185,『パウアニンメン』,'Paurnimmen',31,2,0,100,10,20,25,13000,0,11,2,0,1d1,0,0,15,0,RES_COLD|ACTIVATE,,シンダール語で「白き拳」を意味する名を持つこの籠手は常に冷たく輝き、氷の矢を放つことができる。,A set of handgear so icy as to be able to fire frost bolts.,
186,航海者エアレンディルの,of Earendil,34,7,0,100,50,6,160,90000,0,11,10,0,1d6,0,0,20,0,LITE|RES_BLIND|RES_DARK|RES_NETHER|RES_ELEC|RES_FIRE|ACTIVATE|ESP_GOOD,,かつて偉大なる船乗りエアレンディルが身に付けていた輝く盾だ。「輝く盾にはあらゆる危害や傷害をさけるルーン文字を刻み込んだ。」(J.R.R.トールキン、瀬田貞二・田中明子訳 新版指輪物語) ,"A shining shield, once borne by the great mariner Earendil, ""scored with runes to keep all wounds and harm from him"".",#D:あらゆる害なすものを退けるルーン文字が刻まれている。# The Spear 'Aeglos'# (コメント)## wp.220##(都々目)#『つらら』というスピア → 『アイグロス』というスピア#＊指輪物語ではこう表記されています。#　『親しみを出すために』日本語でと言われましたが、そうするとエルフ語全部を#日本語に訳さなくてはなりません。一部だけエルフ語から日本語に訳するのは不自#然です。また、指輪物語についてのトールキンの話しに『英語とエルフ語の対比を』#出そうとしたと言うことですから、英語は日本語に訳し、エルフ語はエルフ語とし#て残しておくべきです。指輪物語の日本語版でも基本的にこの考え方によって訳さ#れていますし。それに『つらら』は格好悪いし折れそうだ(笑)。#
187,『アイグロス』,'Aeglos',22,2,4,100,15,45,80,140000,0,0,0,0,3d6,15,25,10,0,WIS|HIDE_TYPE|THROW|RIDING|BRAND_COLD|SLAY_TROLL|SLAY_ORC|FREE_ACT|RES_COLD|SLOW_DIGEST|ACTIVATE|BLESSED|SHOW_MODS,,上級王ギル=ガラドの強力な槍で、「雪の切先」として名高い。「その剣は長く、その槍は鋭く、輝く兜は、遠くより望みえたり。」とエルフの歌に歌われるこの槍には、サウロンのいかなる忌まわしい下僕どもも太刀打ちできなかった。,"The mighty spear of Gil-galad, famed as ""Snow-point"" in the songs of Elves, against which all the foul corruptions of Sauron dashed in vain.",
188,ボリショイの,of Bolshoi,21,2,4,100,15,8,30,22500,0,0,0,0,2d6,6,9,0,0,DEX|CHR|HIDE_TYPE|RIDING|KILL_ANIMAL|ESP_ANIMAL|BRAND_FIRE|ACTIVATE,,某国サーカス団で使用された由緒正しい猛獣使いの証だ。このムチの音はどんな猛獣でも震え上がらせることができる。,,
189,破壊の,of Destruction,23,33,3,100,70,8,30,100000,0,0,0,0,3d6,-25,25,0,0,STR|DEX|BLOWS|CHAOTIC|CURSED|HEAVY_CURSE|TY_CURSE|AGGRAVATE|BRAND_FIRE|BRAND_COLD|BRAND_ELEC|BRAND_ACID|BRAND_POIS,,強力な破壊力をほこる「はかいのつるぎ」と素早く攻撃を繰りだす「はやぶさのけん」を合わせた武器だ。この剣を使えば破壊神シドーを倒すことなど赤子の手を捻るようなものだ。,,
190,『ストームブリンガー』,'Stormbringer',23,30,2,100,45,1,180,100000,0,0,0,0,6d6,16,16,0,0,VAMPIRIC|STR|CON|FREE_ACT|HOLD_LIFE|RES_NETHER|RES_CONF|RES_CHAOS|CURSED|HEAVY_CURSE|DRAIN_EXP|AGGRAVATE|QUESTITEM|SLAY_HUMAN,,一万年の長きにわたり、栄華を誇りしメルニボネの光の帝国の末期、大いなる異変天地にありて、人と神々の運命は〈宿命〉のかなてこの上に鍛へられ、恐ろしき戦さあり、もろもろの勲し行なはれたり。このときあまたの勇者輩出せり。なれど衆に優れたるはメルニボネ最後の王エルリック、ルーンの刻まれし黒き剣のになひ手なりき。,,
191,『ナルシル』,'Narsil',23,2,1,100,20,4,130,20000,0,0,0,0,2d2,6,10,0,0,STR|BLOWS|HIDE_TYPE|SLAY_ORC|SLAY_TROLL|RES_FIRE,,「金はすべて光るとは限らぬ、放浪する者すべてが、まよう者ではない。年ふるも、強きは枯れぬ、深き根に、霜は届かぬ。灰の中から火はよみがえり、影から光りがさしいずるだろう。折れた刃は、新たに研がれ、無冠の者が、また王となろう。」,A blade of Elendil that was broken by his fall as the battled Sauron upon the steps of Barad-Dur.,
192,『GHB を倒したけどこんな嫌なＴシャツしか手に入らなかったよ！』,'I killed the GHB and all I got was this lousy t-shirt!',36,0,0,100,0,0,10,1,0,0,1,0,1d1,0,0,0,0,QUESTITEM,,,,
193,美髯公関羽の,of Guan Yu,23,22,3,100,60,60,320,200000,0,0,0,0,4d5,20,20,5,0,STR|DEX|CON|SLAY_EVIL|SLAY_HUMAN|VORPAL|SHOW_MODS,,豊かな髯を蓄えた義人・関羽はこの青龍刀で多くの豪傑を地に叩き伏せて来た。,,
194,酒呑童子の,of Shuten-douji,21,16,6,100,40,40,350,100000,0,0,0,0,4d7,0,20,10,0,STR|RES_FEAR,,大江山の鬼の首領たる酒呑童子の重い金棒だ。,,
195,『ゴールデンハンマー』,'Golden Hammer',21,19,0,100,45,5,50,300000,0,0,0,0,2d6,0,0,0,0,,,このハンマーを用いると盗まれたアイテムが取り戻せるらしい。,,
196,『グリムトゥース』,'Grimtooth',23,4,1,100,7,15,12,25000,0,0,0,0,1d4,5,5,0,0,DEX|BLOWS|BRAND_POIS|SHOW_MODS|THROW,,,,
197,ペルセウスの,of Perseus,34,3,2,100,30,10,65,45000,0,12,5,0,1d2,0,0,15,0,STR|RES_ACID|RES_COLD|RES_FEAR|REFLECT|SUST_STR,,蛇の髪を持つメドゥーサの石化の睨みも、この反射の盾の前には効果がなかった。,,
198,抜け忍カムイの,of Kamui the Escapee,23,19,4,100,20,8,100,60000,0,0,0,0,2d9,15,2,0,0,DEX|STEALTH|SEARCH|RES_FIRE|BRAND_POIS|ACTIVATE|SEE_INVIS|SHOW_MODS|WARNING,,,,
199,『ブラッディ・ムーン』,'Bloody Moon',22,30,2,100,70,12,250,180000,0,0,0,0,8d4,8,8,8,0,ACTIVATE|SHOW_MODS,,,,
200,ダ,'Dasai',36,8,-10,100,20,3,110,0,0,0,8,0,1d1,-1,0,64,0,AGGRAVATE|SUST_CHR|CHR,,なんとゴツゴツとした鎧だこと。,,
201,『青龍の霊鱗』,'Elemental of Ching-Rong',38,2,0,100,80,9,300,200000,0,0,40,0,2d4,-3,0,30,0,RES_ACID|RES_FIRE|RES_COLD|RES_ELEC|RES_DARK|RES_CONF|RES_POIS|FREE_ACT|SEE_INVIS|ACTIVATE,,玄武、白虎、朱雀とともに四獣と呼ばれる青龍の鱗鎧を身に纏えば、神の如き守護の力が得られる。,,
202,『天の沼矛』,'Ama-no-NumaHoko',22,4,4,100,50,40,240,150000,0,0,0,0,2d8,16,20,0,0,WIS|CHR|SUST_WIS|SUST_CHR|HIDE_TYPE|SLAY_EVIL|SLAY_DEMON|SLAY_UNDEAD|RES_ACID|RES_COLD|RES_BLIND|RES_CHAOS|LITE|ACTIVATE|BLESSED|SEE_INVIS|SHOW_MODS,,「是に天つ神、諸の命以ちて、伊邪那岐命、伊邪那美命、二柱の神に、『是の多陀用弊流国を修め理り固め成せ。』と詔りて、天の沼矛を賜ひて、言依さし賜ひき。故、二柱の神、天の浮橋に立たして、その沼矛を指し下ろして画きたまへば、塩許々袁々呂々迩画き鳴して引き上げたまふ時、其の矛の末より垂り落つる塩、累なり積もりて島と成りき。是れ淤能碁呂島なり。」(古事記)。 ,,# モーロックの高僧の錆びた鎖かたびら
203,モーロックの高僧の,of The High Preist of Morlok,37,1,-2,100,90,8,200,100000,0,10,14,0,1d4,-5,0,-40,0,INT|WIS|CHR|HIDE_TYPE|RES_LITE|RES_DARK|RES_ACID|RES_ELEC|RES_FIRE|RES_COLD|RES_POIS|RES_CONF|RES_CHAOS|RES_NETHER|RES_NEXUS|AGGRAVATE|CURSED|HEAVY_CURSE|TY_CURSE,,この赤々と錆びた今にも崩れ去りそうな鎖かたびらには、かつて愚かにも守護する魔除けを奪われ朽ち果てた、太古の高僧の怨念がこもっている。,,# 綱鎧『化粧回し』
204,『化粧回し』,'Sumo wrestler's loincloth',36,9,4,100,20,10,60,50000,0,0,4,0,0d0,0,0,0,0,STR|CON|SUST_STR|SUST_CON|RES_FEAR|FREE_ACT|ACTIVATE,,遥か東の国のスモー戦士が身につける正装だ。その豪華な宝飾は力強さを感じさせる。,,
205,北極の聖獣ムックの,of Mook,35,3,0,100,20,20,30,50000,0,0,3,0,0d0,0,0,20,0,RES_COLD|RES_ACID|RES_CHAOS|LEVITATION|ACTIVATE,,ガチャピンと対をなす赤い獣の毛皮のクロークだ。,,# 金属製ラメラー・アーマー『バテレン鎧』# 「夢幻の如く」という漫画で，織田信長が西洋鎧を着ます。# REFLECTは，矢でも鉄砲でも持って来い！ってことで(笑)。
206,『バテレン鎧』,of The Padre,37,13,2,100,45,5,340,80000,0,11,23,0,1d6,5,5,17,0,CHR|REFLECT|RES_FIRE|RES_CHAOS|LITE,,織田信長の愛用した光り輝く西洋の鎧だ。,,# グレート・ソード『真魔剛竜剣』 (from ダイの大冒険)# ダイの親父，竜騎将バランの剣。# 発動でサンダーボール(ギガ・ブレイクのつもり)# ダイの大冒険中で最強といわれる剣なので，強くないと意味ない。# でも，強すぎてもゲーム的に意味ない。
207,『真魔剛竜剣』,'Dragonic Sword',23,25,3,100,50,160,200,180000,0,0,0,0,4d6,17,23,0,0,STR|SLAY_EVIL|SLAY_DEMON|BRAND_ELEC|RES_ELEC|RES_FIRE|RES_NETHER|LITE|SEE_INVIS|SHOW_MODS|ACTIVATE,,天地魔界のバランスを保つ使命を持つ竜の騎士に代々伝わるオリハルコンの剣で、竜騎将バランが所有している。,,
208,『イージス・ファング』,'Aegis Fang',21,8,2,100,30,40,100,100000,0,0,0,0,3d3,11,22,0,0,STR|DEX|CHR|TUNNEL|BLESSED|SLAY_EVIL|SLAY_DRAGON|SLAY_ORC|SLAY_GIANT|SLAY_DEMON|RES_COLD|SEE_INVIS|RES_FEAR|REGEN,,バトルハンマー氏族のドワーフの長にして、伝説の都ミスリル・ホールの王、ブルーノー・バトルハンマーの生涯最高傑作だ。「なるほどね」ドリッズドは、ハンマーをブルーノーに返した。「古いハンマーか。あの子にはちょうどいいかもな。ミスリルや、アダマンタイトや、ダイアモンドをわざわざ使ってあるくらいだものな」（富士見書房「アイスウインド・サーガ１魔石の復活」 R・A・サルヴァトーレ著、風見潤訳）,,
209,『隠者の紫』,'hermit's purple',21,2,2,100,40,40,30,40000,0,0,0,0,1d6,10,5,0,0,INT|WIS|FORCE_WEAPON|SEE_INVIS|TELEPATHY,,半幽体化した不思議な茨の鞭だ。所有者の精神力を攻撃力に変換し、波紋の力で身を守ることができる。身につけると遠い場所の出来事がわかる。,,
210,『炎の鉄ゲタ』,'Tetsu-geta of Flame',30,6,-1,100,20,15,150,40000,0,11,6,0,1d1,-5,10,20,0,INT|WIS|CHR|STEALTH|SPEED|RES_FIRE|SUST_STR|SUST_CON|SH_FIRE|REGEN|RES_FEAR,,古来より伝わる、男を磨くための靴だ。ふだん身に付けていれば、外したときに自分のからだが羽根のように軽く感じられるだろう。,,
211,ナインの,of Nain,20,7,6,100,60,5,250,80000,0,0,0,0,3d8,12,18,0,0,TUNNEL|INFRA|SEARCH|STR|SLAY_ORC|SLAY_TROLL|SLAY_GIANT|SLAY_DRAGON|BRAND_ACID|RES_ACID|RES_DARK|RES_DISEN|ACTIVATE,,アザヌルビザールの戦いにおいて、スロール王の仇を討つためアゾグに決闘を挑んだナインが使っていたつるはしだ。「するとその時、くろがね連山の一族がやって来て、遂に戦局を一変させたのである。戦場に遅れて新たに到着したグロールの息子ナインの率いる、鎖かたびらに身を固めた戦士たちは『アゾグ！アゾグ！』と呼ばわり、前に立ちはだかる者があればつるはしで当たるをさいわい斬り倒しながら、オークたちの間をモリアの入口に向かって突進していった。」,"Wielded by Nain of the Iron Hills at the Battle of Azanulbizar, this great mattock brought victory to the Dwarves over Azog's Orcs - though Nain himself fell at the last, even with victory already assured.",
212,バルログの長ゴスモグの,of Gothmog,21,2,-2,100,60,35,90,66666,0,0,0,0,3d6,13,15,0,0,INT|WIS|DEX|STEALTH|HIDE_TYPE|SLAY_HUMAN|HEAVY_CURSE|CURSED|AGGRAVATE|BRAND_FIRE|IM_FIRE|RES_ELEC|RES_DARK|LITE|SLAY_ANIMAL|SLAY_ORC|SLAY_TROLL|SLAY_GIANT|ACTIVATE|SHOW_MODS,,この正視するもかなわぬ眩い炎のムチをひとたび手に取れば、バルログの長ゴズモグは戦において負け知らずであった。,"With this unbearably bright whip of flame, the Balrog Gothmog has become known for never having lost in combat.",
213,天性寺聖地蔵尊の六環,of The Bonze Octopus,21,7,2,100,35,40,70,125000,0,0,0,0,1d7,8,8,8,0,STR|WIS|BLOWS|TUNNEL|ACTIVATE|RES_ACID|RES_ELEC|REGEN|FREE_ACT|BRAND_ELEC|BLESSED|XTRA_H_RES,,その昔、蛸を引き連れて岸和田の地を守るために戦かったという蛸法師こと地蔵大菩薩の化身が使っていた六環の錫杖だ。「…その時。一人の法師がどこからともなく現れて、何万という敵に飛びかかり、手に持った錫杖をぶんぶんと振り廻して敵兵を薙ぎ倒す、その勢いの凄まじいこと。天が稲光し、地が揺れ動くようやったそうな。」,,
214,青き衣のフンディンの,of Fundin Bluecloak,21,6,4,100,65,65,130,150000,0,0,0,0,4d4,13,17,10,0,STR|WIS|SPEED|LITE|HIDE_TYPE|SLAY_EVIL|SLAY_UNDEAD|RES_FIRE|RES_ELEC|RES_NETHER|HOLD_LIFE|ACTIVATE,,もっとも偉大なドワーフの司祭のひとり、青き衣の『フンディン』の武器である。所有者の肉体と魂魄を護り抜き、死してなお生にすがりつこうとする者どもを打ち滅ぼす。,"The weapon of one of the great dwarven priests, with powers to preserve body and soul, and the bane of those who seek life beyond death.",
215,宵闇の,of The Pitch Dark Night,40,24,4,100,50,150,2,50000,0,0,0,0,0d0,0,0,5,0,STEALTH|SEARCH|HIDE_TYPE|SEE_INVIS|RES_DARK|ACTIVATE|LITE|INSTA_ART,,漆黒の宝玉がつけられた頸飾りだ。身に付けると自分が暗闇の中にいるのを感じる。,,# The Bastard Sword of Eowyn
216,エオウィン姫の,of Eowyn,23,21,4,100,30,50,140,120000,0,0,0,0,4d4,12,16,0,0,STR|CHR|STEALTH|SPEED|SLAY_EVIL|KILL_UNDEAD|SLAY_GIANT|SLAY_ANIMAL|RES_NETHER|RES_FEAR|RES_DARK|RES_COLD,,「盾持つ乙女」ことローハン王国のエオウィン姫が、ベレンノールの野において魔王に振るった剣だ。「しかしわたしは生き身の人間の男ではない！お前が向き合っているのは女だ。わたしはエオウィン、エオムンドの娘だ。」,,
217,聖騎士の,of Sacred Knights,40,25,2,100,50,50,2,77777,0,0,0,0,0d0,0,0,10,0,STR|WIS|HIDE_TYPE|RES_CONF|RES_CHAOS|BLESSED|SEE_INVIS|FREE_ACT|REGEN|HOLD_LIFE|ACTIVATE|INSTA_ART,,これを身につけたプレイヤーは呪いをはね返すことができる。,,
218,地獄の,of the Hell,40,26,-2,100,50,40,30,66666,0,0,0,0,0d0,15,15,-5,0,INT|WIS|CHR|STEALTH|SPEED|HIDE_TYPE|RES_DARK|RES_NETHER|SEE_INVIS|AGGRAVATE|ESP_UNDEAD|ACTIVATE|INSTA_ART,,地獄の囚人を拘束する首輪だ。多くの囚人の怨念が込められている。,,
219,帯魔力ペンダント,Charmed Pendant,40,27,2,100,50,100,2,100000,0,0,0,0,0d0,0,0,5,0,INT|CHR|INFRA|SEARCH|HIDE_TYPE|FULL_NAME|SEE_INVIS|FREE_ACT|SLOW_DIGEST|REGEN|LITE|WARNING|SH_FIRE|SH_ELEC|SH_COLD|ACTIVATE|INSTA_ART,,,,
220,ものまねの始祖ゴゴの,of Gogo,40,28,4,100,50,100,2,55555,0,0,0,0,0d0,0,0,0,0,INT|WIS|DEX|SEE_INVIS|LITE|INSTA_ART,,,,
221,森の狩人ロビンフッドの,of Robin Hood,19,12,2,100,20,15,30,50000,0,0,0,0,2d1,15,17,0,0,DEX|CHR|STEALTH|XTRA_MIGHT|HIDE_TYPE|SHOW_MODS|XTRA_H_RES,,シャーウッドの森に住む義賊ロビン・フッドの弓だ。,This is of Robin Hood who live in the deep forest.,# from Slash'EM
222,『ヘルファイア』,'Hellfire',19,23,4,100,30,15,110,60000,0,0,0,0,2d1,15,17,0,0,STR|INFRA|RES_FIRE|SH_FIRE|ACTIVATE|HIDE_TYPE|SHOW_MODS,,この燃えるような色のクロスボウは、発射するボルトに炎の力を与えることができる。,This crossbow gives flame energy to bolts which it fires.,
223,名射手ウィリアム・テルの,of Wilhelm Tell,19,23,4,100,35,30,110,50000,0,0,0,0,0d0,40,13,0,0,DEX|HIDE_TYPE|SEE_INVIS|XTRA_MIGHT|SHOW_MODS,,スイスの英雄ウィリアム・テルの使ったクロスボウだ。彼は我が子の頭の上のリンゴを正確に撃ち抜き、民衆を苦しめる悪代官ゲスラーを打ち破った。,"With this crossbow, Swiss hero Tell shot an apple exactly though it was on his son's head, and then he defeated evil magistrate Gessler.",
224,名射手ウィリアム・テルの,of Wilhelm Tell,18,1,0,100,35,35,2,5000,0,0,0,0,6d5,20,16,0,0,KILL_HUMAN,,かつてウィリアム・テルが撃ち放った1本のクロスボウの矢だ。悪代官ゲスラーの命を正確に奪ったという。,It is said that this bolt sticked onto the heart of Gessler when Wilhelm Tell shot it.,#JX#
225,アスクレピオスの,of Aesculapius,21,14,3,100,40,45,160,300000,0,0,0,0,2d11,15,15,5,0,WIS|CHR|BLESSED|LITE|ACTIVATE|SEE_INVIS|FREE_ACT|HOLD_LIFE|REGEN|SLOW_DIGEST|VAMPIRIC|SLAY_ANIMAL|SLAY_DRAGON|SLAY_HUMAN|SLAY_ORC|SLAY_TROLL|SLAY_GIANT|RES_POIS|RES_CONF|RES_CHAOS,,これは、医学の神アスクレピオスの奇跡の六尺棒だ。どんな怪我もたちまち癒してしまう。,"This is the staff of Aesculapius, who is a greek god of the medicine.",#JX#
226,幽体ドラゴン・スケイルメイル,Spectral Dragon Scale Mail,38,3,0,100,75,30,100,350000,0,0,40,0,2d4,-2,0,20,0,SH_COLD|RES_COLD|RES_POIS|RES_CONF|RES_FEAR|RES_NETHER|RES_NEXUS|RES_DISEN|SEE_INVIS|HOLD_LIFE|LEVITATION|CURSED|HEAVY_CURSE|DRAIN_EXP|FULL_NAME,,このドラゴンの鱗鎧は、かつて強大な力を誇っていたワイアームの怨霊の鱗から作られたものだ。うっすらと白く透き通っている。,A white transparent dragon scale mail which was made fromthe tortured soul of a once powerful wyrm.,
227,『降妖宝杖』,of Sha Wujing,22,14,2,100,30,30,175,100000,0,0,0,0,3d7,12,10,0,0,BLESSED|STR|WIS|SLAY_EVIL|SLAY_UNDEAD|KILL_DEMON|SEE_INVIS|REGEN|INFRA|RES_ACID|RES_COLD|RES_DARK|RES_FEAR,,河童の妖怪沙悟浄の使った武器だ。三日月状の刃が棒の先端についているため、錫杖のように見える。悟浄はこの武器を手に三蔵法師の旅を助けた。,This lajatang looks like a staff because it has only a blade which looks like a half moon. Sha Wujing helped a long journy of Tang Sanzang with it.,
228,殺人鬼エルミの,of Elmi the Murder,22,1,2,100,15,10,60,50000,0,0,0,0,3d5,5,19,0,0,DEX|STEALTH|HIDE_TYPE|FORCE_WEAPON|KILL_HUMAN|VORPAL|SEE_INVIS,,ラフノール中を震え上がらせた殺人鬼エルミの使った手斧だ。ラフノールはこの殺人鬼を捕らえるために、20人以上の行者(エスパー)を投入したという。「この手口には見覚えがある…」(聖悠紀「超人ロック『光の剣』」),This is a hatchet of Elmi who was a horrible muder of Raffnor.,
229,『太郎太刀』,'Taro Dachi',23,27,4,100,40,25,300,120000,0,0,0,0,9d4,0,0,-5,0,STR|RES_FEAR|VORPAL|SLAY_HUMAN|SLAY_ORC|SLAY_TROLL|SLAY_GIANT,,刀身五尺三寸の長くて重い太刀だ。朝倉家家臣真柄直隆は、この大きな太刀を手にして多くの敵兵の命を奪いさった。その強さゆえに敵陣に突っ込みすぎたという。,Asakura's captain Naotaka Magara defeated a lot of soldierswith this large katana.,
230,手品師の,of Magician,23,1,0,100,1,1,5,3000,0,0,0,0,1d1,0,0,0,0,,,このダガーは人を傷つけることはないだろう。,This dagger can not injure someone almostly.,
231,暗殺者荊軻の,of Jing Ke,23,6,1,100,15,15,20,50000,0,0,0,0,2d5,-2,13,0,0,DEX|BLOWS|SPEED|HIDE_TYPE|BRAND_COLD|BRAND_POIS|VORPAL|RES_FEAR,,猛毒の刃を持つ鋭い匕首だ。斬られればたちまち死に至るだろう。燕の刺客荊軻は、この匕首を用いて秦の始皇帝の暗殺を試みた。いまもその執念が宿る。「其人雖已歿　千載有餘情」(陶淵明「詠荊軻」),,
232,農夫マゴットの,of Maggot,22,3,1,100,10,4,70,10000,0,0,0,0,2d3,7,9,0,0,STR|DEX|RES_FIRE|RES_LITE|VORPAL,,これは農夫マゴットの農作業用の鎌だ。どうやら農場に置き忘れてしまったようだ。,This is farmer Maggot's sickle. He left it behind on his farm.,
233,『天女の羽衣』,of the Heavenly Maiden,35,5,4,100,50,3,0,45000,0,0,0,0,0d0,0,0,20,0,CHR|LEVITATION|SEE_INVIS|FREE_ACT|ACTIVATE|RES_COLD|RES_ELEC|XTRA_H_RES|XTRA_POWER,,豫章新喩縣男子，見田中有六七女，皆衣毛衣，不知是鳥。匍匐往得其一女所解毛衣，取藏之，即往就諸鳥。諸鳥各飛去，一鳥獨不得去。男子取以為婦。生三女。其母后使女問父，知衣在積稻下，得之，衣而飛去，後復以迎三女，女亦得飛去。(捜神記),"This is a heavenly cloak of the maiden which was stolen by a man, when she was having a bath at a lake with her friend maidens.",
234,源義経の,of Yositsune,32,8,2,100,50,20,60,96000,0,9,7,0,1d2,0,0,8,0,DEX|CON|CHR|SEARCH|INFRA|HIDE_TYPE|RES_FEAR|RES_BLIND|RES_SOUND|WARNING|ESP_HUMAN,,源氏の勇者源義経の飾りのついた星兜だ。義経はこれをかぶり、平氏からの刃や矢の攻撃を防いだ。,This is Yositsune's kabuto. It defended his head against many arrows and blades from his ememies.,
235,源義経の,of Yositsune,37,14,2,100,50,20,200,192000,0,9,17,0,1d4,0,0,28,0,DEX|SPEED|STEALTH|HIDE_TYPE|FREE_ACT|REGEN|SLOW_DIGEST|RES_ACID|RES_FIRE|RES_COLD|RES_ELEC|RES_CONF|RES_CHAOS|RES_NEXUS,,源義経の赤糸威胴丸鎧だ。義経はこれを着て舟から舟へと飛び移った。身につけると彼の身軽さと器用さを感じることができる。,"This is the haramakido of Yositsune who is the best brave warrior of Genji. You can feel his agility and dexterity, when you put it on.",
236,畠山重忠の赤糸威,of the Bando Musha,37,16,2,100,45,15,320,90000,0,11,24,0,1d4,5,5,20,0,STR|CON|CHR|HIDE_TYPE|SHOW_MODS|RES_ACID|RES_COLD|RES_ELEC|RES_BLIND|RES_DISEN|RES_FEAR|XTRA_H_RES,,知勇兼備の武者畠山重忠の赤糸威大鎧だ。清廉潔白をもって知られた重忠は「坂東武士の鑑」と称された。この大鎧は、あたかも彼がここにいるかのように威風堂々としている。,"This is Shigetada Hatakeyama's O-yoroi. He is brave, wise and honest warrior, so he was called the best model of eastern samurai. This O-yoroi is majestical like him.",
237,サブテラの英雄トレマーの,of Tremor,31,1,2,100,50,20,5,86000,0,13,1,0,0d0,5,15,15,0,STR|CON|HIDE_TYPE|FREE_ACT|SHOW_MODS,,荒廃した世界を救うために、「ブラッドストーム」と呼ばれる世の皇帝を決める闘いへ身を投じた英雄のガントレットだ。それ自体が強力な兵器となっている。,,
238,アルダの,of Arda,39,10,2,100,99,120,5,150000,0,0,0,0,1d1,0,0,0,0,ACTIVATE|SEE_INVIS|HOLD_LIFE|RES_LITE|RES_NETHER|INSTA_ART|STR|WIS|INT|DEX|CON|CHR,,アノールの炎、イシルの光、３つのシルマリル、そしてそれらの元となった二本の木、最も古き原初の二つの灯火、そしてアルダの生命全てがこの炎を源としている。これを所持していた事こそがイルーヴァタールの御技の一切が正しきことの証であり、メルコールのいかなる企みも、創造主の手の内にあった理由に他ならない。,,シルマリルの物語、ヴァラクエンダやアイヌリンダレに記述されるところの秘密の炎、不滅の炎、創造の源
239,イェンダーの魔除け,the Amulet of Yendor,40,29,2,100,50,100,50,60000,0,0,0,0,1d1,0,0,0,0,ACTIVATE|SEE_INVIS|HOLD_LIFE|RES_LITE|RES_DISEN|INSTA_ART|WIS|INT|FULL_NAME|QUESTITEM|DIVINE_CURSE,,多元宇宙の遥か昔から数多の挑戦者が求めて止まなかった伝説の魔除けだ。,,御馴染みのアレ
240,ウドゥンの,of Udun,39,11,2,100,99,90,5,150000,0,0,0,0,1d1,0,0,0,0,ACTIVATE|SEE_INVIS|HOLD_LIFE|RES_LITE|RES_NETHER|INSTA_ART|STR|WIS|INT|DEX|CON|CHR,,メルコールに追従したマイア達が、彼が独自に手に入れた創造の力を分け与えられた証そのものと言われる濃い色の炎だ。彼等がヴァリノールの神族と対峙する際は、常にこの炎に身を包み、恐るべき力の悪鬼の姿を取っていたという。,,
241,ゾットの,of Zot,39,12,2,100,99,90,5,150000,0,0,0,0,1d1,0,0,0,0,ACTIVATE|SEE_INVIS|HOLD_LIFE|RES_LITE|RES_NETHER|INSTA_ART|STR|WIS|INT|DEX|CON|CHR,,,,
242,魔術師ワードナの,of Werdna,40,30,2,100,99,100,50,60000,0,0,0,0,1d1,0,0,0,0,ACTIVATE|SEE_INVIS|HOLD_LIFE|RES_LITE|RES_DISEN|INSTA_ART|WIS|INT,,ところで、何か忘れてないか？,,
243,＊THE GHOST WHEEL＊,of Ghost,51,0,2,100,99,100,50,60000,0,0,0,0,1d1,0,0,0,0,INSTA_ART|FULL_NAME,,,,
244,冥王メルコールの,of Melkor,22,2,-2,100,80,100,50,500000,0,0,0,0,9d6,20,25,-30,0,STEALTH|RES_DARK|INFRA|SPEED|RIDING|KILL_ANIMAL|KILL_HUMAN|SLAY_GOOD|FREE_ACT|RES_ACID|RES_ELEC|RES_FIRE|RES_COLD|RES_CONF|RES_CHAOS|SEE_INVIS|TELEPATHY|AGGRAVATE|SHOW_MODS|VORPAL|BRAND_FIRE|BRAND_POIS|LITE,,冥王メルコールはヴァリノールの虜囚の身から脱する際、ウンゴリアントと共にテルペリオンとラウレリンの二本の木を破壊し、ノルドールの長フィンウェを殺して三つのシルマリルを略奪した。これはその際に用いられたと言われる黒く巨大な槍だ。,,
245,アノールの,of Anor,39,11,3,100,99,90,5,150000,0,0,0,0,1d1,0,0,0,0,ACTIVATE|SEE_INVIS|HOLD_LIFE|RES_LITE|RES_NETHER|INSTA_ART|STR|WIS|INT|DEX|CON|CHR,,,,# N: serial number : item name# I: tval : sval : pval# W: depth : rarity : weight : cost# P: base armor class : base damage : plus to-hit : plus to-dam : plus# to-ac# F: flag | flag |etc#JZ#
