ID,ID2,PRE_ID,ANTI_ID,NAME,E_NAME,SPELL,STR,INT,WIS,DEX,CON,CHA,DIS,DEV,ROB,EVA,VOL,STL,SRH,FOS,THN,THB,INFRA,HITD_M,EXP,SPEED,BASE_LEVEL,MP_COST,USE_STAT,FAIL,FLAGS,DESCRIPTION,E_DESCRIPTION
0,UNIQUE,-1,-1,ユニーク,Undefined,0,0,0,0,0,0,0,0,0,0,0,0,0,0,0,0,0,0,0,0,0,0,0,0,0,0,,
1,QUESTOR,-1,-1,クエスター,Undefined,0,0,0,0,0,0,0,0,0,0,0,0,0,0,0,0,0,0,0,0,0,0,0,0,0,0,,
2,STIGMATIC,-1,-1,烙印者,Undefined,0,0,0,0,0,0,0,0,0,0,0,0,0,0,0,0,0,0,0,0,0,0,0,0,0,0,,
3,XXX,-1,-1,未定義,Undefined,0,0,0,0,0,0,0,0,0,0,0,0,0,0,0,0,0,0,0,0,0,0,0,0,0,0,,
4,CHAR_CLEAR,-1,-1,透明シンボル,Undefined,0,0,0,0,0,0,0,0,0,0,0,0,0,0,0,0,0,0,0,0,0,0,0,0,0,0,,
5,SHAPECHANGER,-1,-1,シンボルアルファベット可変,Undefined,0,0,0,0,0,0,0,0,0,0,0,0,0,0,0,0,0,0,0,0,0,0,0,0,0,0,,
6,ATTR_CLEAR,-1,-1,未定義,Undefined,0,0,0,0,0,0,0,0,0,0,0,0,0,0,0,0,0,0,0,0,0,0,0,0,0,0,,
7,ATTR_MULTI,-1,-1,未定義,Undefined,0,0,0,0,0,0,0,0,0,0,0,0,0,0,0,0,0,0,0,0,0,0,0,0,0,0,,
8,FORCE_DEPTH,-1,-1,未定義,Undefined,0,0,0,0,0,0,0,0,0,0,0,0,0,0,0,0,0,0,0,0,0,0,0,0,0,0,,
9,FORCE_MAXHP,-1,-1,未定義,Undefined,0,0,0,0,0,0,0,0,0,0,0,0,0,0,0,0,0,0,0,0,0,0,0,0,0,0,,
10,FORCE_SLEEP,-1,-1,未定義,Undefined,0,0,0,0,0,0,0,0,0,0,0,0,0,0,0,0,0,0,0,0,0,0,0,0,0,0,,
11,FORCE_EXTRA,-1,-1,未定義,Undefined,0,0,0,0,0,0,0,0,0,0,0,0,0,0,0,0,0,0,0,0,0,0,0,0,0,0,,
12,ATTR_SEMIRAND,-1,-1,未定義,Undefined,0,0,0,0,0,0,0,0,0,0,0,0,0,0,0,0,0,0,0,0,0,0,0,0,0,0,,
13,FRIENDS,-1,-1,未定義,Undefined,0,0,0,0,0,0,0,0,0,0,0,0,0,0,0,0,0,0,0,0,0,0,0,0,0,0,,
14,ESCORT,-1,-1,護衛,Undefined,0,0,0,0,0,0,0,0,0,0,0,0,0,0,0,0,0,0,0,0,0,0,0,0,0,0,,
15,ESCORTS,-1,-1,多数の護衛,Undefined,0,0,0,0,0,0,0,0,0,0,0,0,0,0,0,0,0,0,0,0,0,0,0,0,0,0,,
16,NEVER_BLOW,-1,-1,攻撃不可,Undefined,0,0,0,0,0,0,0,0,0,0,0,0,0,0,0,0,0,0,0,0,0,0,0,0,0,0,,
17,NEVER_MOVE,-1,-1,移動不可,Undefined,0,0,0,0,0,0,0,0,0,0,0,0,0,0,0,0,0,0,0,0,0,0,0,0,0,0,,
18,RAND_25,-1,-1,25%ランダム移動,Undefined,0,0,0,0,0,0,0,0,0,0,0,0,0,0,0,0,0,0,0,0,0,0,0,0,0,0,,
19,RAND_50,-1,-1,50%ランダム移動,Undefined,0,0,0,0,0,0,0,0,0,0,0,0,0,0,0,0,0,0,0,0,0,0,0,0,0,0,,
20,ONLY_GOLD,-1,-1,金のみを落とす,Undefined,0,0,0,0,0,0,0,0,0,0,0,0,0,0,0,0,0,0,0,0,0,0,0,0,0,0,,
21,ONLY_ITEM,-1,-1,アイテムのみを落とす,Undefined,0,0,0,0,0,0,0,0,0,0,0,0,0,0,0,0,0,0,0,0,0,0,0,0,0,0,,
22,DROP_60,-1,-1,未定義,Undefined,0,0,0,0,0,0,0,0,0,0,0,0,0,0,0,0,0,0,0,0,0,0,0,0,0,0,,
23,DROP_90,-1,-1,未定義,Undefined,0,0,0,0,0,0,0,0,0,0,0,0,0,0,0,0,0,0,0,0,0,0,0,0,0,0,,
24,DROP_1D2,-1,-1,未定義,Undefined,0,0,0,0,0,0,0,0,0,0,0,0,0,0,0,0,0,0,0,0,0,0,0,0,0,0,,
25,DROP_2D2,-1,-1,未定義,Undefined,0,0,0,0,0,0,0,0,0,0,0,0,0,0,0,0,0,0,0,0,0,0,0,0,0,0,,
26,DROP_3D2,-1,-1,未定義,Undefined,0,0,0,0,0,0,0,0,0,0,0,0,0,0,0,0,0,0,0,0,0,0,0,0,0,0,,
27,DROP_4D2,-1,-1,未定義,Undefined,0,0,0,0,0,0,0,0,0,0,0,0,0,0,0,0,0,0,0,0,0,0,0,0,0,0,,
28,DROP_GOOD,-1,-1,未定義,Undefined,0,0,0,0,0,0,0,0,0,0,0,0,0,0,0,0,0,0,0,0,0,0,0,0,0,0,,
29,DROP_GREAT,-1,-1,未定義,Undefined,0,0,0,0,0,0,0,0,0,0,0,0,0,0,0,0,0,0,0,0,0,0,0,0,0,0,,
30,LEFT_HANDER,-1,-1,左手利き,Undefined,0,0,0,0,0,0,0,0,0,0,0,0,0,0,0,0,0,0,0,0,0,0,0,0,0,0,,
31,NO_DEVOTEE,-1,-1,信徒を持たない,Undefined,0,0,0,0,0,0,0,0,0,0,0,0,0,0,0,0,0,0,0,0,0,0,0,0,0,0,,
32,STUPID,-1,-1,愚か,Undefined,0,0,0,0,0,0,0,0,0,0,0,0,0,0,0,0,0,0,0,0,0,0,0,0,0,0,,
33,SMART,-1,-1,賢い,Undefined,0,0,0,0,0,0,0,0,0,0,0,0,0,0,0,0,0,0,0,0,0,0,0,0,0,0,,
34,CAN_SPEAK,-1,-1,会話できる,Undefined,0,0,0,0,0,0,0,0,0,0,0,0,0,0,0,0,0,0,0,0,0,0,0,0,0,0,,
35,REFLECTING,-1,-1,反射,Undefined,0,0,0,0,0,0,0,0,0,0,0,0,0,0,0,0,0,0,0,0,0,0,0,0,0,0,,
36,INVISIBLE,-1,-1,透明,Undefined,0,0,0,0,0,0,0,0,0,0,0,0,0,0,0,0,0,0,0,0,0,0,0,0,0,0,,
37,COLD_BLOOD,-1,-1,冷血生物,Undefined,0,0,0,0,0,0,0,0,0,0,0,0,0,0,0,0,0,0,0,0,0,0,0,0,0,0,,
38,EMPTY_MIND,-1,-1,知能を持たない,Undefined,0,0,0,0,0,0,0,0,0,0,0,0,0,0,0,0,0,0,0,0,0,0,0,0,0,0,,
39,WEIRD_MIND,-1,-1,特殊な精神構造,Undefined,0,0,0,0,0,0,0,0,0,0,0,0,0,0,0,0,0,0,0,0,0,0,0,0,0,0,,
40,MULTIPLY,-1,-1,分裂,Undefined,0,0,0,0,0,0,0,0,0,0,0,0,0,0,0,0,0,0,0,0,0,0,0,0,0,0,,
41,REGENERATE,-1,-1,急回復,Undefined,0,0,0,0,0,0,0,0,0,0,0,0,0,0,0,0,0,0,0,0,0,0,0,0,0,0,,
42,CHAR_MULTI,-1,-1,未定義,Undefined,0,0,0,0,0,0,0,0,0,0,0,0,0,0,0,0,0,0,0,0,0,0,0,0,0,0,,
43,ATTR_ANY,-1,-1,未定義,Undefined,0,0,0,0,0,0,0,0,0,0,0,0,0,0,0,0,0,0,0,0,0,0,0,0,0,0,,
44,POWERFUL,-1,-1,技能強化,Undefined,0,0,0,0,0,0,0,0,0,0,0,0,0,0,0,0,0,0,0,0,0,0,0,0,0,0,,
45,ELDRITCH_HORROR,-1,-1,エルドリッチホラー,Undefined,0,0,0,0,0,0,0,0,0,0,0,0,0,0,0,0,0,0,0,0,0,0,0,0,0,0,,
46,AURA_FIRE,-1,-1,炎のオーラ,Undefined,0,0,0,0,0,0,0,0,0,0,0,0,0,0,0,0,0,0,0,0,0,0,0,0,0,0,,
47,AURA_ELEC,-1,-1,電撃のオーラ,Undefined,0,0,0,0,0,0,0,0,0,0,0,0,0,0,0,0,0,0,0,0,0,0,0,0,0,0,,
48,OPEN_DOOR,-1,-1,ドアを開けられる,Undefined,0,0,0,0,0,0,0,0,0,0,0,0,0,0,0,0,0,0,0,0,0,0,0,0,0,0,,
49,BASH_DOOR,-1,-1,ドアを打ち破られる,Undefined,0,0,0,0,0,0,0,0,0,0,0,0,0,0,0,0,0,0,0,0,0,0,0,0,0,0,,
50,PASS_WALL,-1,-1,壁を通り抜ける,Undefined,0,0,0,0,0,0,0,0,0,0,0,0,0,0,0,0,0,0,0,0,0,0,0,0,0,0,,
51,KILL_WALL,-1,-1,壁を壊しながら移動できる,Undefined,0,0,0,0,0,0,0,0,0,0,0,0,0,0,0,0,0,0,0,0,0,0,0,0,0,0,,
52,MOVE_BODY,-1,-1,邪魔なクリーチャーを押しのけられる,Undefined,0,0,0,0,0,0,0,0,0,0,0,0,0,0,0,0,0,0,0,0,0,0,0,0,0,0,,
53,KILL_BODY,-1,-1,邪魔なクリーチャーを攻撃する,Undefined,0,0,0,0,0,0,0,0,0,0,0,0,0,0,0,0,0,0,0,0,0,0,0,0,0,0,,
54,TAKE_ITEM,-1,-1,アイテムを拾える,Undefined,0,0,0,0,0,0,0,0,0,0,0,0,0,0,0,0,0,0,0,0,0,0,0,0,0,0,,
55,KILL_ITEM,-1,-1,アイテムを破壊する,Undefined,0,0,0,0,0,0,0,0,0,0,0,0,0,0,0,0,0,0,0,0,0,0,0,0,0,0,,
56,IGNORE_SIZE,-1,-1,サイズ可変,Undefined,0,0,0,0,0,0,0,0,0,0,0,0,0,0,0,0,0,0,0,0,0,0,0,0,0,0,,
57,XXX,-1,-1,未定義,Undefined,0,0,0,0,0,0,0,0,0,0,0,0,0,0,0,0,0,0,0,0,0,0,0,0,0,0,,
58,XXX,-1,-1,未定義,Undefined,0,0,0,0,0,0,0,0,0,0,0,0,0,0,0,0,0,0,0,0,0,0,0,0,0,0,,
59,XXX,-1,-1,未定義,Undefined,0,0,0,0,0,0,0,0,0,0,0,0,0,0,0,0,0,0,0,0,0,0,0,0,0,0,,
60,XXX,-1,-1,未定義,Undefined,0,0,0,0,0,0,0,0,0,0,0,0,0,0,0,0,0,0,0,0,0,0,0,0,0,0,,
61,XXX,-1,-1,未定義,Undefined,0,0,0,0,0,0,0,0,0,0,0,0,0,0,0,0,0,0,0,0,0,0,0,0,0,0,,
62,XXX,-1,-1,未定義,Undefined,0,0,0,0,0,0,0,0,0,0,0,0,0,0,0,0,0,0,0,0,0,0,0,0,0,0,,
63,QUANTUM,-1,-1,量子生物,Undefined,0,0,0,0,0,0,0,0,0,0,0,0,0,0,0,0,0,0,0,0,0,0,0,0,0,0,,
64,HUMANOID,-1,-1,人型種族,Undefined,0,0,0,0,0,0,0,0,0,0,0,0,0,0,0,0,0,0,0,0,0,0,0,0,0,0,,
65,XXX,-1,-1,未定義,Undefined,0,0,0,0,0,0,0,0,0,0,0,0,0,0,0,0,0,0,0,0,0,0,0,0,0,0,,
66,GOLEM,-1,-1,ゴーレム,Undefined,0,4,-5,-3,-2,4,-2,0,0,12,12,12,-1,7,5,30,10,4,0,0,0,0,0,0,0,0,ゴーレムは一定の材料に魔法の生命を吹き込まれて生まれる人工種族です。副種族として、いかなる種族をかたどっているかを選択することである程度能力値が変化しますが、どうあれ彼らの知性は本来の種族と比べると明らかに不十分です。そのため魔法に依存する職業は苦手ですが、戦士には非常に向いています。彼らは毒に耐性を持ち、見えないものを見ることができ、さらに麻痺知らずです。レベルが上がれば、生命力吸収の耐性も得ます。通常の食物からは栄養を摂取できませんが、代わりに魔法棒や杖から魔力を吸収して動力源にする事ができます。また、その頑丈な身体のためＡＣに大きなボーナスがつき、出血や朦朧の心配もありません。,
67,ANDROID,-1,-1,アンドロイド,Undefined,0,4,-3,-5,0,4,-2,0,2,4,4,4,-2,10,8,30,20,0,0,0,0,0,0,0,0,0,アンドロイドは機械の身体を持つ人工種族です。副種族としてどのような他種族をかたどっているかを選択することで、若干特性が変化します。かたどった元の種族と比べて魔法は苦手ですが、戦士としては非常に優れています。彼らの成長は通常の経験では成されず、身体に身につける装備に依存します。ただし、指輪、アミュレット、光源は成長に影響しません。彼らは毒、麻痺、生命吸収の耐性を持ち、ＡＣのボーナスも得られます。しかし身体に電子回路が組み込まれているため、電撃によって通常よりも大きなダメージを受けてしまいます。彼らは食物からほとんど動力を得られませんが、油で動力を得る事ができます。この種族を副種族として選んだ場合は、部分的に機械の体を持った「サイボーグ」と見なされ、腕力、器用さ、耐久のボーナスと、電撃の弱点が付加されます。,
68,ZOMBIE,-1,-1,ゾンビ,Undefined,0,0,0,0,0,0,0,0,0,0,0,0,0,0,0,0,0,0,0,0,0,0,0,0,0,0,,
69,SKELETON,-1,-1,スケルトン,Undefined,0,0,0,0,0,0,0,0,0,0,0,0,0,0,0,0,0,0,0,0,0,0,0,0,0,0,,
70,VAMPIRE,-1,-1,吸血鬼,Undefined,0,0,0,0,0,0,0,0,0,0,0,0,0,0,0,0,0,0,0,0,0,0,0,0,0,0,,
71,LICH,-1,-1,リッチ,Undefined,0,0,0,0,0,0,0,0,0,0,0,0,0,0,0,0,0,0,0,0,0,0,0,0,0,0,,
72,PUELLA_MAGI,-1,-1,魔法少女,Undefined,0,1,1,1,1,1,3,0,0,5,5,5,0,0,0,0,0,0,0,0,0,0,0,0,0,0,,
73,NAZGUL,-1,-1,ナズグル,Undefined,0,3,2,2,2,3,0,0,0,0,0,0,0,0,0,0,0,0,0,0,0,0,0,0,0,0,,
74,AURA_COLD,-1,-1,冷気のオーラ,Undefined,0,0,0,0,0,0,0,0,0,0,0,0,0,0,0,0,0,0,0,0,0,0,0,0,0,0,,
75,NONLIVING,-1,-1,無生物,Undefined,0,0,0,0,0,0,0,0,0,0,0,0,0,0,0,0,0,0,0,0,0,0,0,0,0,0,,
76,HURT_LITE,-1,-1,光が弱点,Undefined,0,0,0,0,0,0,0,0,0,0,0,0,0,0,0,0,0,0,0,0,0,0,0,0,0,0,,
77,HURT_ROCK,-1,-1,融解による弱点,Undefined,0,0,0,0,0,0,0,0,0,0,0,0,0,0,0,0,0,0,0,0,0,0,0,0,0,0,,
78,HURT_FIRE,-1,-1,火炎弱点,Undefined,0,0,0,0,0,0,0,0,0,0,0,0,0,0,0,0,0,0,0,0,0,0,0,0,0,0,,
79,HURT_COLD,-1,-1,冷気弱点,Undefined,0,0,0,0,0,0,0,0,0,0,0,0,0,0,0,0,0,0,0,0,0,0,0,0,0,0,,
80,AMAN,-1,-1,アマン神族,Undefined,0,0,0,0,0,0,0,0,0,0,0,0,0,0,0,0,0,0,0,0,0,0,0,0,0,0,,
81,VANYAR,-1,-1,ヴァンヤール族,Undefined,0,0,0,0,0,0,0,0,0,0,0,0,0,0,0,0,0,0,0,0,0,0,0,0,0,0,,
82,NOLDOR,-1,-1,ノルドール族,Undefined,0,0,0,0,0,0,0,0,0,0,0,0,0,0,0,0,0,0,0,0,0,0,0,0,0,0,,
83,TERERI,-1,-1,テレリ族,Undefined,0,0,0,0,0,0,0,0,0,0,0,0,0,0,0,0,0,0,0,0,0,0,0,0,0,0,,
84,ERU,-1,-1,唯一神,Undefined,0,0,0,0,0,0,0,0,0,0,0,0,0,0,0,0,0,0,0,0,0,0,0,0,0,0,,
85,HURT_ELEC,-1,-1,電撃が弱点,Undefined,0,0,0,0,0,0,0,0,0,0,0,0,0,0,0,0,0,0,0,0,0,0,0,0,0,0,,
86,XXX,-1,-1,未定義,Undefined,0,0,0,0,0,0,0,0,0,0,0,0,0,0,0,0,0,0,0,0,0,0,0,0,0,0,,
87,XXX,-1,-1,未定義,Undefined,0,0,0,0,0,0,0,0,0,0,0,0,0,0,0,0,0,0,0,0,0,0,0,0,0,0,,
88,XXX,-1,-1,未定義,Undefined,0,0,0,0,0,0,0,0,0,0,0,0,0,0,0,0,0,0,0,0,0,0,0,0,0,0,,
89,NO_WOUND,-1,-1,出血しない,Undefined,0,0,0,0,0,0,0,0,0,0,0,0,0,0,0,0,0,0,0,0,0,0,0,0,0,0,,
90,HOLD_LIFE,-1,-1,生命力維持,Undefined,0,0,0,0,0,0,0,0,0,0,0,0,0,0,0,0,0,0,0,0,0,0,0,0,0,0,,
91,NO_BLIND,-1,-1,盲目にならない,Undefined,0,0,0,0,0,0,0,0,0,0,0,0,0,0,0,0,0,0,0,0,0,0,0,0,0,0,,
92,NO_FEAR,-1,-1,恐慌に陥らない,Undefined,0,0,0,0,0,0,0,0,0,0,0,0,0,0,0,0,0,0,0,0,0,0,0,0,0,0,,
93,NO_STUN,-1,-1,朦朧としない,Undefined,0,0,0,0,0,0,0,0,0,0,0,0,0,0,0,0,0,0,0,0,0,0,0,0,0,0,,
94,NO_CONF,-1,-1,混乱しない,Undefined,0,0,0,0,0,0,0,0,0,0,0,0,0,0,0,0,0,0,0,0,0,0,0,0,0,0,,
95,NO_SLEEP,-1,-1,麻痺しない,Undefined,0,0,0,0,0,0,0,0,0,0,0,0,0,0,0,0,0,0,0,0,0,0,0,0,0,0,,
96,SHRIEK,-1,-1,叫ぶ,Undefined,0,0,0,0,0,0,0,0,0,0,0,0,0,0,0,0,0,0,0,0,0,0,0,0,0,0,,
97,BLUFF,-1,-1,ブラフ,Undefined,0,0,0,0,0,0,0,0,0,0,0,0,0,0,0,0,0,0,0,0,0,0,0,0,0,0,,
98,DISPEL,-1,-1,魔力消去,Undefined,1,0,0,0,0,0,0,0,0,0,0,0,0,0,0,0,0,0,0,0,0,0,0,0,0,0,,
99,ROCKET,-1,-1,ロケット,Undefined,1,0,0,0,0,0,0,0,0,0,0,0,0,0,0,0,0,0,0,0,0,0,0,0,0,0,,
100,SHOOT,-1,-1,射撃,Undefined,1,0,0,0,0,0,0,0,0,0,0,0,0,0,0,0,0,0,0,0,0,0,0,0,0,0,,
101,XXX2,-1,-1,未定義,Undefined,0,0,0,0,0,0,0,0,0,0,0,0,0,0,0,0,0,0,0,0,0,0,0,0,0,0,,
102,XXX3,-1,-1,未定義,Undefined,0,0,0,0,0,0,0,0,0,0,0,0,0,0,0,0,0,0,0,0,0,0,0,0,0,0,,
103,XXX4,-1,-1,未定義,Undefined,0,0,0,0,0,0,0,0,0,0,0,0,0,0,0,0,0,0,0,0,0,0,0,0,0,0,,
104,BR_ACID,-1,-1,酸のブレス,Undefined,1,0,0,0,0,0,0,0,0,0,0,0,0,0,0,0,0,0,0,0,0,0,0,0,0,0,,
105,BR_ELEC,-1,-1,電撃のブレス,Undefined,1,0,0,0,0,0,0,0,0,0,0,0,0,0,0,0,0,0,0,0,0,0,0,0,0,0,,
106,BR_FIRE,-1,-1,火炎のブレス,Undefined,1,0,0,0,0,0,0,0,0,0,0,0,0,0,0,0,0,0,0,0,0,0,0,0,0,0,,
107,BR_COLD,-1,-1,冷気のブレス,Undefined,1,0,0,0,0,0,0,0,0,0,0,0,0,0,0,0,0,0,0,0,0,0,0,0,0,0,,
108,BR_POIS,-1,-1,毒のブレス,Undefined,1,0,0,0,0,0,0,0,0,0,0,0,0,0,0,0,0,0,0,0,0,0,0,0,0,0,,
109,BR_NETH,-1,-1,地獄のブレス,Undefined,1,0,0,0,0,0,0,0,0,0,0,0,0,0,0,0,0,0,0,0,0,0,0,0,0,0,,
110,BR_LITE,-1,-1,閃光のブレス,Undefined,1,0,0,0,0,0,0,0,0,0,0,0,0,0,0,0,0,0,0,0,0,0,0,0,0,0,,
111,BR_DARK,-1,-1,暗黒のブレス,Undefined,1,0,0,0,0,0,0,0,0,0,0,0,0,0,0,0,0,0,0,0,0,0,0,0,0,0,,
112,BR_CONF,-1,-1,混乱のブレス,Undefined,1,0,0,0,0,0,0,0,0,0,0,0,0,0,0,0,0,0,0,0,0,0,0,0,0,0,,
113,BR_SOUN,-1,-1,轟音のブレス,Undefined,1,0,0,0,0,0,0,0,0,0,0,0,0,0,0,0,0,0,0,0,0,0,0,0,0,0,,
114,BR_CHAO,-1,-1,カオスのブレス,Undefined,1,0,0,0,0,0,0,0,0,0,0,0,0,0,0,0,0,0,0,0,0,0,0,0,0,0,,
115,BR_DISE,-1,-1,劣化のブレス,Undefined,1,0,0,0,0,0,0,0,0,0,0,0,0,0,0,0,0,0,0,0,0,0,0,0,0,0,,
116,BR_NEXU,-1,-1,因果混乱のブレス,Undefined,1,0,0,0,0,0,0,0,0,0,0,0,0,0,0,0,0,0,0,0,0,0,0,0,0,0,,
117,BR_TIME,-1,-1,時間逆転のブレス,Undefined,1,0,0,0,0,0,0,0,0,0,0,0,0,0,0,0,0,0,0,0,0,0,0,0,0,0,,
118,BR_INER,-1,-1,遅鈍のブレス,Undefined,1,0,0,0,0,0,0,0,0,0,0,0,0,0,0,0,0,0,0,0,0,0,0,0,0,0,,
119,BR_GRAV,-1,-1,重力のブレス,Undefined,1,0,0,0,0,0,0,0,0,0,0,0,0,0,0,0,0,0,0,0,0,0,0,0,0,0,,
120,BR_SHAR,-1,-1,破片のブレス,Undefined,1,0,0,0,0,0,0,0,0,0,0,0,0,0,0,0,0,0,0,0,0,0,0,0,0,0,,
121,BR_PLAS,-1,-1,プラズマのブレス,Undefined,1,0,0,0,0,0,0,0,0,0,0,0,0,0,0,0,0,0,0,0,0,0,0,0,0,0,,
122,BR_WALL,-1,-1,フォースのブレス,Undefined,1,0,0,0,0,0,0,0,0,0,0,0,0,0,0,0,0,0,0,0,0,0,0,0,0,0,,
123,BR_MANA,-1,-1,魔力のブレス,Undefined,1,0,0,0,0,0,0,0,0,0,0,0,0,0,0,0,0,0,0,0,0,0,0,0,0,0,,
124,BA_NUKE,-1,-1,放射能球,Undefined,1,0,0,0,0,0,0,0,0,0,0,0,0,0,0,0,0,0,0,0,0,0,0,0,0,0,,
125,BR_NUKE,-1,-1,放射能のブレス,Undefined,1,0,0,0,0,0,0,0,0,0,0,0,0,0,0,0,0,0,0,0,0,0,0,0,0,0,,
126,BA_CHAO,-1,-1,ログルス球,Undefined,1,0,0,0,0,0,0,0,0,0,0,0,0,0,0,0,0,0,0,0,0,0,0,0,0,0,,
127,BR_DISI,-1,-1,未定義,Undefined,1,0,0,0,0,0,0,0,0,0,0,0,0,0,0,0,0,0,0,0,0,0,0,0,0,0,,
128,BA_ACID,-1,-1,アシッド・ボール,Undefined,1,0,0,0,0,0,0,0,0,0,0,0,0,0,0,0,0,0,0,0,0,0,0,0,0,0,,
129,BA_ELEC,-1,-1,サンダー・ボール,Undefined,1,0,0,0,0,0,0,0,0,0,0,0,0,0,0,0,0,0,0,0,0,0,0,0,0,0,,
130,BA_FIRE,-1,-1,ファイアー・ボール,Undefined,1,0,0,0,0,0,0,0,0,0,0,0,0,0,0,0,0,0,0,0,0,0,0,0,0,0,,
131,BA_COLD,-1,-1,アイス・ボール,Undefined,1,0,0,0,0,0,0,0,0,0,0,0,0,0,0,0,0,0,0,0,0,0,0,0,0,0,,
132,BA_POIS,-1,-1,悪臭雲,Undefined,1,0,0,0,0,0,0,0,0,0,0,0,0,0,0,0,0,0,0,0,0,0,0,0,0,0,,
133,BA_NETH,-1,-1,地獄球,Undefined,1,0,0,0,0,0,0,0,0,0,0,0,0,0,0,0,0,0,0,0,0,0,0,0,0,0,,
134,BA_WATE,-1,-1,ウォーター・ボール,Undefined,1,0,0,0,0,0,0,0,0,0,0,0,0,0,0,0,0,0,0,0,0,0,0,0,0,0,,
135,BA_MANA,-1,-1,魔力の嵐,Undefined,1,0,0,0,0,0,0,0,0,0,0,0,0,0,0,0,0,0,0,0,0,0,0,0,0,0,,
136,BA_DARK,-1,-1,暗黒の嵐,Undefined,1,0,0,0,0,0,0,0,0,0,0,0,0,0,0,0,0,0,0,0,0,0,0,0,0,0,,
137,DRAIN_MANA,-1,-1,未定義,Undefined,1,0,0,0,0,0,0,0,0,0,0,0,0,0,0,0,0,0,0,0,0,0,0,0,0,0,,
138,MIND_BLAST,-1,-1,未定義,Undefined,1,0,0,0,0,0,0,0,0,0,0,0,0,0,0,0,0,0,0,0,0,0,0,0,0,0,,
139,BRAIN_SMASH,-1,-1,未定義,Undefined,1,0,0,0,0,0,0,0,0,0,0,0,0,0,0,0,0,0,0,0,0,0,0,0,0,0,,
140,CAUSE_1,-1,-1,軽症の呪い,Undefined,1,0,0,0,0,0,0,0,0,0,0,0,0,0,0,0,0,0,0,0,0,0,0,0,0,0,,
141,CAUSE_2,-1,-1,重症の呪い,Undefined,1,0,0,0,0,0,0,0,0,0,0,0,0,0,0,0,0,0,0,0,0,0,0,0,0,0,,
142,CAUSE_3,-1,-1,致命傷の呪い,Undefined,1,0,0,0,0,0,0,0,0,0,0,0,0,0,0,0,0,0,0,0,0,0,0,0,0,0,,
143,CAUSE_4,-1,-1,秘孔を突く,Undefined,1,0,0,0,0,0,0,0,0,0,0,0,0,0,0,0,0,0,0,0,0,0,0,0,0,0,,
144,BO_ACID,-1,-1,アシッド・ボルト,Undefined,1,0,0,0,0,0,0,0,0,0,0,0,0,0,0,0,0,0,0,0,0,0,0,0,0,0,,
145,BO_ELEC,-1,-1,サンダー・ボルト,Undefined,1,0,0,0,0,0,0,0,0,0,0,0,0,0,0,0,0,0,0,0,0,0,0,0,0,0,,
146,BO_FIRE,-1,-1,ファイア・ボルト,Undefined,1,0,0,0,0,0,0,0,0,0,0,0,0,0,0,0,0,0,0,0,0,0,0,0,0,0,,
147,BO_COLD,-1,-1,アイス・ボルト,Undefined,1,0,0,0,0,0,0,0,0,0,0,0,0,0,0,0,0,0,0,0,0,0,0,0,0,0,,
148,BA_LITE,-1,-1,スターバースト,Undefined,1,0,0,0,0,0,0,0,0,0,0,0,0,0,0,0,0,0,0,0,0,0,0,0,0,0,,
149,BO_NETH,-1,-1,地獄球,Undefined,1,0,0,0,0,0,0,0,0,0,0,0,0,0,0,0,0,0,0,0,0,0,0,0,0,0,,
150,BO_WATE,-1,-1,ウォーター・ボール,Undefined,1,0,0,0,0,0,0,0,0,0,0,0,0,0,0,0,0,0,0,0,0,0,0,0,0,0,,
151,BO_MANA,-1,-1,魔力の矢,Undefined,1,0,0,0,0,0,0,0,0,0,0,0,0,0,0,0,0,0,0,0,0,0,0,0,0,0,,
152,BO_PLAS,-1,-1,プラズマ・ボルト,Undefined,1,0,0,0,0,0,0,0,0,0,0,0,0,0,0,0,0,0,0,0,0,0,0,0,0,0,,
153,BO_ICEE,-1,-1,極寒の矢,Undefined,1,0,0,0,0,0,0,0,0,0,0,0,0,0,0,0,0,0,0,0,0,0,0,0,0,0,,
154,MISSILE,-1,-1,マジック・ミサイル,Undefined,1,0,0,0,0,0,0,0,0,0,0,0,0,0,0,0,0,0,0,0,0,0,0,0,0,0,,
155,SCARE,-1,-1,恐慌,Undefined,1,0,0,0,0,0,0,0,0,0,0,0,0,0,0,0,0,0,0,0,0,0,0,0,0,0,,
156,BLIND,-1,-1,盲目,Undefined,1,0,0,0,0,0,0,0,0,0,0,0,0,0,0,0,0,0,0,0,0,0,0,0,0,0,,
157,CONF,-1,-1,混乱,Undefined,1,0,0,0,0,0,0,0,0,0,0,0,0,0,0,0,0,0,0,0,0,0,0,0,0,0,,
158,SLOW,-1,-1,減速,Undefined,1,0,0,0,0,0,0,0,0,0,0,0,0,0,0,0,0,0,0,0,0,0,0,0,0,0,,
159,HOLD,-1,-1,麻痺,Undefined,1,0,0,0,0,0,0,0,0,0,0,0,0,0,0,0,0,0,0,0,0,0,0,0,0,0,,
160,HASTE,-1,-1,加速,Undefined,1,0,0,0,0,0,0,0,0,0,0,0,0,0,0,0,0,0,0,0,0,0,0,0,0,0,,
161,HAND_DOOM,-1,-1,破滅の手,Undefined,1,0,0,0,0,0,0,0,0,0,0,0,0,0,0,0,0,0,0,0,0,0,0,0,0,0,,
162,HEAL,-1,-1,回復,Undefined,1,0,0,0,0,0,0,0,0,0,0,0,0,0,0,0,0,0,0,0,0,0,0,0,0,0,,
163,INVULNER,-1,-1,無傷球,Undefined,1,0,0,0,0,0,0,0,0,0,0,0,0,0,0,0,0,0,0,0,0,0,0,0,0,0,,
164,BLINK,-1,-1,ショート・テレポート,Undefined,1,0,0,0,0,0,0,0,0,0,0,0,0,0,0,0,0,0,0,0,0,0,0,0,0,0,,
165,TPORT,-1,-1,テレポート,Undefined,1,0,0,0,0,0,0,0,0,0,0,0,0,0,0,0,0,0,0,0,0,0,0,0,0,0,,
166,WORLD,-1,-1,時間停止,Undefined,1,0,0,0,0,0,0,0,0,0,0,0,0,0,0,0,0,0,0,0,0,0,0,0,0,0,,
167,SPECIAL,-1,-1,特別な行動,Undefined,1,0,0,0,0,0,0,0,0,0,0,0,0,0,0,0,0,0,0,0,0,0,0,0,0,,,
168,TELE_TO,-1,-1,引き寄せ,Undefined,1,0,0,0,0,0,0,0,0,0,0,0,0,0,0,0,0,0,0,0,0,0,0,0,0,,,
169,TELE_AWAY,-1,-1,テレポート・アウェイ,Undefined,1,0,0,0,0,0,0,0,0,0,0,0,0,0,0,0,0,0,0,0,0,0,0,0,0,,,
170,TELE_LEVEL,-1,-1,テレポート・レベル,Undefined,1,0,0,0,0,0,0,0,0,0,0,0,0,0,0,0,0,0,0,0,0,0,0,0,0,,,
171,PSY_SPEAR,-1,-1,光の剣,Undefined,1,0,0,0,0,0,0,0,0,0,0,0,0,0,0,0,0,0,0,0,0,0,0,0,0,,,
172,DARKNESS,-1,-1,暗闇生成,Undefined,1,0,0,0,0,0,0,0,0,0,0,0,0,0,0,0,0,0,0,0,0,0,0,0,0,,,
173,TRAPS,-1,-1,トラップ生成,Undefined,1,0,0,0,0,0,0,0,0,0,0,0,0,0,0,0,0,0,0,0,0,0,0,0,0,,,
174,FORGET,-1,-1,忘却,Undefined,1,0,0,0,0,0,0,0,0,0,0,0,0,0,0,0,0,0,0,0,0,0,0,0,0,,,
175,ANIM_DEAD,-1,-1,死者復活,Undefined,1,0,0,0,0,0,0,0,0,0,0,0,0,0,0,0,0,0,0,0,0,0,0,0,0,,,
176,S_KIN,-1,-1,同族召喚,Undefined,1,0,0,0,0,0,0,0,0,0,0,0,0,0,0,0,0,0,0,0,0,0,0,0,0,,,
177,S_CYBER,-1,-1,サイバーデーモン召喚,Undefined,1,0,0,0,0,0,0,0,0,0,0,0,0,0,0,0,0,0,0,0,0,0,0,0,0,,,
178,S_MONSTER,-1,-1,モンスター召喚,Undefined,1,0,0,0,0,0,0,0,0,0,0,0,0,0,0,0,0,0,0,0,0,0,0,0,0,,,
179,S_MONSTERS,-1,-1,モンスター複数召喚,Undefined,1,0,0,0,0,0,0,0,0,0,0,0,0,0,0,0,0,0,0,0,0,0,0,0,0,,,
180,S_ANT,-1,-1,アリ召喚,Undefined,1,0,0,0,0,0,0,0,0,0,0,0,0,0,0,0,0,0,0,0,0,0,0,0,0,,,
181,S_SPIDER,-1,-1,クモ召喚,Undefined,1,0,0,0,0,0,0,0,0,0,0,0,0,0,0,0,0,0,0,0,0,0,0,0,0,,,
182,S_HOUND,-1,-1,ハウンド召喚,Undefined,1,0,0,0,0,0,0,0,0,0,0,0,0,0,0,0,0,0,0,0,0,0,0,0,0,,,
183,S_HYDRA,-1,-1,ヒドラ召喚,Undefined,1,0,0,0,0,0,0,0,0,0,0,0,0,0,0,0,0,0,0,0,0,0,0,0,0,,,
184,S_ANGEL,-1,-1,天使召喚,Undefined,1,0,0,0,0,0,0,0,0,0,0,0,0,0,0,0,0,0,0,0,0,0,0,0,0,,,
185,S_DEMON,-1,-1,悪魔召喚,Undefined,1,0,0,0,0,0,0,0,0,0,0,0,0,0,0,0,0,0,0,0,0,0,0,0,0,,,
186,S_UNDEAD,-1,-1,アンデッド召喚,Undefined,1,0,0,0,0,0,0,0,0,0,0,0,0,0,0,0,0,0,0,0,0,0,0,0,0,,,
187,S_DRAGON,-1,-1,ドラゴン召喚,Undefined,1,0,0,0,0,0,0,0,0,0,0,0,0,0,0,0,0,0,0,0,0,0,0,0,0,,,
188,S_HI_UNDEAD,-1,-1,上級アンデッド召喚,Undefined,1,0,0,0,0,0,0,0,0,0,0,0,0,0,0,0,0,0,0,0,0,0,0,0,0,,,
189,S_HI_DRAGON,-1,-1,古代ドラゴン召喚,Undefined,1,0,0,0,0,0,0,0,0,0,0,0,0,0,0,0,0,0,0,0,0,0,0,0,0,,,
190,S_AMBERITES,-1,-1,アンバーの王族召喚,Undefined,1,0,0,0,0,0,0,0,0,0,0,0,0,0,0,0,0,0,0,0,0,0,0,0,0,,,
191,S_UNIQUE,-1,-1,ユニーク召喚,Undefined,1,0,0,0,0,0,0,0,0,0,0,0,0,0,0,0,0,0,0,0,0,0,0,0,0,,,
192,AQUATIC,-1,-1,水棲生物,Undefined,1,0,0,0,0,0,0,0,0,0,0,0,0,0,0,0,0,0,0,0,0,0,0,0,0,,,
193,CAN_SWIM,-1,-1,潜行可能,Undefined,0,0,0,0,0,0,0,0,0,0,0,0,0,0,0,0,0,0,0,0,0,0,0,0,0,,,
194,CAN_FLY,-1,-1,飛行可能,Undefined,0,0,0,0,0,0,0,0,0,0,0,0,0,0,0,0,0,0,0,0,0,0,0,0,0,,,
195,FRIENDLY,-1,-1,友好的,Undefined,0,0,0,0,0,0,0,0,0,0,0,0,0,0,0,0,0,0,0,0,0,0,0,0,0,,,
196,XXX,-1,-1,未定義,Undefined,0,0,0,0,0,0,0,0,0,0,0,0,0,0,0,0,0,0,0,0,0,0,0,0,0,,,
197,UNIQUE2,-1,-1,準ユニーク,Undefined,0,0,0,0,0,0,0,0,0,0,0,0,0,0,0,0,0,0,0,0,0,0,0,0,0,,,
198,RIDING,-1,-1,未定義,Undefined,0,0,0,0,0,0,0,0,0,0,0,0,0,0,0,0,0,0,0,0,0,0,0,0,0,,,
199,KAGE,-1,-1,未定義,Undefined,0,0,0,0,0,0,0,0,0,0,0,0,0,0,0,0,0,0,0,0,0,0,0,0,0,,,
200,HAS_LITE_1,-1,-1,未定義,Undefined,0,0,0,0,0,0,0,0,0,0,0,0,0,0,0,0,0,0,0,0,0,0,0,0,0,,,
201,SELF_LITE_1,-1,-1,未定義,Undefined,0,0,0,0,0,0,0,0,0,0,0,0,0,0,0,0,0,0,0,0,0,0,0,0,0,,,
202,HAS_LITE_2,-1,-1,未定義,Undefined,0,0,0,0,0,0,0,0,0,0,0,0,0,0,0,0,0,0,0,0,0,0,0,0,0,,,
203,SELF_LITE_2,-1,-1,未定義,Undefined,0,0,0,0,0,0,0,0,0,0,0,0,0,0,0,0,0,0,0,0,0,0,0,0,0,,,
204,GUARDIAN,-1,-1,未定義,Undefined,0,0,0,0,0,0,0,0,0,0,0,0,0,0,0,0,0,0,0,0,0,0,0,0,0,,,
205,CHAMELEON,-1,-1,未定義,Undefined,0,0,0,0,0,0,0,0,0,0,0,0,0,0,0,0,0,0,0,0,0,0,0,0,0,,,
206,KILL_EXP,-1,-1,未定義,Undefined,0,0,0,0,0,0,0,0,0,0,0,0,0,0,0,0,0,0,0,0,0,0,0,0,0,,,
207,TANUKI,-1,-1,未定義,Undefined,0,0,0,0,0,0,0,0,0,0,0,0,0,0,0,0,0,0,0,0,0,0,0,0,0,,,
208,HAS_DARK_1,-1,-1,未定義,Undefined,0,0,0,0,0,0,0,0,0,0,0,0,0,0,0,0,0,0,0,0,0,0,0,0,0,,,
209,SELF_DARK_1,-1,-1,未定義,Undefined,0,0,0,0,0,0,0,0,0,0,0,0,0,0,0,0,0,0,0,0,0,0,0,0,0,,,
210,HAS_DARK_2,-1,-1,未定義,Undefined,0,0,0,0,0,0,0,0,0,0,0,0,0,0,0,0,0,0,0,0,0,0,0,0,0,,,
211,SELF_DARK_2,-1,-1,未定義,Undefined,0,0,0,0,0,0,0,0,0,0,0,0,0,0,0,0,0,0,0,0,0,0,0,0,0,,,
212,XXX7X20,-1,-1,未定義,Undefined,0,0,0,0,0,0,0,0,0,0,0,0,0,0,0,0,0,0,0,0,0,0,0,0,0,,,
213,XXX7X21,-1,-1,未定義,Undefined,0,0,0,0,0,0,0,0,0,0,0,0,0,0,0,0,0,0,0,0,0,0,0,0,0,,,
214,XXX7X22,-1,-1,未定義,Undefined,0,0,0,0,0,0,0,0,0,0,0,0,0,0,0,0,0,0,0,0,0,0,0,0,0,,,
215,XXX7X23,-1,-1,未定義,Undefined,0,0,0,0,0,0,0,0,0,0,0,0,0,0,0,0,0,0,0,0,0,0,0,0,0,,,
216,XXX7X24,-1,-1,未定義,Undefined,0,0,0,0,0,0,0,0,0,0,0,0,0,0,0,0,0,0,0,0,0,0,0,0,0,,,
217,XXX7X25,-1,-1,未定義,Undefined,0,0,0,0,0,0,0,0,0,0,0,0,0,0,0,0,0,0,0,0,0,0,0,0,0,,,
218,XXX7X26,-1,-1,未定義,Undefined,0,0,0,0,0,0,0,0,0,0,0,0,0,0,0,0,0,0,0,0,0,0,0,0,0,,,
219,XXX7X27,-1,-1,未定義,Undefined,0,0,0,0,0,0,0,0,0,0,0,0,0,0,0,0,0,0,0,0,0,0,0,0,0,,,
220,XXX7X28,-1,-1,未定義,Undefined,0,0,0,0,0,0,0,0,0,0,0,0,0,0,0,0,0,0,0,0,0,0,0,0,0,,,
221,XXX7X29,-1,-1,未定義,Undefined,0,0,0,0,0,0,0,0,0,0,0,0,0,0,0,0,0,0,0,0,0,0,0,0,0,,,
222,XXX7X30,-1,-1,未定義,Undefined,0,0,0,0,0,0,0,0,0,0,0,0,0,0,0,0,0,0,0,0,0,0,0,0,0,,,
223,XXX7X31,-1,-1,未定義,Undefined,0,0,0,0,0,0,0,0,0,0,0,0,0,0,0,0,0,0,0,0,0,0,0,0,0,,,
224,WILD_ONLY,-1,-1,未定義,Undefined,0,0,0,0,0,0,0,0,0,0,0,0,0,0,0,0,0,0,0,0,0,0,0,0,0,,,
225,WILD_TOWN,-1,-1,未定義,Undefined,0,0,0,0,0,0,0,0,0,0,0,0,0,0,0,0,0,0,0,0,0,0,0,0,0,,,
226,CITIZEN,-1,-1,未定義,Undefined,0,0,0,0,0,0,0,0,0,0,0,0,0,0,0,0,0,0,0,0,0,0,0,0,0,,,
227,WILD_SHORE,-1,-1,未定義,Undefined,0,0,0,0,0,0,0,0,0,0,0,0,0,0,0,0,0,0,0,0,0,0,0,0,0,,,
228,WILD_OCEAN,-1,-1,未定義,Undefined,0,0,0,0,0,0,0,0,0,0,0,0,0,0,0,0,0,0,0,0,0,0,0,0,0,,,
229,WILD_WASTE,-1,-1,未定義,Undefined,0,0,0,0,0,0,0,0,0,0,0,0,0,0,0,0,0,0,0,0,0,0,0,0,0,,,
230,WILD_WOOD,-1,-1,未定義,Undefined,0,0,0,0,0,0,0,0,0,0,0,0,0,0,0,0,0,0,0,0,0,0,0,0,0,,,
231,WILD_VOLCANO,-1,-1,未定義,Undefined,0,0,0,0,0,0,0,0,0,0,0,0,0,0,0,0,0,0,0,0,0,0,0,0,0,,,
232,XXX8X08,-1,-1,未定義,Undefined,0,0,0,0,0,0,0,0,0,0,0,0,0,0,0,0,0,0,0,0,0,0,0,0,0,,,
233,WILD_MOUNTAIN,-1,-1,未定義,Undefined,0,0,0,0,0,0,0,0,0,0,0,0,0,0,0,0,0,0,0,0,0,0,0,0,0,,,
234,WILD_GRASS,-1,-1,未定義,Undefined,0,0,0,0,0,0,0,0,0,0,0,0,0,0,0,0,0,0,0,0,0,0,0,0,0,,,
235,XXX8X11,-1,-1,未定義,Undefined,0,0,0,0,0,0,0,0,0,0,0,0,0,0,0,0,0,0,0,0,0,0,0,0,0,,,
236,XXX8X12,-1,-1,未定義,Undefined,0,0,0,0,0,0,0,0,0,0,0,0,0,0,0,0,0,0,0,0,0,0,0,0,0,,,
237,XXX8X13,-1,-1,未定義,Undefined,0,0,0,0,0,0,0,0,0,0,0,0,0,0,0,0,0,0,0,0,0,0,0,0,0,,,
238,XXX8X14,-1,-1,未定義,Undefined,0,0,0,0,0,0,0,0,0,0,0,0,0,0,0,0,0,0,0,0,0,0,0,0,0,,,
239,XXX8X15,-1,-1,未定義,Undefined,0,0,0,0,0,0,0,0,0,0,0,0,0,0,0,0,0,0,0,0,0,0,0,0,0,,,
240,XXX8X16,-1,-1,未定義,Undefined,0,0,0,0,0,0,0,0,0,0,0,0,0,0,0,0,0,0,0,0,0,0,0,0,0,,,
241,XXX8X17,-1,-1,未定義,Undefined,0,0,0,0,0,0,0,0,0,0,0,0,0,0,0,0,0,0,0,0,0,0,0,0,0,,,
242,XXX8X18,-1,-1,未定義,Undefined,0,0,0,0,0,0,0,0,0,0,0,0,0,0,0,0,0,0,0,0,0,0,0,0,0,,,
243,XXX8X19,-1,-1,未定義,Undefined,0,0,0,0,0,0,0,0,0,0,0,0,0,0,0,0,0,0,0,0,0,0,0,0,0,,,
244,XXX8X20,-1,-1,未定義,Undefined,0,0,0,0,0,0,0,0,0,0,0,0,0,0,0,0,0,0,0,0,0,0,0,0,0,,,
245,XXX8X21,-1,-1,未定義,Undefined,0,0,0,0,0,0,0,0,0,0,0,0,0,0,0,0,0,0,0,0,0,0,0,0,0,,,
246,XXX8X22,-1,-1,未定義,Undefined,0,0,0,0,0,0,0,0,0,0,0,0,0,0,0,0,0,0,0,0,0,0,0,0,0,,,
247,XXX8X23,-1,-1,未定義,Undefined,0,0,0,0,0,0,0,0,0,0,0,0,0,0,0,0,0,0,0,0,0,0,0,0,0,,,
248,XXX8X24,-1,-1,未定義,Undefined,0,0,0,0,0,0,0,0,0,0,0,0,0,0,0,0,0,0,0,0,0,0,0,0,0,,,
249,XXX8X25,-1,-1,未定義,Undefined,0,0,0,0,0,0,0,0,0,0,0,0,0,0,0,0,0,0,0,0,0,0,0,0,0,,,
250,XXX8X26,-1,-1,未定義,Undefined,0,0,0,0,0,0,0,0,0,0,0,0,0,0,0,0,0,0,0,0,0,0,0,0,0,,,
251,XXX8X27,-1,-1,未定義,Undefined,0,0,0,0,0,0,0,0,0,0,0,0,0,0,0,0,0,0,0,0,0,0,0,0,0,,,
252,XXX8X28,-1,-1,未定義,Undefined,0,0,0,0,0,0,0,0,0,0,0,0,0,0,0,0,0,0,0,0,0,0,0,0,0,,,
253,XXX8X29,-1,-1,未定義,Undefined,0,0,0,0,0,0,0,0,0,0,0,0,0,0,0,0,0,0,0,0,0,0,0,0,0,,,
254,WILD_SWAMP,-1,-1,未定義,Undefined,0,0,0,0,0,0,0,0,0,0,0,0,0,0,0,0,0,0,0,0,0,0,0,0,0,,,
255,WILD_ALL,-1,-1,未定義,Undefined,0,0,0,0,0,0,0,0,0,0,0,0,0,0,0,0,0,0,0,0,0,0,0,0,0,,,
256,DROP_CORPSE,-1,-1,未定義,Undefined,0,0,0,0,0,0,0,0,0,0,0,0,0,0,0,0,0,0,0,0,0,0,0,0,0,,,
257,DROP_SKELETON,-1,-1,未定義,Undefined,0,0,0,0,0,0,0,0,0,0,0,0,0,0,0,0,0,0,0,0,0,0,0,0,0,,,
258,EAT_BLIND,-1,-1,未定義,Undefined,0,0,0,0,0,0,0,0,0,0,0,0,0,0,0,0,0,0,0,0,0,0,0,0,0,,,
259,EAT_CONF,-1,-1,未定義,Undefined,0,0,0,0,0,0,0,0,0,0,0,0,0,0,0,0,0,0,0,0,0,0,0,0,0,,,
260,EAT_MANA,-1,-1,未定義,Undefined,0,0,0,0,0,0,0,0,0,0,0,0,0,0,0,0,0,0,0,0,0,0,0,0,0,,,
261,EAT_NEXUS,-1,-1,未定義,Undefined,0,0,0,0,0,0,0,0,0,0,0,0,0,0,0,0,0,0,0,0,0,0,0,0,0,,,
262,EAT_BLINK,-1,-1,未定義,Undefined,0,0,0,0,0,0,0,0,0,0,0,0,0,0,0,0,0,0,0,0,0,0,0,0,0,,,
263,EAT_SLEEP,-1,-1,未定義,Undefined,0,0,0,0,0,0,0,0,0,0,0,0,0,0,0,0,0,0,0,0,0,0,0,0,0,,,
264,EAT_BERSERKER,-1,-1,未定義,Undefined,0,0,0,0,0,0,0,0,0,0,0,0,0,0,0,0,0,0,0,0,0,0,0,0,0,,,
265,EAT_ACIDIC,-1,-1,未定義,Undefined,0,0,0,0,0,0,0,0,0,0,0,0,0,0,0,0,0,0,0,0,0,0,0,0,0,,,
266,EAT_SPEED,-1,-1,未定義,Undefined,0,0,0,0,0,0,0,0,0,0,0,0,0,0,0,0,0,0,0,0,0,0,0,0,0,,,
267,EAT_CURE,-1,-1,未定義,Undefined,0,0,0,0,0,0,0,0,0,0,0,0,0,0,0,0,0,0,0,0,0,0,0,0,0,,,
268,EAT_FIRE_RES,-1,-1,未定義,Undefined,0,0,0,0,0,0,0,0,0,0,0,0,0,0,0,0,0,0,0,0,0,0,0,0,0,,,
269,EAT_COLD_RES,-1,-1,未定義,Undefined,0,0,0,0,0,0,0,0,0,0,0,0,0,0,0,0,0,0,0,0,0,0,0,0,0,,,
270,EAT_ACID_RES,-1,-1,未定義,Undefined,0,0,0,0,0,0,0,0,0,0,0,0,0,0,0,0,0,0,0,0,0,0,0,0,0,,,
271,EAT_ELEC_RES,-1,-1,未定義,Undefined,0,0,0,0,0,0,0,0,0,0,0,0,0,0,0,0,0,0,0,0,0,0,0,0,0,,,
272,EAT_POIS_RES,-1,-1,未定義,Undefined,0,0,0,0,0,0,0,0,0,0,0,0,0,0,0,0,0,0,0,0,0,0,0,0,0,,,
273,EAT_INSANITY,-1,-1,未定義,Undefined,0,0,0,0,0,0,0,0,0,0,0,0,0,0,0,0,0,0,0,0,0,0,0,0,0,,,
274,EAT_DRAIN_EXP,-1,-1,未定義,Undefined,0,0,0,0,0,0,0,0,0,0,0,0,0,0,0,0,0,0,0,0,0,0,0,0,0,,,
275,EAT_POISONOUS,-1,-1,未定義,Undefined,0,0,0,0,0,0,0,0,0,0,0,0,0,0,0,0,0,0,0,0,0,0,0,0,0,,,
276,EAT_GIVE_STR,-1,-1,未定義,Undefined,0,0,0,0,0,0,0,0,0,0,0,0,0,0,0,0,0,0,0,0,0,0,0,0,0,,,
277,EAT_GIVE_INT,-1,-1,未定義,Undefined,0,0,0,0,0,0,0,0,0,0,0,0,0,0,0,0,0,0,0,0,0,0,0,0,0,,,
278,EAT_GIVE_WIS,-1,-1,未定義,Undefined,0,0,0,0,0,0,0,0,0,0,0,0,0,0,0,0,0,0,0,0,0,0,0,0,0,,,
279,EAT_GIVE_DEX,-1,-1,未定義,Undefined,0,0,0,0,0,0,0,0,0,0,0,0,0,0,0,0,0,0,0,0,0,0,0,0,0,,,
280,EAT_GIVE_CON,-1,-1,未定義,Undefined,0,0,0,0,0,0,0,0,0,0,0,0,0,0,0,0,0,0,0,0,0,0,0,0,0,,,
281,EAT_GIVE_CHR,-1,-1,未定義,Undefined,0,0,0,0,0,0,0,0,0,0,0,0,0,0,0,0,0,0,0,0,0,0,0,0,0,,,
282,EAT_LOSE_STR,-1,-1,未定義,Undefined,0,0,0,0,0,0,0,0,0,0,0,0,0,0,0,0,0,0,0,0,0,0,0,0,0,,,
283,EAT_LOSE_INT,-1,-1,未定義,Undefined,0,0,0,0,0,0,0,0,0,0,0,0,0,0,0,0,0,0,0,0,0,0,0,0,0,,,
284,EAT_LOSE_WIS,-1,-1,未定義,Undefined,0,0,0,0,0,0,0,0,0,0,0,0,0,0,0,0,0,0,0,0,0,0,0,0,0,,,
285,EAT_LOSE_DEX,-1,-1,未定義,Undefined,0,0,0,0,0,0,0,0,0,0,0,0,0,0,0,0,0,0,0,0,0,0,0,0,0,,,
286,EAT_LOSE_CON,-1,-1,未定義,Undefined,0,0,0,0,0,0,0,0,0,0,0,0,0,0,0,0,0,0,0,0,0,0,0,0,0,,,
287,EAT_LOSE_CHR,-1,-1,未定義,Undefined,0,0,0,0,0,0,0,0,0,0,0,0,0,0,0,0,0,0,0,0,0,0,0,0,0,,,
288,IM_ACID,-1,-1,酸免疫,Undefined,0,0,0,0,0,0,0,0,0,0,0,0,0,0,0,0,0,0,0,0,0,0,0,0,0,,,
289,IM_ELEC,-1,-1,電撃免疫,Undefined,0,0,0,0,0,0,0,0,0,0,0,0,0,0,0,0,0,0,0,0,0,0,0,0,0,,,
290,IM_FIRE,-1,-1,火炎免疫,Undefined,0,0,0,0,0,0,0,0,0,0,0,0,0,0,0,0,0,0,0,0,0,0,0,0,0,,,
291,IM_COLD,-1,-1,冷気免疫,Undefined,0,0,0,0,0,0,0,0,0,0,0,0,0,0,0,0,0,0,0,0,0,0,0,0,0,,,
292,IM_POIS,-1,-1,毒免疫,Undefined,0,0,0,0,0,0,0,0,0,0,0,0,0,0,0,0,0,0,0,0,0,0,0,0,0,,,
293,RES_LITE,-1,-1,閃光耐性,Undefined,0,0,0,0,0,0,0,0,0,0,0,0,0,0,0,0,0,0,0,0,0,0,0,0,0,,,
294,RES_DARK,-1,-1,暗黒耐性,Undefined,0,0,0,0,0,0,0,0,0,0,0,0,0,0,0,0,0,0,0,0,0,0,0,0,0,,,
295,RES_NETH,-1,-1,地獄耐性,Undefined,0,0,0,0,0,0,0,0,0,0,0,0,0,0,0,0,0,0,0,0,0,0,0,0,0,,,
296,RES_WATE,-1,-1,水流耐性,Undefined,0,0,0,0,0,0,0,0,0,0,0,0,0,0,0,0,0,0,0,0,0,0,0,0,0,,,
297,RES_PLAS,-1,-1,プラズマ耐性,Undefined,0,0,0,0,0,0,0,0,0,0,0,0,0,0,0,0,0,0,0,0,0,0,0,0,0,,,
298,RES_SHAR,-1,-1,破片耐性,Undefined,0,0,0,0,0,0,0,0,0,0,0,0,0,0,0,0,0,0,0,0,0,0,0,0,0,,,
299,RES_SOUN,-1,-1,轟音耐性,Undefined,0,0,0,0,0,0,0,0,0,0,0,0,0,0,0,0,0,0,0,0,0,0,0,0,0,,,
300,RES_CHAO,-1,-1,カオス耐性,Undefined,0,0,0,0,0,0,0,0,0,0,0,0,0,0,0,0,0,0,0,0,0,0,0,0,0,,,
301,RES_NEXU,-1,-1,因果混乱耐性,Undefined,0,0,0,0,0,0,0,0,0,0,0,0,0,0,0,0,0,0,0,0,0,0,0,0,0,,,
302,RES_DISE,-1,-1,劣化耐性,Undefined,0,0,0,0,0,0,0,0,0,0,0,0,0,0,0,0,0,0,0,0,0,0,0,0,0,,,
303,RES_WALL,-1,-1,フォース耐性,Undefined,0,0,0,0,0,0,0,0,0,0,0,0,0,0,0,0,0,0,0,0,0,0,0,0,0,,,
304,RES_INER,-1,-1,遅鈍耐性,Undefined,0,0,0,0,0,0,0,0,0,0,0,0,0,0,0,0,0,0,0,0,0,0,0,0,0,,,
305,RES_TIME,-1,-1,時間逆転耐性,Undefined,0,0,0,0,0,0,0,0,0,0,0,0,0,0,0,0,0,0,0,0,0,0,0,0,0,,,
306,RES_GRAV,-1,-1,重力耐性,Undefined,0,0,0,0,0,0,0,0,0,0,0,0,0,0,0,0,0,0,0,0,0,0,0,0,0,,,
307,RES_ALL,-1,-1,究極の耐性,Undefined,0,0,0,0,0,0,0,0,0,0,0,0,0,0,0,0,0,0,0,0,0,0,0,0,0,,,
308,RES_TELE,-1,-1,テレポート耐性,Undefined,0,0,0,0,0,0,0,0,0,0,0,0,0,0,0,0,0,0,0,0,0,0,0,0,0,,,
309,RES_ACID,-1,-1,酸耐性,Undefined,0,0,0,0,0,0,0,0,0,0,0,0,0,0,0,0,0,0,0,0,0,0,0,0,0,,,
310,RES_ELEC,-1,-1,電撃耐性,Undefined,0,0,0,0,0,0,0,0,0,0,0,0,0,0,0,0,0,0,0,0,0,0,0,0,0,,,
311,RES_FIRE,-1,-1,火炎耐性,Undefined,0,0,0,0,0,0,0,0,0,0,0,0,0,0,0,0,0,0,0,0,0,0,0,0,0,,,
312,RES_COLD,-1,-1,冷気耐性,Undefined,0,0,0,0,0,0,0,0,0,0,0,0,0,0,0,0,0,0,0,0,0,0,0,0,0,,,
313,RES_POIS,-1,-1,毒耐性,Undefined,0,0,0,0,0,0,0,0,0,0,0,0,0,0,0,0,0,0,0,0,0,0,0,0,0,,,
314,OPP_ACID,-1,-1,酸二重耐性,Undefined,0,0,0,0,0,0,0,0,0,0,0,0,0,0,0,0,0,0,0,0,0,0,0,0,0,,,
315,OPP_ELEC,-1,-1,電撃二重耐性,Undefined,0,0,0,0,0,0,0,0,0,0,0,0,0,0,0,0,0,0,0,0,0,0,0,0,0,,,
316,OPP_FIRE,-1,-1,火炎二重耐性,Undefined,0,0,0,0,0,0,0,0,0,0,0,0,0,0,0,0,0,0,0,0,0,0,0,0,0,,,
317,OPP_COLD,-1,-1,冷気二重耐性,Undefined,0,0,0,0,0,0,0,0,0,0,0,0,0,0,0,0,0,0,0,0,0,0,0,0,0,,,
318,OPP_POIS,-1,-1,毒二重耐性,Undefined,0,0,0,0,0,0,0,0,0,0,0,0,0,0,0,0,0,0,0,0,0,0,0,0,0,,,
319,XXX,-1,-1,未定義,Undefined,0,0,0,0,0,0,0,0,0,0,0,0,0,0,0,0,0,0,0,0,0,0,0,0,0,,,
320,FORCE_LESSER_EGO,-1,-1,強制劣等エゴ,Undefined,0,0,0,0,0,0,0,0,0,0,0,0,0,0,0,0,0,0,0,0,0,0,0,0,0,,,
321,XXX,-1,-1,未定義,Undefined,0,0,0,0,0,0,0,0,0,0,0,0,0,0,0,0,0,0,0,0,0,0,0,0,0,,,
322,XXX,-1,-1,未定義,Undefined,0,0,0,0,0,0,0,0,0,0,0,0,0,0,0,0,0,0,0,0,0,0,0,0,0,,,
323,XXX,-1,-1,未定義,Undefined,0,0,0,0,0,0,0,0,0,0,0,0,0,0,0,0,0,0,0,0,0,0,0,0,0,,,
324,XXX,-1,-1,未定義,Undefined,0,0,0,0,0,0,0,0,0,0,0,0,0,0,0,0,0,0,0,0,0,0,0,0,0,,,
325,VARIABLE_SIZE_EGO,-1,-1,サイズ可変,Undefined,0,0,0,0,0,0,0,0,0,0,0,0,0,0,0,0,0,0,0,0,0,0,0,0,0,,,
326,FOOD_EATER,-1,-1,通常の食事,Undefined,0,0,0,0,0,0,0,0,0,0,0,0,0,0,0,0,0,0,0,0,0,0,0,0,0,,,
327,CORPSE_EATER,-1,-1,死体食い,Undefined,0,0,0,0,0,0,0,0,0,0,0,0,0,0,0,0,0,0,0,0,0,0,0,0,0,,,
328,BLOOD_DRINKER,-1,-1,吸血,Undefined,0,0,0,0,0,0,0,0,0,0,0,0,0,0,0,0,0,0,0,0,0,0,0,0,0,,,
329,WATER_DRINKER,-1,-1,未定義,Undefined,0,0,0,0,0,0,0,0,0,0,0,0,0,0,0,0,0,0,0,0,0,0,0,0,0,,,
330,MAGIC_EATER,-1,-1,未定義,Undefined,0,0,0,0,0,0,0,0,0,0,0,0,0,0,0,0,0,0,0,0,0,0,0,0,0,,,
331,FLASK_DRINKER,-1,-1,未定義,Undefined,0,0,0,0,0,0,0,0,0,0,0,0,0,0,0,0,0,0,0,0,0,0,0,0,0,,,
332,MIND_EATER,-1,-1,未定義,Undefined,0,0,0,0,0,0,0,0,0,0,0,0,0,0,0,0,0,0,0,0,0,0,0,0,0,,,
333,RED_DRAGON,-1,-1,赤竜,Undefined,0,0,0,0,0,0,0,0,0,0,0,0,0,0,0,0,0,0,0,0,0,0,0,0,0,,,
334,WHITE_DRAGON,-1,-1,白竜,Undefined,0,0,0,0,0,0,0,0,0,0,0,0,0,0,0,0,0,0,0,0,0,0,0,0,0,,,
335,BLUE_DRAGON,-1,-1,青竜,Undefined,0,0,0,0,0,0,0,0,0,0,0,0,0,0,0,0,0,0,0,0,0,0,0,0,0,,,
336,BLACK_DRAGON,-1,-1,黒竜,Undefined,0,0,0,0,0,0,0,0,0,0,0,0,0,0,0,0,0,0,0,0,0,0,0,0,0,,,
337,GREEN_DRAGON,-1,-1,緑竜,Undefined,0,0,0,0,0,0,0,0,0,0,0,0,0,0,0,0,0,0,0,0,0,0,0,0,0,,,
338,CHROMATIC_DRAGON,-1,-1,万色竜,Undefined,0,0,0,0,0,0,0,0,0,0,0,0,0,0,0,0,0,0,0,0,0,0,0,0,0,,,
339,BRONZE_DRAGON,-1,-1,青銅竜,Undefined,0,0,0,0,0,0,0,0,0,0,0,0,0,0,0,0,0,0,0,0,0,0,0,0,0,,,
340,SILVER_DRAGON,-1,-1,銀竜,Undefined,0,0,0,0,0,0,0,0,0,0,0,0,0,0,0,0,0,0,0,0,0,0,0,0,0,,,
341,GOLD_DRAGON,-1,-1,金竜,Undefined,0,0,0,0,0,0,0,0,0,0,0,0,0,0,0,0,0,0,0,0,0,0,0,0,0,,,
342,CRYSTAL_DRAGON,-1,-1,水晶竜,Undefined,0,0,0,0,0,0,0,0,0,0,0,0,0,0,0,0,0,0,0,0,0,0,0,0,0,,,
343,LAW_DRAGON,-1,-1,秩序竜,Undefined,0,0,0,0,0,0,0,0,0,0,0,0,0,0,0,0,0,0,0,0,0,0,0,0,0,,,
344,BALANCE_DRAGON,-1,-1,天秤竜,Undefined,0,0,0,0,0,0,0,0,0,0,0,0,0,0,0,0,0,0,0,0,0,0,0,0,0,,,
345,CHAOS_DRAGON,-1,-1,混沌竜,Undefined,0,0,0,0,0,0,0,0,0,0,0,0,0,0,0,0,0,0,0,0,0,0,0,0,0,,,
346,XXX,-1,-1,未定義,Undefined,0,0,0,0,0,0,0,0,0,0,0,0,0,0,0,0,0,0,0,0,0,0,0,0,0,,,
347,XXX,-1,-1,未定義,Undefined,0,0,0,0,0,0,0,0,0,0,0,0,0,0,0,0,0,0,0,0,0,0,0,0,0,,,
348,XXX,-1,-1,未定義,Undefined,0,0,0,0,0,0,0,0,0,0,0,0,0,0,0,0,0,0,0,0,0,0,0,0,0,,,
349,XXX,-1,-1,未定義,Undefined,0,0,0,0,0,0,0,0,0,0,0,0,0,0,0,0,0,0,0,0,0,0,0,0,0,,,
350,XXX,-1,-1,未定義,Undefined,0,0,0,0,0,0,0,0,0,0,0,0,0,0,0,0,0,0,0,0,0,0,0,0,0,,,
351,XXX,-1,-1,未定義,Undefined,0,0,0,0,0,0,0,0,0,0,0,0,0,0,0,0,0,0,0,0,0,0,0,0,0,,,
352,SPIT_ACID,-1,-1,未定義,Undefined,0,0,0,0,0,0,0,0,0,0,0,0,0,0,0,0,0,0,0,0,0,0,0,0,0,,,
353,BR_FIRE,-1,-1,未定義,Undefined,0,0,0,0,0,0,0,0,0,0,0,0,0,0,0,0,0,0,0,0,0,0,0,0,0,,,
354,HYPN_GAZE,-1,-1,未定義,Undefined,0,0,0,0,0,0,0,0,0,0,0,0,0,0,0,0,0,0,0,0,0,0,0,0,0,,,
355,TELEKINES,-1,-1,未定義,Undefined,0,0,0,0,0,0,0,0,0,0,0,0,0,0,0,0,0,0,0,0,0,0,0,0,0,,,
356,VTELEPORT,-1,-1,未定義,Undefined,0,0,0,0,0,0,0,0,0,0,0,0,0,0,0,0,0,0,0,0,0,0,0,0,0,,,
357,MIND_BLST,-1,-1,未定義,Undefined,0,0,0,0,0,0,0,0,0,0,0,0,0,0,0,0,0,0,0,0,0,0,0,0,0,,,
358,RADIATION,-1,-1,未定義,Undefined,0,0,0,0,0,0,0,0,0,0,0,0,0,0,0,0,0,0,0,0,0,0,0,0,0,,,
359,VAMPIRISM,-1,-1,未定義,Undefined,0,0,0,0,0,0,0,0,0,0,0,0,0,0,0,0,0,0,0,0,0,0,0,0,0,,,
360,SMELL_MET,-1,-1,未定義,Undefined,0,0,0,0,0,0,0,0,0,0,0,0,0,0,0,0,0,0,0,0,0,0,0,0,0,,,
361,SMELL_MON,-1,-1,未定義,Undefined,0,0,0,0,0,0,0,0,0,0,0,0,0,0,0,0,0,0,0,0,0,0,0,0,0,,,
362,BLINK,-1,-1,未定義,Undefined,0,0,0,0,0,0,0,0,0,0,0,0,0,0,0,0,0,0,0,0,0,0,0,0,0,,,
363,EAT_ROCK,-1,-1,未定義,Undefined,0,0,0,0,0,0,0,0,0,0,0,0,0,0,0,0,0,0,0,0,0,0,0,0,0,,,
364,SWAP_POS,-1,-1,未定義,Undefined,0,0,0,0,0,0,0,0,0,0,0,0,0,0,0,0,0,0,0,0,0,0,0,0,0,,,
365,SHRIEK,-1,-1,未定義,Undefined,0,0,0,0,0,0,0,0,0,0,0,0,0,0,0,0,0,0,0,0,0,0,0,0,0,,,
366,ILLUMINE,-1,-1,未定義,Undefined,0,0,0,0,0,0,0,0,0,0,0,0,0,0,0,0,0,0,0,0,0,0,0,0,0,,,
367,DET_CURSE,-1,-1,未定義,Undefined,0,0,0,0,0,0,0,0,0,0,0,0,0,0,0,0,0,0,0,0,0,0,0,0,0,,,
368,BERSERK,-1,-1,未定義,Undefined,0,0,0,0,0,0,0,0,0,0,0,0,0,0,0,0,0,0,0,0,0,0,0,0,0,,,
369,POLYMORPH,-1,-1,未定義,Undefined,0,0,0,0,0,0,0,0,0,0,0,0,0,0,0,0,0,0,0,0,0,0,0,0,0,,,
370,MIDAS_TCH,-1,-1,未定義,Undefined,0,0,0,0,0,0,0,0,0,0,0,0,0,0,0,0,0,0,0,0,0,0,0,0,0,,,
371,GROW_MOLD,-1,-1,未定義,Undefined,0,0,0,0,0,0,0,0,0,0,0,0,0,0,0,0,0,0,0,0,0,0,0,0,0,,,
372,RESIST,-1,-1,未定義,Undefined,0,0,0,0,0,0,0,0,0,0,0,0,0,0,0,0,0,0,0,0,0,0,0,0,0,,,
373,EARTHQUAKE,-1,-1,未定義,Undefined,0,0,0,0,0,0,0,0,0,0,0,0,0,0,0,0,0,0,0,0,0,0,0,0,0,,,
374,EAT_MAGIC,-1,-1,未定義,Undefined,0,0,0,0,0,0,0,0,0,0,0,0,0,0,0,0,0,0,0,0,0,0,0,0,0,,,
375,WEIGH_MAG,-1,-1,未定義,Undefined,0,0,0,0,0,0,0,0,0,0,0,0,0,0,0,0,0,0,0,0,0,0,0,0,0,,,
376,STERILITY,-1,-1,未定義,Undefined,0,0,0,0,0,0,0,0,0,0,0,0,0,0,0,0,0,0,0,0,0,0,0,0,0,,,
377,PANIC_HIT,-1,-1,未定義,Undefined,0,0,0,0,0,0,0,0,0,0,0,0,0,0,0,0,0,0,0,0,0,0,0,0,0,,,
378,DAZZLE,-1,-1,未定義,Undefined,0,0,0,0,0,0,0,0,0,0,0,0,0,0,0,0,0,0,0,0,0,0,0,0,0,,,
379,LASER_EYE,-1,-1,未定義,Undefined,0,0,0,0,0,0,0,0,0,0,0,0,0,0,0,0,0,0,0,0,0,0,0,0,0,,,
380,RECALL,-1,-1,未定義,Undefined,0,0,0,0,0,0,0,0,0,0,0,0,0,0,0,0,0,0,0,0,0,0,0,0,0,,,
381,BANISH,-1,-1,未定義,Undefined,0,0,0,0,0,0,0,0,0,0,0,0,0,0,0,0,0,0,0,0,0,0,0,0,0,,,
382,COLD_TOUCH,-1,-1,未定義,Undefined,0,0,0,0,0,0,0,0,0,0,0,0,0,0,0,0,0,0,0,0,0,0,0,0,0,,,
383,LAUNCHER,-1,-1,未定義,Undefined,0,0,0,0,0,0,0,0,0,0,0,0,0,0,0,0,0,0,0,0,0,0,0,0,0,,,
384,BERS_RAGE,-1,-1,未定義,Undefined,0,0,0,0,0,0,0,0,0,0,0,0,0,0,0,0,0,0,0,0,0,0,0,0,0,,,
385,COWARDICE,-1,-1,未定義,Undefined,0,0,0,0,0,0,0,0,0,0,0,0,0,0,0,0,0,0,0,0,0,0,0,0,0,,,
386,RTELEPORT,-1,-1,未定義,Undefined,0,0,0,0,0,0,0,0,0,0,0,0,0,0,0,0,0,0,0,0,0,0,0,0,0,,,
387,ALCOHOL,-1,-1,未定義,Undefined,0,0,0,0,0,0,0,0,0,0,0,0,0,0,0,0,0,0,0,0,0,0,0,0,0,,,
388,HALLU,-1,-1,未定義,Undefined,0,0,0,0,0,0,0,0,0,0,0,0,0,0,0,0,0,0,0,0,0,0,0,0,0,,,
389,FLATULENT,-1,-1,未定義,Undefined,0,0,0,0,0,0,0,0,0,0,0,0,0,0,0,0,0,0,0,0,0,0,0,0,0,,,
390,SCOR_TAIL,-1,-1,未定義,Undefined,0,0,0,0,0,0,0,0,0,0,0,0,0,0,0,0,0,0,0,0,0,0,0,0,0,,,
391,HORNS,-1,-1,未定義,Undefined,0,0,0,0,0,0,0,0,0,0,0,0,0,0,0,0,0,0,0,0,0,0,0,0,0,,,
392,BEAK ,-1,-1,未定義,Undefined,0,0,0,0,0,0,0,0,0,0,0,0,0,0,0,0,0,0,0,0,0,0,0,0,0,,,
393,ATT_DEMON,-1,-1,未定義,Undefined,0,0,0,0,0,0,0,0,0,0,0,0,0,0,0,0,0,0,0,0,0,0,0,0,0,,,
394,PROD_MANA,-1,-1,未定義,Undefined,0,0,0,0,0,0,0,0,0,0,0,0,0,0,0,0,0,0,0,0,0,0,0,0,0,,,
395,SPEED_FLUX,-1,-1,未定義,Undefined,0,0,0,0,0,0,0,0,0,0,0,0,0,0,0,0,0,0,0,0,0,0,0,0,0,,,
396,BANISH_ALL,-1,-1,未定義,Undefined,0,0,0,0,0,0,0,0,0,0,0,0,0,0,0,0,0,0,0,0,0,0,0,0,0,,,
397,EAT_LIGHT,-1,-1,未定義,Undefined,0,0,0,0,0,0,0,0,0,0,0,0,0,0,0,0,0,0,0,0,0,0,0,0,0,,,
398,TRUNK,-1,-1,未定義,Undefined,0,0,0,0,0,0,0,0,0,0,0,0,0,0,0,0,0,0,0,0,0,0,0,0,0,,,
399,ATT_ANIMAL,-1,-1,未定義,Undefined,0,0,0,0,0,0,0,0,0,0,0,0,0,0,0,0,0,0,0,0,0,0,0,0,0,,,
400,TENTACLES,-1,-1,未定義,Undefined,0,0,0,0,0,0,0,0,0,0,0,0,0,0,0,0,0,0,0,0,0,0,0,0,0,,,
401,RAW_CHAOS,-1,-1,未定義,Undefined,0,0,0,0,0,0,0,0,0,0,0,0,0,0,0,0,0,0,0,0,0,0,0,0,0,,,
402,NORMALITY,-1,-1,未定義,Undefined,0,0,0,0,0,0,0,0,0,0,0,0,0,0,0,0,0,0,0,0,0,0,0,0,0,,,
403,WRAITH,-1,-1,未定義,Undefined,0,0,0,0,0,0,0,0,0,0,0,0,0,0,0,0,0,0,0,0,0,0,0,0,0,,,
404,POLY_WOUND,-1,-1,未定義,Undefined,0,0,0,0,0,0,0,0,0,0,0,0,0,0,0,0,0,0,0,0,0,0,0,0,0,,,
405,WASTING,-1,-1,未定義,Undefined,0,0,0,0,0,0,0,0,0,0,0,0,0,0,0,0,0,0,0,0,0,0,0,0,0,,,
406,ATT_DRAGON,-1,-1,未定義,Undefined,0,0,0,0,0,0,0,0,0,0,0,0,0,0,0,0,0,0,0,0,0,0,0,0,0,,,
407,WEIRD_MIND,-1,-1,未定義,Undefined,0,0,0,0,0,0,0,0,0,0,0,0,0,0,0,0,0,0,0,0,0,0,0,0,0,,,
408,NAUSEA,-1,-1,未定義,Undefined,0,0,0,0,0,0,0,0,0,0,0,0,0,0,0,0,0,0,0,0,0,0,0,0,0,,,
409,CHAOS_GIFT,-1,-1,未定義,Undefined,0,0,0,0,0,0,0,0,0,0,0,0,0,0,0,0,0,0,0,0,0,0,0,0,0,,,
410,WALK_SHAD,-1,-1,未定義,Undefined,0,0,0,0,0,0,0,0,0,0,0,0,0,0,0,0,0,0,0,0,0,0,0,0,0,,,
411,WARNING,-1,-1,未定義,Undefined,0,0,0,0,0,0,0,0,0,0,0,0,0,0,0,0,0,0,0,0,0,0,0,0,0,,,
412,INVULN,-1,-1,未定義,Undefined,0,0,0,0,0,0,0,0,0,0,0,0,0,0,0,0,0,0,0,0,0,0,0,0,0,,,
413,SP_TO_HP,-1,-1,未定義,Undefined,0,0,0,0,0,0,0,0,0,0,0,0,0,0,0,0,0,0,0,0,0,0,0,0,0,,,
414,HP_TO_SP,-1,-1,未定義,Undefined,0,0,0,0,0,0,0,0,0,0,0,0,0,0,0,0,0,0,0,0,0,0,0,0,0,,,
415,DISARM,-1,-1,未定義,Undefined,0,0,0,0,0,0,0,0,0,0,0,0,0,0,0,0,0,0,0,0,0,0,0,0,0,,,
416,HYPER_STR,-1,-1,超人的な力,Undefined,0,4,0,0,0,0,0,0,0,0,0,0,0,0,0,0,0,0,0,0,0,0,0,0,0,,,
417,PUNY,-1,-1,未定義,Undefined,0,-4,0,0,0,0,0,0,0,0,0,0,0,0,0,0,0,0,0,0,0,0,0,0,0,,,
418,HYPER_INT,-1,-1,未定義,Undefined,0,0,4,4,0,0,0,0,0,0,0,0,0,0,0,0,0,0,0,0,0,0,0,0,0,,,
419,MORONIC,-1,-1,未定義,Undefined,0,0,-4,-4,0,0,0,0,0,0,0,0,0,0,0,0,0,0,0,0,0,0,0,0,0,,,
420,RESILIENT,-1,-1,並外れた頑健さ,Undefined,0,0,0,0,0,4,0,0,0,0,0,0,0,0,0,0,0,0,0,0,0,0,0,0,0,,,
421,XTRA_FAT,-1,-1,異常な肥満,Undefined,0,0,0,0,0,2,0,0,0,0,0,0,0,0,0,0,0,0,0,0,-2,0,0,0,0,,,
422,ALBINO,-1,-1,アルビノ,Undefined,0,0,0,0,0,-4,0,0,0,0,0,0,0,0,0,0,0,0,0,0,0,0,0,0,0,,,
423,FLESH_ROT,-1,-1,腐り行く肉体,Undefined,0,0,0,0,0,-2,-1,0,0,0,0,0,0,0,0,0,0,0,0,0,0,0,0,0,0,,,
424,SILLY_VOI,-1,-1,間抜けな声色,Undefined,0,0,0,0,0,0,-4,0,0,0,0,0,0,0,0,0,0,0,0,0,0,0,0,0,0,,,
425,BLANK_FAC,-1,-1,のっぺらぼう,Undefined,0,0,0,0,0,0,-1,0,0,0,0,0,0,0,0,0,0,0,0,0,0,0,0,0,0,,,
426,ILL_NORM,-1,-1,未定義,Undefined,0,0,0,0,0,0,0,0,0,0,0,0,0,0,0,0,0,0,0,0,0,0,0,0,0,,,
427,XTRA_EYES,-1,-1,余分な二つの眼,Undefined,0,0,0,0,0,0,0,0,0,0,0,0,0,15,15,0,0,0,0,0,0,0,0,0,0,,,
428,MAGIC_RES,-1,-1,魔法抵抗,Undefined,0,0,0,0,0,0,0,0,0,15,15,15,0,0,0,0,0,0,0,0,0,0,0,0,0,,,
429,XTRA_NOIS,-1,-1,奇妙な音,Undefined,0,0,0,0,0,0,0,0,0,0,0,0,-3,0,0,0,0,0,0,0,0,0,0,0,0,,,
430,INFRAVIS,-1,-1,赤外線視覚,Undefined,0,0,0,0,0,0,0,0,0,0,0,0,0,0,0,0,0,3,0,0,0,0,0,0,0,,,
431,XTRA_LEGS,-1,-1,余分な二本の足,Undefined,0,0,0,0,0,0,0,0,0,0,0,0,0,0,0,0,0,0,0,0,3,0,0,0,0,,,
432,SHORT_LEG,-1,-1,短い突起の足,Undefined,0,0,0,0,0,0,0,0,0,0,0,0,0,0,0,0,0,0,0,0,-3,0,0,0,0,,,
433,ELEC_TOUC,-1,-1,未定義,Undefined,0,0,0,0,0,0,0,0,0,0,0,0,0,0,0,0,0,0,0,0,0,0,0,0,0,,,
434,FIRE_BODY,-1,-1,未定義,Undefined,0,0,0,0,0,0,0,0,0,0,0,0,0,0,0,0,0,0,0,0,0,0,0,0,0,,,
435,WART_SKIN,-1,-1,未定義,Undefined,0,0,0,0,0,0,0,0,0,0,0,0,0,0,0,0,0,0,0,0,0,0,0,0,0,,,
436,SCALES,-1,-1,未定義,Undefined,0,0,0,0,0,0,0,0,0,0,0,0,0,0,0,0,0,0,0,0,0,0,0,0,0,,,
437,IRON_SKIN,-1,-1,未定義,Undefined,0,0,0,0,0,0,0,0,0,0,0,0,0,0,0,0,0,0,0,0,0,0,0,0,0,,,
438,WINGS,-1,-1,未定義,Undefined,0,0,0,0,0,0,0,0,0,0,0,0,0,0,0,0,0,0,0,0,0,0,0,0,0,,,
439,FEARLESS,-1,-1,未定義,Undefined,0,0,0,0,0,0,0,0,0,0,0,0,0,0,0,0,0,0,0,0,0,0,0,0,0,,,
440,REGEN,-1,-1,未定義,Undefined,0,0,0,0,0,0,0,0,0,0,0,0,0,0,0,0,0,0,0,0,0,0,0,0,0,,,
441,ESP,-1,-1,未定義,Undefined,0,0,0,0,0,0,0,0,0,0,0,0,0,0,0,0,0,0,0,0,0,0,0,0,0,,,
442,LIMBER,-1,-1,未定義,Undefined,0,0,0,0,0,0,0,0,0,0,0,0,0,0,0,0,0,0,0,0,0,0,0,0,0,,,
443,ARTHRITIS,-1,-1,未定義,Undefined,0,0,0,0,0,0,0,0,0,0,0,0,0,0,0,0,0,0,0,0,0,0,0,0,0,,,
444,BAD_LUCK,-1,-1,未定義,Undefined,0,0,0,0,0,0,0,0,0,0,0,0,0,0,0,0,0,0,0,0,0,0,0,0,0,,,
445,VULN_ELEM,-1,-1,未定義,Undefined,0,0,0,0,0,0,0,0,0,0,0,0,0,0,0,0,0,0,0,0,0,0,0,0,0,,,
446,MOTION,-1,-1,未定義,Undefined,0,0,0,0,0,0,0,0,0,0,0,0,0,0,0,0,0,0,0,0,0,0,0,0,0,,,
447,GOOD_LUCK,-1,-1,未定義,Undefined,0,0,0,0,0,0,0,0,0,0,0,0,0,0,0,0,0,0,0,0,0,0,0,0,0,,,
448,FIRE_BRAND,-1,-1,焼棄攻撃,Undefined,0,0,0,0,0,0,0,0,0,0,0,0,0,0,0,0,0,0,0,0,0,0,0,0,0,,,
449,COLD_BRAND,-1,-1,冷凍攻撃,Undefined,0,0,0,0,0,0,0,0,0,0,0,0,0,0,0,0,0,0,0,0,0,0,0,0,0,,,
450,ELEC_BRAND,-1,-1,電撃攻撃,Undefined,0,0,0,0,0,0,0,0,0,0,0,0,0,0,0,0,0,0,0,0,0,0,0,0,0,,,
451,ACID_BRAND,-1,-1,溶解攻撃,Undefined,0,0,0,0,0,0,0,0,0,0,0,0,0,0,0,0,0,0,0,0,0,0,0,0,0,,,
452,POIS_BRAND,-1,-1,毒殺攻撃,Undefined,0,0,0,0,0,0,0,0,0,0,0,0,0,0,0,0,0,0,0,0,0,0,0,0,0,,,
453,SUSTAIN_STR,-1,-1,腕力維持,Undefined,0,0,0,0,0,0,0,0,0,0,0,0,0,0,0,0,0,0,0,0,0,0,0,0,0,,,
454,SUSTAIN_INT,-1,-1,知能維持,Undefined,0,0,0,0,0,0,0,0,0,0,0,0,0,0,0,0,0,0,0,0,0,0,0,0,0,,,
455,SUSTAIN_WIS,-1,-1,賢さ維持,Undefined,0,0,0,0,0,0,0,0,0,0,0,0,0,0,0,0,0,0,0,0,0,0,0,0,0,,,
456,SUSTAIN_DEX,-1,-1,器用維持,Undefined,0,0,0,0,0,0,0,0,0,0,0,0,0,0,0,0,0,0,0,0,0,0,0,0,0,,,
457,SUSTAIN_CON,-1,-1,耐久維持,Undefined,0,0,0,0,0,0,0,0,0,0,0,0,0,0,0,0,0,0,0,0,0,0,0,0,0,,,
458,SUSTAIN_CHR,-1,-1,魅力維持,Undefined,0,0,0,0,0,0,0,0,0,0,0,0,0,0,0,0,0,0,0,0,0,0,0,0,0,,,
459,SEE_INVISIBLE,-1,-1,透明視,Undefined,0,0,0,0,0,0,0,0,0,0,0,0,0,0,0,0,0,0,0,0,0,0,0,0,0,,,
460,XXX,-1,-1,未定義,Undefined,0,0,0,0,0,0,0,0,0,0,0,0,0,0,0,0,0,0,0,0,0,0,0,0,0,,,
461,XXX,-1,-1,未定義,Undefined,0,0,0,0,0,0,0,0,0,0,0,0,0,0,0,0,0,0,0,0,0,0,0,0,0,,,
462,XXX,-1,-1,未定義,Undefined,0,0,0,0,0,0,0,0,0,0,0,0,0,0,0,0,0,0,0,0,0,0,0,0,0,,,
463,XXX,-1,-1,未定義,Undefined,0,0,0,0,0,0,0,0,0,0,0,0,0,0,0,0,0,0,0,0,0,0,0,0,0,,,
464,XXX,-1,-1,未定義,Undefined,0,0,0,0,0,0,0,0,0,0,0,0,0,0,0,0,0,0,0,0,0,0,0,0,0,,,
465,XXX,-1,-1,未定義,Undefined,0,0,0,0,0,0,0,0,0,0,0,0,0,0,0,0,0,0,0,0,0,0,0,0,0,,,
466,XXX,-1,-1,未定義,Undefined,0,0,0,0,0,0,0,0,0,0,0,0,0,0,0,0,0,0,0,0,0,0,0,0,0,,,
467,XXX,-1,-1,未定義,Undefined,0,0,0,0,0,0,0,0,0,0,0,0,0,0,0,0,0,0,0,0,0,0,0,0,0,,,
468,XXX,-1,-1,未定義,Undefined,0,0,0,0,0,0,0,0,0,0,0,0,0,0,0,0,0,0,0,0,0,0,0,0,0,,,
469,XXX,-1,-1,未定義,Undefined,0,0,0,0,0,0,0,0,0,0,0,0,0,0,0,0,0,0,0,0,0,0,0,0,0,,,
470,XXX,-1,-1,未定義,Undefined,0,0,0,0,0,0,0,0,0,0,0,0,0,0,0,0,0,0,0,0,0,0,0,0,0,,,
471,XXX,-1,-1,未定義,Undefined,0,0,0,0,0,0,0,0,0,0,0,0,0,0,0,0,0,0,0,0,0,0,0,0,0,,,
472,XXX,-1,-1,未定義,Undefined,0,0,0,0,0,0,0,0,0,0,0,0,0,0,0,0,0,0,0,0,0,0,0,0,0,,,
473,XXX,-1,-1,未定義,Undefined,0,0,0,0,0,0,0,0,0,0,0,0,0,0,0,0,0,0,0,0,0,0,0,0,0,,,
474,XXX,-1,-1,未定義,Undefined,0,0,0,0,0,0,0,0,0,0,0,0,0,0,0,0,0,0,0,0,0,0,0,0,0,,,
475,XXX,-1,-1,未定義,Undefined,0,0,0,0,0,0,0,0,0,0,0,0,0,0,0,0,0,0,0,0,0,0,0,0,0,,,
476,XXX,-1,-1,未定義,Undefined,0,0,0,0,0,0,0,0,0,0,0,0,0,0,0,0,0,0,0,0,0,0,0,0,0,,,
477,XXX,-1,-1,未定義,Undefined,0,0,0,0,0,0,0,0,0,0,0,0,0,0,0,0,0,0,0,0,0,0,0,0,0,,,
478,XXX,-1,-1,未定義,Undefined,0,0,0,0,0,0,0,0,0,0,0,0,0,0,0,0,0,0,0,0,0,0,0,0,0,,,
479,XXX,-1,-1,未定義,Undefined,0,0,0,0,0,0,0,0,0,0,0,0,0,0,0,0,0,0,0,0,0,0,0,0,0,,,
480,SEX_REVERSE,-1,-1,性別反転,Undefined,0,0,0,0,0,0,0,0,0,0,0,0,0,0,0,0,0,0,0,0,0,0,0,0,0,,,
481,INTERSEX,-1,-1,両性,Undefined,0,0,0,0,0,0,0,0,0,0,0,0,0,0,0,0,0,0,0,0,0,0,0,0,0,,,
482,NOSEX,-1,-1,無性,Undefined,0,0,0,0,0,0,0,0,0,0,0,0,0,0,0,0,0,0,0,0,0,0,0,0,0,,,
483,HOMOSEXUAL,-1,-1,同性愛者,Undefined,0,0,0,0,0,0,0,0,0,0,0,0,0,0,0,0,0,0,0,0,0,0,0,0,0,,,
484,BISEXUAL,-1,-1,両性愛者,Undefined,0,0,0,0,0,0,0,0,0,0,0,0,0,0,0,0,0,0,0,0,0,0,0,0,0,,,
485,XXX,-1,-1,未定義,Undefined,0,0,0,0,0,0,0,0,0,0,0,0,0,0,0,0,0,0,0,0,0,0,0,0,0,,,
486,XXX,-1,-1,未定義,Undefined,0,0,0,0,0,0,0,0,0,0,0,0,0,0,0,0,0,0,0,0,0,0,0,0,0,,,
487,XXX,-1,-1,未定義,Undefined,0,0,0,0,0,0,0,0,0,0,0,0,0,0,0,0,0,0,0,0,0,0,0,0,0,,,
488,XXX,-1,-1,未定義,Undefined,0,0,0,0,0,0,0,0,0,0,0,0,0,0,0,0,0,0,0,0,0,0,0,0,0,,,
489,XXX,-1,-1,未定義,Undefined,0,0,0,0,0,0,0,0,0,0,0,0,0,0,0,0,0,0,0,0,0,0,0,0,0,,,
490,XXX,-1,-1,未定義,Undefined,0,0,0,0,0,0,0,0,0,0,0,0,0,0,0,0,0,0,0,0,0,0,0,0,0,,,
491,XXX,-1,-1,未定義,Undefined,0,0,0,0,0,0,0,0,0,0,0,0,0,0,0,0,0,0,0,0,0,0,0,0,0,,,
492,XXX,-1,-1,未定義,Undefined,0,0,0,0,0,0,0,0,0,0,0,0,0,0,0,0,0,0,0,0,0,0,0,0,0,,,
493,XXX,-1,-1,未定義,Undefined,0,0,0,0,0,0,0,0,0,0,0,0,0,0,0,0,0,0,0,0,0,0,0,0,0,,,
494,XXX,-1,-1,未定義,Undefined,0,0,0,0,0,0,0,0,0,0,0,0,0,0,0,0,0,0,0,0,0,0,0,0,0,,,
495,XXX,-1,-1,未定義,Undefined,0,0,0,0,0,0,0,0,0,0,0,0,0,0,0,0,0,0,0,0,0,0,0,0,0,,,
496,XXX,-1,-1,未定義,Undefined,0,0,0,0,0,0,0,0,0,0,0,0,0,0,0,0,0,0,0,0,0,0,0,0,0,,,
497,XXX,-1,-1,未定義,Undefined,0,0,0,0,0,0,0,0,0,0,0,0,0,0,0,0,0,0,0,0,0,0,0,0,0,,,
498,XXX,-1,-1,未定義,Undefined,0,0,0,0,0,0,0,0,0,0,0,0,0,0,0,0,0,0,0,0,0,0,0,0,0,,,
499,XXX,-1,-1,未定義,Undefined,0,0,0,0,0,0,0,0,0,0,0,0,0,0,0,0,0,0,0,0,0,0,0,0,0,,,
500,XXX,-1,-1,未定義,Undefined,0,0,0,0,0,0,0,0,0,0,0,0,0,0,0,0,0,0,0,0,0,0,0,0,0,,,
501,XXX,-1,-1,未定義,Undefined,0,0,0,0,0,0,0,0,0,0,0,0,0,0,0,0,0,0,0,0,0,0,0,0,0,,,
502,XXX,-1,-1,未定義,Undefined,0,0,0,0,0,0,0,0,0,0,0,0,0,0,0,0,0,0,0,0,0,0,0,0,0,,,
503,XXX,-1,-1,未定義,Undefined,0,0,0,0,0,0,0,0,0,0,0,0,0,0,0,0,0,0,0,0,0,0,0,0,0,,,
504,XXX,-1,-1,未定義,Undefined,0,0,0,0,0,0,0,0,0,0,0,0,0,0,0,0,0,0,0,0,0,0,0,0,0,,,
505,XXX,-1,-1,未定義,Undefined,0,0,0,0,0,0,0,0,0,0,0,0,0,0,0,0,0,0,0,0,0,0,0,0,0,,,
506,XXX,-1,-1,未定義,Undefined,0,0,0,0,0,0,0,0,0,0,0,0,0,0,0,0,0,0,0,0,0,0,0,0,0,,,
507,XXX,-1,-1,未定義,Undefined,0,0,0,0,0,0,0,0,0,0,0,0,0,0,0,0,0,0,0,0,0,0,0,0,0,,,
508,XXX,-1,-1,未定義,Undefined,0,0,0,0,0,0,0,0,0,0,0,0,0,0,0,0,0,0,0,0,0,0,0,0,0,,,
509,XXX,-1,-1,未定義,Undefined,0,0,0,0,0,0,0,0,0,0,0,0,0,0,0,0,0,0,0,0,0,0,0,0,0,,,
510,XXX,-1,-1,未定義,Undefined,0,0,0,0,0,0,0,0,0,0,0,0,0,0,0,0,0,0,0,0,0,0,0,0,0,,,
511,XXX,-1,-1,未定義,Undefined,0,0,0,0,0,0,0,0,0,0,0,0,0,0,0,0,0,0,0,0,0,0,0,0,0,,,
512,SWORD_DANCING,-1,-1,剣舞,Sword Dancing,0,0,0,0,0,0,0,0,0,0,0,0,0,0,0,0,0,0,0,0,0,0,0,0,0,,あなたはランダムな方向に対して数回攻撃することができる。(75 MP),You can attack some random directions at a time (cost 75).
513,STOP_HEX,-1,-1,呪術の停止,Stop Hex,0,0,0,0,0,0,0,0,0,0,0,0,0,0,0,0,0,0,0,0,0,0,0,0,0,,,
514,BLESS_WEAPON,-1,-1,武器の祝福,Bless Weapon,0,0,0,0,0,0,0,0,0,0,0,0,0,0,0,0,0,0,0,0,0,0,0,0,0,,あなたは武器を祝福することができる。(70 MP),You can bless a weapon (cost 70).
515,EVOCATION,-1,-1,召魂,Evocation,0,0,0,0,0,0,0,0,0,0,0,0,0,0,0,0,0,0,0,0,0,0,0,0,0,,,
516,SCAN_CREATURE,-1,-1,クリーチャー調査,Scan Creature,0,0,0,0,0,0,0,0,0,0,0,0,0,0,0,0,0,0,0,0,0,0,0,0,0,,,
517,HOLY_LANCE,-1,-1,ホーリー・ランス,Holy Lance,0,0,0,0,0,0,0,0,0,0,0,0,0,0,0,0,0,0,0,0,0,0,0,0,0,,,
518,HELL_LANCE,-1,-1,ヘル・ランス,Hell Lance,0,0,0,0,0,0,0,0,0,0,0,0,0,0,0,0,0,0,0,0,0,0,0,0,0,,,
519,HP_TO_SP,-1,-1,HPからMPへの変換,Convert HP to SP,0,0,0,0,0,0,0,0,0,0,0,0,0,0,0,0,0,0,0,0,0,0,0,0,0,,,
520,SP_TO_HP,-1,-1,MPからHPへの変換,Convert SP to HP,0,0,0,0,0,0,0,0,0,0,0,0,0,0,0,0,0,0,0,0,0,0,0,0,0,,,
521,CONFUSING_LIGHT,-1,-1,幻惑の光,Confusing Light,0,0,0,0,0,0,0,0,0,0,0,0,0,0,0,0,0,0,0,0,0,0,0,0,0,,,
522,POSTURE,-1,-1,構え,Assume a Posture,0,0,0,0,0,0,0,0,0,0,0,0,0,0,0,0,0,0,0,0,0,0,0,0,0,,,
523,DOUBLE_ATTACK,-1,-1,百烈拳,Double Attack,0,0,0,0,0,0,0,0,0,0,0,0,0,0,0,0,0,0,0,0,0,0,0,0,0,,,
524,CLEAR_MIND,-1,-1,明鏡止水,Clear Mind,0,0,0,0,0,0,0,0,0,0,0,0,0,0,0,0,0,0,0,0,0,0,0,0,0,,,
525,TAKE_PHOTO,-1,-1,写真撮影,Take a Photograph,0,0,0,0,0,0,0,0,0,0,0,0,0,0,0,0,0,0,0,0,0,0,0,0,0,,,
526,IDENTIFY_TRUE,-1,-1,真・鑑定,Indentify True,0,0,0,0,0,0,0,0,0,0,0,0,0,0,0,0,0,0,0,0,0,0,0,0,0,,,
527,DOUBLE_REVENGE,-1,-1,倍返し,Double Revenge,0,0,0,0,0,0,0,0,0,0,0,0,0,0,0,0,0,0,0,0,0,0,0,0,0,,,
528,DOMINATE_LIVE,-1,-1,生物支配,Dominate a Living Thing,0,0,0,0,0,0,0,0,0,0,0,0,0,0,0,0,0,0,0,0,0,0,0,0,0,,,
529,DOMINATE_LIVES,-1,-1,真・生物支配,Dominate Living Things,0,0,0,0,0,0,0,0,0,0,0,0,0,0,0,0,0,0,0,0,0,0,0,0,0,,,
530,CREATE_AMMO,-1,-1,矢弾の製造,Create Ammo,0,0,0,0,0,0,0,0,0,0,0,0,0,0,0,0,0,0,0,0,0,0,0,0,0,,,
531,ABSORB_MAGIC,-1,-1,魔力の取り込み,Absorb Magic,0,0,0,0,0,0,0,0,0,0,0,0,0,0,0,0,0,0,0,0,0,0,0,0,0,,あなたはアイテムの魔力を吸収することができる。(1 MP),You can absorb charges from an item (cost 1).
532,STOP_SINGING,-1,-1,歌を止める,Stop Singing,0,0,0,0,0,0,0,0,0,0,0,0,0,0,0,0,0,0,0,0,0,0,0,0,0,,,
533,DOUBLE_MAGIC,-1,-1,連続魔,Successional Magic,0,0,0,0,0,0,0,0,0,0,0,0,0,0,0,0,0,0,0,0,0,0,0,0,0,,,
534,CONCENTRATION,-1,-1,気合いため,Concentration,0,0,0,0,0,0,0,0,0,0,0,0,0,0,0,0,0,0,0,0,0,0,0,0,0,,,
535,POSTURE2,-1,-1,型,Assume a Posture,0,0,0,0,0,0,0,0,0,0,0,0,0,0,0,0,0,0,0,0,0,0,0,0,0,,,
536,LEARNING,-1,0,ラーニング,Learning,0,0,0,0,0,0,0,0,0,0,0,0,0,0,0,0,0,0,0,0,0,0,0,0,0,,,
537,RODEO,-1,-1,荒馬ならし,Rodeo,0,0,0,0,0,0,0,0,0,0,0,0,0,0,0,0,0,0,0,0,0,0,0,0,0,,,
538,BREAK_MIRROR,-1,-1,鏡割り,Break Mirrors,0,0,0,0,0,0,0,0,0,0,0,0,0,0,0,0,0,0,0,0,0,0,0,0,0,,,
539,MIRROR_CONC,-1,-1,静水,Mirror Concentration,0,0,0,0,0,0,0,0,0,0,0,0,0,0,0,0,0,0,0,0,0,0,0,0,0,,,
540,WEAPON_JUDGE,-1,-1,目利き,Weapon Judgment,0,0,0,0,0,0,0,0,0,0,0,0,0,0,0,0,0,0,0,0,0,0,0,0,0,,,
541,QUICK_WALK,-1,-1,早駆け,Quick Walk,0,0,0,0,0,0,0,0,0,0,0,0,0,0,0,0,0,0,0,0,0,0,0,0,0,,,
542,DETECT_DOOR_TRAP,-1,-1,ドアと罠感知,Detect Doors and Traps,0,0,0,0,0,0,0,0,0,0,0,0,0,0,0,0,0,0,0,0,0,0,0,0,0,,,
543,CREATE_FOOD,-1,-1,食料生成,Create Food,0,0,0,0,0,0,0,0,0,0,0,0,0,0,0,0,0,0,0,0,0,0,0,0,0,,,
544,SHADOW_SHIFT,-1,-1,シャドウ・シフト,Shadow Shifting,0,0,0,0,0,0,0,0,0,0,0,0,0,0,0,0,0,0,0,0,0,0,0,0,0,,,
545,PATTERN_WALK,-1,-1,パターン・ウォーク,Pattern Mindwalking,0,0,0,0,0,0,0,0,0,0,0,0,0,0,0,0,0,0,0,0,0,0,0,0,0,,,
546,EXPLOSIVE_RUNE,-1,-1,爆発のルーン,Explosive Rune,0,0,0,0,0,0,0,0,0,0,0,0,0,0,0,0,0,0,0,0,0,0,0,0,0,,,
547,STONE_TO_MUD,-1,-1,岩石溶解,Stone to Mud,0,0,0,0,0,0,0,0,0,0,0,0,0,0,0,0,0,0,0,0,0,0,0,0,0,,,
548,THROW_BOULDER,-1,-1,岩石投げ,Thorow Boulder,0,0,0,0,0,0,0,0,0,0,0,0,0,0,0,0,0,0,0,0,0,0,0,0,0,,,
549,SCARE_CREATURE,-1,-1,クリーチャー恐慌,Scare Creature,0,0,0,0,0,0,0,0,0,0,0,0,0,0,0,0,0,0,0,0,0,0,0,0,0,,,
550,POISON_DART,-1,-1,毒のダーツ,Poison Dart,0,0,0,0,0,0,0,0,0,0,0,0,0,0,0,0,0,0,0,0,0,0,0,0,0,,,
551,MAGIC_MISSILE,-1,-1,マジック・ミサイル,Magic Missile,0,0,0,0,0,0,0,0,0,0,0,0,0,0,0,0,0,0,0,0,0,0,0,0,0,,,
552,MASSACRE,-1,-1,皆殺し,Massacre,0,0,0,0,0,0,0,0,0,0,0,0,0,0,0,0,0,0,0,0,0,0,0,0,0,,あなたは周りのすべてのモンスターを攻撃することができる。(40 MP),You can damages all monsters in sight (cost 40).
553,FIRE_BOLT,-1,-1,ファイア・ボルト,Fire Bolt,0,0,0,0,0,0,0,0,0,0,0,0,0,0,0,0,0,0,0,0,0,0,0,0,0,,,
554,FIRE_BALL,-1,-1,ファイア・ボール,Fire Ball,0,0,0,0,0,0,0,0,0,0,0,0,0,0,0,0,0,0,0,0,0,0,0,0,0,,,
555,STONE_SKIN,-1,-1,肌石化,Stone Skin,0,0,0,0,0,0,0,0,0,0,0,0,0,0,0,0,0,0,0,0,0,0,0,0,0,,,
556,RESTORE_LIFE,-1,-1,生命力回復,Restore Life,0,0,0,0,0,0,0,0,0,0,0,0,0,0,0,0,0,0,0,0,0,0,0,0,0,,,
557,DRAIN_LIFE,-1,-1,生命力吸収,Drain Life,0,0,0,0,0,0,0,0,0,0,0,0,0,0,0,0,0,0,0,0,0,0,0,0,0,,,
558,SLEEPING_DUST,-1,-1,眠り粉,Sleeping Dust,0,0,0,0,0,0,0,0,0,0,0,0,0,0,0,0,0,0,0,0,0,0,0,0,0,,,
559,EXPAND_HLIZN,-1,-1,横に伸びる,Expand Horizontally,0,0,0,0,0,0,0,0,0,0,0,0,0,0,0,0,0,0,0,0,0,0,0,0,0,,,
560,RAY_GUN,-1,-1,レイガン,Ray Gun,0,0,0,0,0,0,0,0,0,0,0,0,0,0,0,0,0,0,0,0,0,0,0,0,0,,,
561,BLASTER,-1,-1,ブラスター,Blaster,0,0,0,0,0,0,0,0,0,0,0,0,0,0,0,0,0,0,0,0,0,0,0,0,0,,,
562,BAZOOKA,-1,-1,バズーカ,Bazooka,0,0,0,0,0,0,0,0,0,0,0,0,0,0,0,0,0,0,0,0,0,0,0,0,0,,,
563,BEAM_CANNON,-1,-1,ビーム・キャノン,Beam Cannon,0,0,0,0,0,0,0,0,0,0,0,0,0,0,0,0,0,0,0,0,0,0,0,0,0,,,
564,XXX564,-1,-1,未定義,Undefined,0,0,0,0,0,0,0,0,0,0,0,0,0,0,0,0,0,0,0,0,0,0,0,0,0,,,
565,XXX,-1,-1,未定義,Undefined,0,0,0,0,0,0,0,0,0,0,0,0,0,0,0,0,0,0,0,0,0,0,0,0,0,,,
566,XXX,-1,-1,未定義,Undefined,0,0,0,0,0,0,0,0,0,0,0,0,0,0,0,0,0,0,0,0,0,0,0,0,0,,,
567,XXX,-1,-1,未定義,Undefined,0,0,0,0,0,0,0,0,0,0,0,0,0,0,0,0,0,0,0,0,0,0,0,0,0,,,
568,XXX,-1,-1,未定義,Undefined,0,0,0,0,0,0,0,0,0,0,0,0,0,0,0,0,0,0,0,0,0,0,0,0,0,,,
569,XXX,-1,-1,未定義,Undefined,0,0,0,0,0,0,0,0,0,0,0,0,0,0,0,0,0,0,0,0,0,0,0,0,0,,,
570,XXX,-1,-1,未定義,Undefined,0,0,0,0,0,0,0,0,0,0,0,0,0,0,0,0,0,0,0,0,0,0,0,0,0,,,
571,XXX,-1,-1,未定義,Undefined,0,0,0,0,0,0,0,0,0,0,0,0,0,0,0,0,0,0,0,0,0,0,0,0,0,,,
572,XXX,-1,-1,未定義,Undefined,0,0,0,0,0,0,0,0,0,0,0,0,0,0,0,0,0,0,0,0,0,0,0,0,0,,,
573,XXX,-1,-1,未定義,Undefined,0,0,0,0,0,0,0,0,0,0,0,0,0,0,0,0,0,0,0,0,0,0,0,0,0,,,
574,XXX,-1,-1,未定義,Undefined,0,0,0,0,0,0,0,0,0,0,0,0,0,0,0,0,0,0,0,0,0,0,0,0,0,,,
575,XXX,-1,-1,未定義,Undefined,0,0,0,0,0,0,0,0,0,0,0,0,0,0,0,0,0,0,0,0,0,0,0,0,0,,,
576,HUMAN,-1,-1,人間系種族,Undefined,0,0,0,0,0,0,0,0,0,0,0,0,0,0,0,0,0,0,0,0,0,0,0,0,0,,,
577,ELF,-1,-1,エルフ系種族,Undefined,0,0,0,0,0,0,0,0,0,0,0,0,0,0,0,0,0,0,0,0,0,0,0,0,0,,,
578,DWARF,-1,-1,ドワーフ系種族,Undefined,0,0,0,0,0,0,0,0,0,0,0,0,0,0,0,0,0,0,0,0,0,0,0,0,0,,,
579,DEMON,-1,-1,悪魔系種族,Undefined,0,0,0,0,0,0,0,0,0,0,0,0,0,0,0,0,0,0,0,0,0,0,0,0,0,,,
580,ANGEL,-1,-1,天使系種族,Undefined,0,0,0,0,0,0,0,0,0,0,0,0,0,0,0,0,0,0,0,0,0,0,0,0,0,,,
581,GIANT,-1,-1,巨人系種族,Undefined,0,0,0,0,0,0,0,0,0,0,0,0,0,0,0,0,0,0,0,0,0,0,0,0,0,,,
582,TROLL,-1,-1,トロル系種族,Undefined,0,0,0,0,0,0,0,0,0,0,0,0,0,0,0,0,0,0,0,0,0,0,0,0,0,,,
583,ORC,-1,-1,オーク系種族,Undefined,0,0,0,0,0,0,0,0,0,0,0,0,0,0,0,0,0,0,0,0,0,0,0,0,0,,,
584,DRAGON,-1,-1,竜系種族,Undefined,0,0,0,0,0,0,0,0,0,0,0,0,0,0,0,0,0,0,0,0,0,0,0,0,0,,,
585,ALIEN,-1,-1,異星系種族,Undefined,0,0,0,0,0,0,0,0,0,0,0,0,0,0,0,0,0,0,0,0,0,0,0,0,0,,,
586,ANIMAL,-1,-1,動物系種族,Undefined,0,0,0,0,0,0,0,0,0,0,0,0,0,0,0,0,0,0,0,0,0,0,0,0,0,,,
587,UNDEAD,-1,-1,アンデッド系種族,Undefined,0,0,0,0,0,0,0,0,0,0,0,0,0,0,0,0,0,0,0,0,0,0,0,0,0,,,
588,XXX,-1,-1,未定義,Undefined,0,0,0,0,0,0,0,0,0,0,0,0,0,0,0,0,0,0,0,0,0,0,0,0,0,,,
589,ENT1,-1,-1,エントの経年的特徴１,Undefined,0,0,0,0,0,0,0,0,0,0,0,0,0,0,0,0,0,0,0,0,0,0,0,0,0,,は若年のエントであるため、強く頑丈だが鈍い。,
590,ENT2,589,-1,エントの経年的特徴２,Undefined,0,0,0,0,0,0,0,0,0,0,0,0,0,0,0,0,0,0,0,0,0,0,0,0,0,,は熟年のエントであるため、より強く頑丈であるが鈍い。,
591,ENT3,590,-1,エントの経年的特徴３,Undefined,0,0,0,0,0,0,0,0,0,0,0,0,0,0,0,0,0,0,0,0,0,0,0,0,0,,は老年のエントであるため、極めて強く頑丈であるが鈍い。,
592,XXX,-1,-1,未定義,Undefined,0,0,0,0,0,0,0,0,0,0,0,0,0,0,0,0,0,0,0,0,0,0,0,0,0,,,
593,XXX,-1,-1,未定義,Undefined,0,0,0,0,0,0,0,0,0,0,0,0,0,0,0,0,0,0,0,0,0,0,0,0,0,,,
594,XXX,-1,-1,未定義,Undefined,0,0,0,0,0,0,0,0,0,0,0,0,0,0,0,0,0,0,0,0,0,0,0,0,0,,,
595,XXX,-1,-1,未定義,Undefined,0,0,0,0,0,0,0,0,0,0,0,0,0,0,0,0,0,0,0,0,0,0,0,0,0,,,
596,XXX,-1,-1,未定義,Undefined,0,0,0,0,0,0,0,0,0,0,0,0,0,0,0,0,0,0,0,0,0,0,0,0,0,,,
597,XXX,-1,-1,未定義,Undefined,0,0,0,0,0,0,0,0,0,0,0,0,0,0,0,0,0,0,0,0,0,0,0,0,0,,,
598,XXX,-1,-1,未定義,Undefined,0,0,0,0,0,0,0,0,0,0,0,0,0,0,0,0,0,0,0,0,0,0,0,0,0,,,
599,XXX,-1,-1,未定義,Undefined,0,0,0,0,0,0,0,0,0,0,0,0,0,0,0,0,0,0,0,0,0,0,0,0,0,,,
600,XXX,-1,-1,未定義,Undefined,0,0,0,0,0,0,0,0,0,0,0,0,0,0,0,0,0,0,0,0,0,0,0,0,0,,,
601,XXX,-1,-1,未定義,Undefined,0,0,0,0,0,0,0,0,0,0,0,0,0,0,0,0,0,0,0,0,0,0,0,0,0,,,
602,XXX,-1,-1,未定義,Undefined,0,0,0,0,0,0,0,0,0,0,0,0,0,0,0,0,0,0,0,0,0,0,0,0,0,,,
603,XXX,-1,-1,未定義,Undefined,0,0,0,0,0,0,0,0,0,0,0,0,0,0,0,0,0,0,0,0,0,0,0,0,0,,,
604,XXX,-1,-1,未定義,Undefined,0,0,0,0,0,0,0,0,0,0,0,0,0,0,0,0,0,0,0,0,0,0,0,0,0,,,
605,XXX,-1,-1,未定義,Undefined,0,0,0,0,0,0,0,0,0,0,0,0,0,0,0,0,0,0,0,0,0,0,0,0,0,,,
606,XXX,-1,-1,未定義,Undefined,0,0,0,0,0,0,0,0,0,0,0,0,0,0,0,0,0,0,0,0,0,0,0,0,0,,,
