ID,CM,NAME,E_NAME,SEX,LEV,DR,P_STR,P_INT,P_WIS,P_DEX,P_CON,P_CHA,H_STR,H_INT,H_WIS,H_DEX,H_CON,H_CHA,P_DIS,P_DEV,P_ROB,P_EVA,P_VOL,P_STL,P_SRH,P_FOS,P_THN,P_THB,P_INFRA,H_DIS,H_DEV,H_ROB,H_EVA,H_VOL,H_STL,H_SRH,H_FOS,H_THN,H_THB,H_INFRA,M_HB,M_HM,M_WB,M_WM,F_HB,F_HM,F_WB,F_WM,P_HITD_M,P_EXP,H_HITD_M,H_EXP,HAND,RING,AMULET,BODY,OUTER,HEAD,ARMS,FEET,TAIL,INTAKE,SYM,AGE,SP_MELEE,AGE_ADD,P_FLAGS,H_FLAGS,SUIT_CLASS,DESCRIPTION,E_DESCRIPTION
0,0,人間,Human,0x6,1,-1,0,0,0,0,0,0,0,0,0,0,0,0,5,5,10,10,10,0,10,10,10,10,0,0,0,0,0,0,0,0,0,0,0,0,170,10,60,1,155,10,40,1,1,100,1,100,2,2,1,1,1,1,1,1,0,0,p,15,,20,HUMANOID|RES_NEXU:1|FOOD_EATER|DROP_CORPSE|DROP_SKELETON,HUMANOID|RES_NEXU:14|FOOD_EATER|DROP_CORPSE|DROP_SKELETON,"WARRIOR|MAGE|PRIEST|ROGUE|RANGER|PALADIN|WARRIOR_MAGE|CHAOS_WARRIOR|MONK|
MINDCRAFTER|HIGH_MAGE|TOURIST|IMITATOR|BEASTMASTER|SORCERER|ARCHER|
MAGIC_EATER|BARD|RED_MAGE|SAMURAI|FORCETRAINER|BLUE_MAGE|CAVALRY|
BERSERKER|SMITH|MIRROR_MASTER|NINJA|SNIPER",人間はD'angbandの多元宇宙の中で良く〈天秤〉の力に即する形をした種族で、広義に見なせばあらゆる世界に分布しています。どんな職業でも安定した能力を発揮し、レベル上昇が最も早く潜在能力も飛び抜けています。『変愚蛮怒』までは全ての技能値が低く、標準でありながら最弱に近かった種族ですが、このバリアントでは技能値や各種セーブ値が全体的に底上げされ、中程の難易度が考慮されています。さらに最も多くの種族と混血の組み合わせを持ち、しかもその形質は全て人間側が主となります。,TODO
1,0,エルフ,Elf,0x6,1,-1,-2,2,2,1,-2,2,-1,1,1,0,-1,1,7,7,8,8,8,2,12,12,5,15,3,1,1,2,2,2,1,2,2,-1,5,1,160,8,45,1,140,8,25,1,0,120,0,110,2,2,1,1,1,1,1,1,0,0,h,15,,75,HUMANOID|RES_LITE:1|FOOD_EATER|DROP_CORPSE|DROP_SKELETON,HUMANOID|RES_LITE:22|FOOD_EATER|DROP_CORPSE|DROP_SKELETON,"WARRIOR|MAGE|PRIEST|ROGUE|RANGER|PALADIN|WARRIOR_MAGE|CHAOS_WARRIOR|MONK|
MINDCRAFTER|HIGH_MAGE|TOURIST|IMITATOR|BEASTMASTER|SORCERER|ARCHER|
MAGIC_EATER|BARD|RED_MAGE|SAMURAI|FORCETRAINER|BLUE_MAGE|CAVALRY|
BERSERKER|SMITH|MIRROR_MASTER|NINJA|SNIPER",エルフは人間と同じ位D'angbandの多元宇宙上に広く存在する種族であり、種として〈天秤〉にもかなり近しい種族ですが、若干〈善〉と〈混沌〉の属性も備えています。彼らは知覚と知性において人間よりも優れているため、盗賊や魔法使いに向いていますが、戦士のように直接の荒事をこなすのは苦手です。また、生まれつき光に対する耐性を持っています。彼らは人間に次いで多くの混血組み合わせを持ちます。,TODO
2,0,ドワーフ,Dwarf,0x6,1,-1,2,-2,2,0,2,0,1,-1,1,-1,0,0,7,5,5,5,5,-1,12,9,13,5,5,1,1,0,0,0,0,1,1,3,0,2,140,8,50,1,140,8,50,1,0,115,0,105,2,2,1,1,1,1,1,1,0,0,h,20,,60,HUMANOID|NO_BLIND:1|FOOD_EATER|DROP_CORPSE|DROP_SKELETON,HUMANOID|NO_BLIND:18|FOOD_EATER|DROP_CORPSE|DROP_SKELETON,"WARRIOR|MAGE|PRIEST|ROGUE|RANGER|PALADIN|WARRIOR_MAGE|CHAOS_WARRIOR|MONK|
MINDCRAFTER|HIGH_MAGE|TOURIST|IMITATOR|BEASTMASTER|SORCERER|ARCHER|
MAGIC_EATER|BARD|RED_MAGE|SAMURAI|FORCETRAINER|BLUE_MAGE|CAVALRY|
BERSERKER|SMITH|MIRROR_MASTER|NINJA|SNIPER",ドワーフは〈天秤〉の力を良く受けた広範に存在する種族の一つであり、〈善〉と〈秩序〉の理にも適っています。人間にくらべ幾分小柄ですが逞しく強靭です。知的能力については客観的な知的蓄積よりは、その時に応じた判断力に優れています。こっそりと物事を成し遂げる事は苦手ですが、真正面から障害に対処する前線の戦士として優れた才能を持ちます。彼らの目は盲目になることがありません。,TODO
3,0,ホビット,Hobbit,0x6,1,-1,-2,0,0,1,3,0,-1,0,0,0,1,0,12,2,2,2,2,4,10,12,3,15,0,4,-1,-1,-1,-1,2,3,2,0,2,0,100,6,20,1,95,6,20,1,0,120,0,110,2,2,1,1,1,1,1,1,0,0,h,25,,60,HUMANOID|SUSTAIN_DEX:1|HOLD_LIFE:1|FOOD_EATER|DROP_CORPSE|DROP_SKELETON,HUMANOID|FOOD_EATER|DROP_CORPSE|DROP_SKELETON,"WARRIOR|MAGE|PRIEST|ROGUE|RANGER|PALADIN|WARRIOR_MAGE|CHAOS_WARRIOR|MONK|
MINDCRAFTER|HIGH_MAGE|TOURIST|IMITATOR|BEASTMASTER|SORCERER|ARCHER|
MAGIC_EATER|BARD|RED_MAGE|SAMURAI|FORCETRAINER|BLUE_MAGE|CAVALRY|
BERSERKER|SMITH|MIRROR_MASTER|NINJA|SNIPER","ホビット、またはハーフリングは本来非常に善良な種族ですが、皮肉なまでに〈悪〉を知らないその〈善〉はそれゆえに〈天秤〉を大きく揺るがす性質を持っています。弓や投擲に長け、探索, 解除, 知覚, 隠密行動に長けているため盗賊（自称、忍びの者）に高い適正を持ちます。また彼らはかなり良い赤外線視力を持っており、生命を直接脅かす害に対する耐性も備えています。",TODO
4,0,ノーム,Gnome,0x6,1,-1,-2,2,2,1,0,0,-1,1,0,0,1,0,10,8,6,6,6,3,11,13,5,12,8,4,3,3,3,3,0,0,1,0,2,3,120,6,30,1,114,6,27,1,0,110,0,105,2,2,1,1,1,1,1,1,0,0,h,15,,80,HUMANOID|BLINK:10|FOOD_EATER|NO_SLEEP:1|DROP_CORPSE|DROP_SKELETON,HUMANOID|BLINK:26|FOOD_EATER|NO_SLEEP:15|DROP_CORPSE|DROP_SKELETON,"WARRIOR|MAGE|PRIEST|ROGUE|RANGER|PALADIN|WARRIOR_MAGE|CHAOS_WARRIOR|MONK|
MINDCRAFTER|HIGH_MAGE|TOURIST|IMITATOR|BEASTMASTER|SORCERER|ARCHER|
MAGIC_EATER|BARD|RED_MAGE|SAMURAI|FORCETRAINER|BLUE_MAGE|CAVALRY|
BERSERKER|SMITH|MIRROR_MASTER|NINJA|SNIPER","ノームは〈天秤〉の力の中で一定の繁栄を得ている種族の一つです。人間より小柄で力仕事を苦手としますが、あらゆる知の研鑽を重ね、大抵は密やかに生きながらも異種族とも良好な関係を重ねる賢明な種族です。魔法の攻防に長け、探索, 解除, 知覚, 隠密行動でも優れています。赤外線視力を持っており、温血動物を離れた場所から見つけることができます。生まれつき麻痺に対する耐性を持っています。",TODO
5,1,野蛮人,Barbarian,0x6,1,-1,3,-2,-1,1,2,0,1,-1,-1,0,1,0,2,-5,15,15,15,-1,8,10,16,7,0,-1,-2,5,5,5,0,0,-1,3,-1,0,170,10,60,1,155,10,40,1,0,120,0,110,2,2,1,1,1,1,1,1,0,0,p,15,,20,HUMANOID|FOOD_EATER|FEARLESS:1|DROP_CORPSE|DROP_SKELETON,HUMANOID|FOOD_EATER|FEARLESS:12|DROP_CORPSE|DROP_SKELETON,"WARRIOR|MAGE|PRIEST|ROGUE|RANGER|PALADIN|WARRIOR_MAGE|CHAOS_WARRIOR|MONK|
MINDCRAFTER|HIGH_MAGE|TOURIST|IMITATOR|BEASTMASTER|SORCERER|ARCHER|
MAGIC_EATER|BARD|RED_MAGE|SAMURAI|FORCETRAINER|BLUE_MAGE|CAVALRY|
BERSERKER|SMITH|MIRROR_MASTER|NINJA|SNIPER",野蛮人は本来の人間よりも強く〈混沌〉の業に傾いている一方で、生命の原型により近い逞しさを備えた生粋にして生涯の戦士達です。恐れと言う感情を持たず、狂乱に心身を委ねる技能を持っています。反面、彼らの知的面はお世辞にも優れているとは言えず、特に魔法の技とは極めて縁遠い育ちをするために、その所産を使う事が極めて苦手です。,TODO
6,1,ドゥナダン,Dunadan,0x6,8,-1,1,2,2,2,3,2,1,0,0,1,2,1,5,5,5,5,5,2,11,13,15,12,0,0,0,0,0,0,1,-1,1,2,2,0,185,11,78,1,177,11,65,1,0,190,0,190,2,2,1,1,1,1,1,1,0,0,p,15,,100,HUMANOID|FOOD_EATER|DROP_CORPSE|DROP_SKELETON,HUMANOID|FOOD_EATER|DROP_CORPSE|DROP_SKELETON,"WARRIOR|MAGE|PRIEST|ROGUE|RANGER|PALADIN|WARRIOR_MAGE|CHAOS_WARRIOR|MONK|
MINDCRAFTER|HIGH_MAGE|TOURIST|IMITATOR|BEASTMASTER|SORCERER|ARCHER|
MAGIC_EATER|BARD|RED_MAGE|SAMURAI|FORCETRAINER|BLUE_MAGE|CAVALRY|
BERSERKER|SMITH|MIRROR_MASTER|NINJA|SNIPER",ドゥナダンはとある人間の氏族が、その創造主と同胞のために死力を尽くして戦った功から、特別な恩寵を子孫末代にまで賜る事になったいにしえの種です。〈秩序〉と〈善〉の中にある彼らは全ての能力において本来の人間の能力を凌駕し、特に耐久力に関してはそれを維持する能力共々際立っています。しかし寿命についても数倍の長さを持つ彼らは、成年に至るまでの期間は同じでも、そこから飛びぬけた英雄となっていくために多くの研鑽を必要とします。彼らは恩寵を与えたもうたイルーヴァタール以外に信仰の対象を持ち得ず、また過去慢心から神に背いた一派は、栄華共々滅ぼされた苦い歴史を持っています。,TODO
7,1,メルニボネ人,Melnibone,0x6,12,-1,1,4,1,3,2,2,0,2,1,2,0,2,2,12,10,10,10,2,14,12,13,13,0,-2,5,6,6,6,1,-1,1,1,1,0,172,10,58,1,158,10,45,1,0,195,0,195,2,2,1,1,1,1,1,1,0,0,p,15,,200,HUMANOID|FOOD_EATER|DROP_CORPSE|DROP_SKELETON,HUMANOID|FOOD_EATER|DROP_CORPSE|DROP_SKELETON,"WARRIOR|MAGE|PRIEST|ROGUE|RANGER|PALADIN|WARRIOR_MAGE|CHAOS_WARRIOR|MONK|
MINDCRAFTER|HIGH_MAGE|TOURIST|IMITATOR|BEASTMASTER|SORCERER|ARCHER|
MAGIC_EATER|BARD|RED_MAGE|SAMURAI|FORCETRAINER|BLUE_MAGE|CAVALRY|
BERSERKER|SMITH|MIRROR_MASTER|NINJA|SNIPER",メルニボネ人は偉大な古代種族の一つです。その途方もない長さを持った歴史の後期に〈混沌〉の神の一柱アリオッチと契約を交わしたため、世界の支配者となる一方で緩やかな衰退の運命をたどっています。彼らはあらゆる能力に優れ、特に魔術の力と器用さに卓越していますが、反面彼らの長命に依存した怠惰さは、英雄としての成長を大きく遅らせがちです。彼らは種族としてアリオッチの契約に縛られているため、信仰の力を彼以外から得られないという制約も持っています。アリオッチはメルニボネ人を他の種族より比較的優遇しており、請願や与えるべき褒賞を誤魔化す事はあっても、意図的かつ一方的に害を与える事はないでしょう。,TODO
8,3,アンバーの血族,Amberite,0x6,43,21,7,6,6,7,10,7,2,1,1,2,4,2,10,10,10,10,10,-1,20,18,30,30,0,3,3,3,3,3,0,7,5,10,10,0,172,10,60,1,158,10,48,1,0,380,0,380,2,2,1,1,1,1,1,1,0,0,p,20,,3000,HUMANOID|FOOD_EATER|RES_DISE:1|DYING_CURSE_OF_BLOOD|DROP_CORPSE|DROP_SKELETON,HUMANOID|FOOD_EATER|RES_DISE:12|DYING_CURSE_OF_BLOOD:40|DROP_CORPSE|DROP_SKELETON,"WARRIOR|MAGE|PRIEST|ROGUE|RANGER|PALADIN|WARRIOR_MAGE|CHAOS_WARRIOR|MONK|
MINDCRAFTER|HIGH_MAGE|TOURIST|IMITATOR|BEASTMASTER|SORCERER|ARCHER|
MAGIC_EATER|BARD|RED_MAGE|SAMURAI|FORCETRAINER|BLUE_MAGE|CAVALRY|
BERSERKER|SMITH|MIRROR_MASTER|NINJA|SNIPER",アンバーの血族は、その命そのものが絶えず平行世界を生み出し続けている究極的種族です。外見そのものは人間と全くと言ってよいほど代わりませんが、その能力は世界を創造できる程の神々の力をなお圧倒します。彼らにとって〈影〉の世界を生み出す事は『パターン・ウォーク』による旅行ほどの労力に過ぎないのです。〈秩序〉の極致と言える彼らですが、アンバーの都における血族同士の権力争いは熾烈を極めており、その中で限りなく偉大なはずの生命を失う者も絶えません。プレイヤー種族として選択できるアンバーの血族は、そんな中でアンバーの都を追放され、生来の能力と記憶を失った状態で開始しなければなりません。原初の創造の源たる〈パターン〉を歩んで、その絶大な力を取り戻すには定命の者が神の座を得るよりなお困難な試練を成し遂げなければならないでしょう。,TODO
9,3,混沌の血族,Chaosian,0xF,43,21,6,9,9,6,7,8,2,3,3,1,1,3,8,15,15,15,15,-1,24,21,25,25,0,4,7,7,7,7,0,9,7,7,7,0,172,13,60,2,158,13,48,2,0,395,0,395,2,2,1,1,1,1,1,1,0,0,N,20,,3000,HUMANOID|FOOD_EATER|RES_CHAO:1|KALEIDOSCOPIC_RACE|DROP_CORPSE|DROP_SKELETON,HUMANOID|FOOD_EATER|RES_DISE:12|KALEIDOSCOPIC_RACE|DROP_CORPSE|DROP_SKELETON,"WARRIOR|MAGE|PRIEST|ROGUE|RANGER|PALADIN|WARRIOR_MAGE|CHAOS_WARRIOR|MONK|
MINDCRAFTER|HIGH_MAGE|TOURIST|IMITATOR|BEASTMASTER|SORCERER|ARCHER|
MAGIC_EATER|BARD|RED_MAGE|SAMURAI|FORCETRAINER|BLUE_MAGE|CAVALRY|
BERSERKER|SMITH|MIRROR_MASTER|NINJA|SNIPER",混沌の血族は〈パターン〉の創造による原初の世界創造と同時に、対となる〈ログルス〉から誕生した、〈混沌〉の擬人化そのものです。多元宇宙に存在するあらゆる異形や悪魔達は彼らの持つ無数の〈影〉の一つに過ぎないと言われています。彼らはアンバーの血族に比肩する程の究極の存在ですが、知性や変身能力についてはアンバーよりさらに優れています。そんな彼らもアンバーや同族同士で飽くなき権力抗争を繰り返しており、プレイヤー種族として選択できる混沌の血族は、その争いから脱落し、力のほとんどを失った状態から再起を図らねばなりません。本来の力を取り戻すには〈ログルス〉の紋様を歩まねばならず、その儀式を成すまでにも数々の困難を待ち受けているでしょう。,TODO
10,0,ダークエルフ,Dark-Elf,0x6,1,-1,-1,3,2,2,-2,1,-1,1,1,0,-1,1,5,10,10,10,10,3,13,12,5,15,5,1,2,1,1,1,2,3,2,0,2,2,163,8,50,1,173,8,64,1,0,130,0,135,2,2,1,1,1,1,1,1,0,0,h,15,,75,HUMANOID|FOOD_EATER|RES_DARK:1|SEE_INVISIBLE:20|DROP_CORPSE|DROP_SKELETON,HUMANOID|FOOD_EATER|RES_DARK:17|DROP_CORPSE|DROP_SKELETON,"WARRIOR|MAGE|PRIEST|ROGUE|RANGER|PALADIN|WARRIOR_MAGE|CHAOS_WARRIOR|MONK|
MINDCRAFTER|HIGH_MAGE|TOURIST|IMITATOR|BEASTMASTER|SORCERER|ARCHER|
MAGIC_EATER|BARD|RED_MAGE|SAMURAI|FORCETRAINER|BLUE_MAGE|CAVALRY|
BERSERKER|SMITH|MIRROR_MASTER|NINJA|SNIPER",ダークエルフは多くの伝承において、エルフの近縁にして対立者とされる存在で〈悪〉の文化の中で〈秩序〉と〈混沌〉の入り混じる歴史を繰り返してきました。アヴァリの末裔とも言われています。魔法の知識に対する長い伝統もあり、体得的に初歩の攻撃魔法を扱うことが可能です。その鋭い視覚によって見えないものをみる能力を得ますが、それはある程度レベルが上がったときに限ります。ダークエルフは暗闇に対する耐性を持っています。,TODO
11,2,エルダール,Eldar,0x6,19,1,2,3,3,3,2,3,1,1,1,1,1,2,7,13,12,12,12,4,14,15,15,25,4,1,3,3,3,3,2,3,3,4,6,2,200,12,108,1,194,12,91,1,0,200,0,200,2,2,1,1,1,1,1,1,0,0,h,20,,7000,HUMANOID|FOOD_EATER|RES_LITE:1|SEE_INVISIBLE:1|DROP_CORPSE|DROP_SKELETON,HUMANOID|FOOD_EATER|RES_LITE:6|SEE_INVISIBLE:19|DROP_CORPSE|DROP_SKELETON,"WARRIOR|MAGE|PRIEST|ROGUE|RANGER|PALADIN|WARRIOR_MAGE|CHAOS_WARRIOR|MONK|
MINDCRAFTER|HIGH_MAGE|TOURIST|IMITATOR|BEASTMASTER|SORCERER|ARCHER|
MAGIC_EATER|BARD|RED_MAGE|SAMURAI|FORCETRAINER|BLUE_MAGE|CAVALRY|
BERSERKER|SMITH|MIRROR_MASTER|NINJA|SNIPER",エルダールは実際に血が繋がっているにせよ、平行世界の〈影〉の存在にせよ、大半のエルフの偉大な祖先であり、『神の長子』にして〈善〉の体現者、そして〈秩序〉と〈混沌〉を二律背反して備える古代種族です。彼らは大別して、ヴァンヤール、ノルドール、テレリの三つの氏族に分かれており、その選択によって若干の能力の違いがありますが、いずれも全ての能力に優れる反面、不老不死の性質から成長はゆっくりでより多くの経験を必要とします。上古の時代に星々の輝きによって目覚め、二本の巨木の輝きに惹かれた彼らは、如何なる強力な光にも傷つけられることはなく、生まれつき通常の眼には見えないものを捕捉することもできます。,TODO
12,2,アヴァリ,Avari,0xE,18,1,3,3,1,2,3,2,1,2,0,1,2,1,7,14,10,10,10,4,14,13,10,30,4,1,4,2,2,2,2,3,3,3,8,2,202,12,112,1,200,12,105,1,0,200,0,200,2,2,1,1,1,1,1,1,0,0,h,20,,7000,HUMANOID|RES_LITE:1|RES_DARK:1|FOOD_EATER|DROP_CORPSE|DROP_SKELETON,HUMANOID|RES_LITE:20|RES_DARK:15|FOOD_EATER|DROP_CORPSE|DROP_SKELETON,"WARRIOR|MAGE|PRIEST|ROGUE|RANGER|PALADIN|WARRIOR_MAGE|CHAOS_WARRIOR|MONK|
MINDCRAFTER|HIGH_MAGE|TOURIST|IMITATOR|BEASTMASTER|SORCERER|ARCHER|
MAGIC_EATER|BARD|RED_MAGE|SAMURAI|FORCETRAINER|BLUE_MAGE|CAVALRY|
BERSERKER|SMITH|MIRROR_MASTER|NINJA|SNIPER",アヴァリはエルダールの誕生の段階から分かれた遠い従兄弟です。彼らはエルダールと同じく星の輝きによって眼を覚ましましたが、西の地の巨木の輝きに興味を抱かず、東の地に自らの手で文明を生み出す事を選びました。〈善〉なる神々の導きなく年月を過ごした彼らは、〈善〉、〈悪〉と〈秩序〉、〈混沌〉のいずれの理にも染まり、それゆえに〈天秤〉の体現者でもあります。彼らの末裔の一部がダークエルフであると言われています。彼らは閃光と暗黒双方に対する耐性を持つ上、魔術的な妨害にあっても視力を失うことがありません。また成長すれば透明なものを眼に捉えることもできるようになります。,TODO
13,1,コボルド,Kobold,0x6,1,-1,2,-1,0,1,0,-2,1,0,0,0,0,-1,8,3,3,3,3,0,8,8,17,5,3,-1,-1,1,1,1,0,-2,-2,5,-2,1,172,10,65,1,170,10,63,1,0,110,0,110,2,2,1,1,1,1,1,1,0,0,k,13,,20,HUMANOID|RES_POIS:1|FOOD_EATER|DROP_CORPSE|DROP_SKELETON,HUMANOID|RES_POIS:18|FOOD_EATER|DROP_CORPSE|DROP_SKELETON,"WARRIOR|MAGE|PRIEST|ROGUE|RANGER|PALADIN|WARRIOR_MAGE|CHAOS_WARRIOR|MONK|
MINDCRAFTER|HIGH_MAGE|TOURIST|IMITATOR|BEASTMASTER|SORCERER|ARCHER|
MAGIC_EATER|BARD|RED_MAGE|SAMURAI|FORCETRAINER|BLUE_MAGE|CAVALRY|
BERSERKER|SMITH|MIRROR_MASTER|NINJA|SNIPER",コボルドは暗黒の種族の中でも下層階級にあたるスナガ、あるいはもっと広範にはゴブリンと呼ばれる者達から派生する〈悪〉と〈混沌〉の種族の一つです。彼らは毒を持った武器を好み、毒矢（無制限に供給されます）を投げる能力を身につけることができます。コボルドはそこそこの戦士になれますが、その他のスキルは軒並み悪いです。彼らは生まれつき毒に対する耐性を持っています。,TODO
14,1,ニーベルング,Nibelung,0x6,1,-1,1,-2,0,0,1,-2,1,-1,0,0,1,-1,5,5,5,5,5,1,16,10,10,10,5,0,0,0,0,0,1,3,0,0,0,3,120,6,30,1,114,6,27,1,0,140,0,120,2,2,1,1,1,1,1,1,0,0,h,13,,40,HUMANOID|RES_DISE:1|FOOD_EATER|DROP_CORPSE|DROP_SKELETON,HUMANOID|RES_DISE:25|FOOD_EATER|DROP_CORPSE|DROP_SKELETON,"WARRIOR|MAGE|PRIEST|ROGUE|RANGER|PALADIN|WARRIOR_MAGE|CHAOS_WARRIOR|MONK|
MINDCRAFTER|HIGH_MAGE|TOURIST|IMITATOR|BEASTMASTER|SORCERER|ARCHER|
MAGIC_EATER|BARD|RED_MAGE|SAMURAI|FORCETRAINER|BLUE_MAGE|CAVALRY|
BERSERKER|SMITH|MIRROR_MASTER|NINJA|SNIPER",ニーベルングはあらゆる小人族の近隣種であると言われますが、迫害と嫌悪の中で〈悪〉の傾向を強めた彼らは暗い洞窟に住まうことを好み、財貨に異様なまでの執着を示します。彼らは大抵のスキルをそつなくこなします。暗闇に悩まされることはなく、自らの貴重な装備を劣化させる害を、その身共々に守る能力を生まれつき持っています。,TODO
15,1,スプライト,Sprite,0xE,1,-1,-4,4,3,3,-2,2,-2,2,1,1,-2,1,10,8,6,6,6,5,17,10,0,10,4,3,2,1,1,1,3,3,0,-5,0,2,60,5,18,1,60,5,18,1,0,145,0,120,2,2,1,1,1,1,1,1,0,0,I,10,,30,HUMANOID|FOOD_EATER|RES_LITE:1|CAN_FLY|DROP_CORPSE|DROP_SKELETON,HUMANOID|FOOD_EATER|RES_LITE:14|DROP_CORPSE|DROP_SKELETON,"WARRIOR|MAGE|PRIEST|ROGUE|RANGER|PALADIN|WARRIOR_MAGE|CHAOS_WARRIOR|MONK|
MINDCRAFTER|HIGH_MAGE|TOURIST|IMITATOR|BEASTMASTER|SORCERER|ARCHER|
MAGIC_EATER|BARD|RED_MAGE|SAMURAI|FORCETRAINER|BLUE_MAGE|CAVALRY|
BERSERKER|SMITH|MIRROR_MASTER|NINJA|SNIPER",スプライトは自然の中を穏やかに生きる小さな妖精の一族で、〈混沌〉にして〈善〉、そして〈天秤〉の理に適った生き方を営んでいます。その小ささ故に彼らは誰にも気づかれず密やかな動きを行う事に長け、小さな翼で罠や危険な地形をゆうゆうと切り抜けることができます。また生来から日光を好むため、光に対する耐性を持っています。身体的には極めて貧弱な種族ですが、熟練した魔法使いになるための素質は群を抜いています。高レベルではより速く飛ぶことができるようになります。,TODO
16,2,影フェアリー,Shadow-Fairy,0xE,1,-1,-2,3,3,2,-1,0,-1,1,1,1,0,0,7,8,5,5,5,8,19,15,0,5,12,2,2,0,0,0,4,5,2,-5,0,6,180,8,50,1,170,8,35,1,0,155,0,125,2,2,1,1,1,1,1,1,0,0,I,10,,100,HUMANOID|FOOD_EATER|CAN_FLY|DROP_CORPSE|DROP_SKELETON,HUMANOID|FOOD_EATER|DROP_CORPSE|DROP_SKELETON,"WARRIOR|MAGE|PRIEST|ROGUE|RANGER|PALADIN|WARRIOR_MAGE|CHAOS_WARRIOR|MONK|
MINDCRAFTER|HIGH_MAGE|TOURIST|IMITATOR|BEASTMASTER|SORCERER|ARCHER|
MAGIC_EATER|BARD|RED_MAGE|SAMURAI|FORCETRAINER|BLUE_MAGE|CAVALRY|
BERSERKER|SMITH|MIRROR_MASTER|NINJA|SNIPER",影フェアリーは妖精の一種ですが、その出身の精霊界は他種族が主とする次元に存在する影の内にあり、彼ら自身影の住人にふさわしい能力と千変万化の〈混沌〉に近い特質を持っています。彼らは誰にも気づかれずに物事を成すのに極めて長け、自身の性格が起因しているのでなければ、他者の敵意を招く装備をしていても見つかりやすくなるだけで襲われる心配を持ちません。しかし、光は存在そのものが彼らにとって脅威であり、装備で耐性を補ってもなお大きなダメージを負います。,TODO
17,0,ウェアフォーク,Warefolk,0x6,1,-1,3,-2,-2,0,3,0,1,-1,-1,0,1,0,3,3,3,3,3,0,10,15,16,0,3,-1,-1,-1,-1,-1,0,0,2,3,0,2,170,13,62,2,155,13,42,2,0,130,0,130,2,2,1,1,1,1,1,1,0,0,p,12,,30,HUMANOID|FOOD_EATER|DROP_CORPSE|DROP_SKELETON,HUMANOID|FOOD_EATER|DROP_CORPSE|DROP_SKELETON,"WARRIOR|MAGE|PRIEST|ROGUE|RANGER|PALADIN|WARRIOR_MAGE|CHAOS_WARRIOR|MONK|
MINDCRAFTER|HIGH_MAGE|TOURIST|IMITATOR|BEASTMASTER|SORCERER|ARCHER|
MAGIC_EATER|BARD|RED_MAGE|SAMURAI|FORCETRAINER|BLUE_MAGE|CAVALRY|
BERSERKER|SMITH|MIRROR_MASTER|NINJA|SNIPER",ウェアフォークは、各動物本来の特徴を色濃く残したヒューマノイドであり、〈混沌〉の傾向が強いものの、概ね獣人の中でも穏やかで〈善良〉な傾向を強く備えた者達の総称です。彼らは肉体面で通常のヒューマンより優れている一方、知性面では若干の後退が見られますがそれほど著しくはありません。彼らとの混血種は、ウェアフォークの血が強い場合は単純に中間的特長を持ちますが、他種の血が濃い場合には、通常の能力には反映されず、獣化能力として形質が発現します。,TODO
18,1,スケイヴン,Skaven,0x6,1,-1,1,3,-4,2,-2,-3,0,2,-2,1,-1,-1,5,12,5,5,5,2,7,8,15,16,10,0,3,0,0,0,1,-2,-1,2,3,5,175,15,80,3,175,15,80,3,0,170,0,170,2,2,1,1,1,1,1,1,0,0,p,10,,35,HUMANOID|FOOD_EATER|RES_POIS:1|DROP_CORPSE|DROP_SKELETON,HUMANOID|FOOD_EATER|RES_POIS:12|DROP_CORPSE|DROP_SKELETON,"WARRIOR|MAGE|PRIEST|ROGUE|RANGER|PALADIN|WARRIOR_MAGE|CHAOS_WARRIOR|MONK|
MINDCRAFTER|HIGH_MAGE|TOURIST|IMITATOR|BEASTMASTER|SORCERER|ARCHER|
MAGIC_EATER|BARD|RED_MAGE|SAMURAI|FORCETRAINER|BLUE_MAGE|CAVALRY|
BERSERKER|SMITH|MIRROR_MASTER|NINJA|SNIPER",スケイヴンは〈混沌〉のおぞましき力で変異を遂げることで生まれた、狡猾な知性と人間並の大きさの肉体を持つ鼠型の種族です。彼らは極めて邪悪で常に腐敗した臭いをまとう醜悪な存在ですが、魔法や道具を扱う器用さに優れ、毒や病に強力な耐性を持っています。そればかりか、彼らは全身の腐敗物や毒素を常に自分の武器に塗りたくり続ける習慣を持ち、相手へ致命的な害を及ぼすことに本能的な歓喜すら抱いています。彼らは長らくに地下世界に住んでいるため暗黒にも生まれつきの耐性を持ちます。,TODO
19,0,リザードマン,Lizardman,0x6,1,-1,3,-1,-1,-2,3,-1,2,0,0,-1,1,0,3,2,6,6,6,0,8,10,22,20,2,-2,-1,0,0,0,0,0,0,6,4,1,185,10,113,1,193,10,125,1,0,165,0,165,2,2,1,1,1,1,1,1,1,0,p,11,,45,HUMANOID|FOOD_EATER|DROP_CORPSE|DROP_SKELETON,HUMANOID|FOOD_EATER|DROP_CORPSE|DROP_SKELETON,"WARRIOR|MAGE|PRIEST|ROGUE|RANGER|PALADIN|WARRIOR_MAGE|CHAOS_WARRIOR|MONK|
MINDCRAFTER|HIGH_MAGE|TOURIST|IMITATOR|BEASTMASTER|SORCERER|ARCHER|
MAGIC_EATER|BARD|RED_MAGE|SAMURAI|FORCETRAINER|BLUE_MAGE|CAVALRY|
BERSERKER|SMITH|MIRROR_MASTER|NINJA|SNIPER",リザードマンは、爬虫類の特性を持つ中立的な属性のヒューマノイドで、ドラゴンとは根本的に異種ながらも収斂的にいくらか近しい傾向を持っています。炎や冷気に対する強い耐性を持ち、その硬いウロコはちょっとした鎧の代用になるでしょう。またほんのわずかですが、成長すると他種より素早く機敏な動きを取ることができるようになります。,TODO
20,0,ビーストマン,Beastman,0xF,1,-1,2,-2,-1,-1,2,-2,1,-1,0,0,1,-1,2,2,2,2,2,-1,8,5,22,5,0,-1,-1,-2,-2,-2,-2,-2,0,8,-3,0,170,20,60,4,170,20,60,4,0,140,0,140,2,2,1,1,1,1,1,1,0,0,H,12,,30,HUMANOID|FOOD_EATER|NO_CONF:1|RES_SOUN:1|KALEIDOSCOPIC_RACE|DROP_CORPSE|DROP_SKELETON,HUMANOID|FOOD_EATER|NO_CONF:12|RES_SOUN:21|KALEIDOSCOPIC_RACE|DROP_CORPSE|DROP_SKELETON,"WARRIOR|MAGE|PRIEST|ROGUE|RANGER|PALADIN|WARRIOR_MAGE|CHAOS_WARRIOR|MONK|
MINDCRAFTER|HIGH_MAGE|TOURIST|IMITATOR|BEASTMASTER|SORCERER|ARCHER|
MAGIC_EATER|BARD|RED_MAGE|SAMURAI|FORCETRAINER|BLUE_MAGE|CAVALRY|
BERSERKER|SMITH|MIRROR_MASTER|NINJA|SNIPER",ビーストマンは〈混沌〉の力によって本来の生が歪められた冒涜的で嫌悪される存在です。彼らは独立した種族ではなく、人型種族が〈混沌〉によって歪められた存在、もしくは人型種族と獣の悪夢のような交配種です。よってビーストマンを主種族に選んだ場合、混沌の血族を除く副種族は歪められる前の種族、あるいは〈混沌〉が後天的に与えた類似の異形的形質を意味します。また何らかの形でビーストマンを副種族に付与されたキャラクターは、〈混沌〉に穢れた存在としてやがてビーストマンに成り果ててしまいます。彼らのおぞましい成長は常に続いており、レベルが上がるにつれ副種族と突然変異は増えていきます。〈混沌〉への盲従者である故に混乱と音に対して耐性を備えていますが、純粋なログルスはまだ彼らに対し効果を持っています。,TODO
21,1,ミノタウロス,Minotaur,0x6,12,-1,5,-1,-2,1,4,-3,2,0,-1,0,2,-1,2,5,13,13,13,-1,8,7,32,15,0,-1,0,4,4,4,0,-1,-2,10,3,0,230,13,143,1,225,13,139,1,0,185,0,185,2,2,1,1,1,1,1,1,0,0,H,15,,100,HUMANOID|FOOD_EATER|DROP_CORPSE|DROP_SKELETON,HUMANOID|FOOD_EATER|DROP_CORPSE|DROP_SKELETON,"WARRIOR|MAGE|PRIEST|ROGUE|RANGER|PALADIN|WARRIOR_MAGE|CHAOS_WARRIOR|MONK|
MINDCRAFTER|HIGH_MAGE|TOURIST|IMITATOR|BEASTMASTER|SORCERER|ARCHER|
MAGIC_EATER|BARD|RED_MAGE|SAMURAI|FORCETRAINER|BLUE_MAGE|CAVALRY|
BERSERKER|SMITH|MIRROR_MASTER|NINJA|SNIPER",ミノタウロスは神々の〈混沌〉とした気まぐれが生み出した、牛の頭部と屈強な肉体を持つ獣人種です。彼らの角はそのまま白兵に扱えるほど鋭利で長いですが、そのため頭部を丸ごと覆うような形の装備をかぶることができません。地獄の番人としての側面も持つ彼らは邪悪な側面も備え、地獄の力に対する耐性を備えていますが、定命の存在としての側面もあるため、単純に生命力を脅かす力に対しては耐性を備えていません。,TODO
22,1,ナーガ,Naga,0x6,1,-1,2,2,0,1,-1,1,1,1,0,0,0,1,2,6,7,7,7,-1,12,11,14,13,5,-1,2,1,1,1,0,1,1,2,1,3,190,4,120,2,200,4,135,2,0,160,0,160,2,2,1,1,1,1,1,0,1,0,n,15,,100,HUMANOID|FOOD_EATER|DROP_CORPSE|DROP_SKELETON,HUMANOID|FOOD_EATER|DROP_CORPSE|DROP_SKELETON,"WARRIOR|MAGE|PRIEST|ROGUE|RANGER|PALADIN|WARRIOR_MAGE|CHAOS_WARRIOR|MONK|
MINDCRAFTER|HIGH_MAGE|TOURIST|IMITATOR|BEASTMASTER|SORCERER|ARCHER|
MAGIC_EATER|BARD|RED_MAGE|SAMURAI|FORCETRAINER|BLUE_MAGE|CAVALRY|
BERSERKER|SMITH|MIRROR_MASTER|NINJA|SNIPER",ナーガは竜に近しい系譜を持つ、恐ろしくも神秘的な〈秩序〉の種族で人型の上半身と蛇型の下半身を持っています。そのため脚部には特別な防具以外を装備できませんが、最初から火と電気の耐性、一定のAC、成長すれば若干の加速を持ち、その体を生かした締め付けで敵を仕留めることができるようにもなります。他種族との混血については、ナーガの血が濃い場合は上半身のみに他種族の形質が発現し、他種族の血が濃い場合は獣人の場合を除いて、下半身は他種族の姿のまま、若干の耐性的形質だけが発現します。,TODO
23,1,マーフォーク,Marfolk,0x6,1,-1,2,0,0,1,-1,2,1,0,0,0,-1,1,0,4,10,10,10,1,11,10,12,8,0,0,-1,2,2,2,1,1,0,1,-1,0,170,10,75,1,155,10,55,1,0,130,0,130,2,2,1,1,1,1,1,1,0,0,h,15,,30,HUMANOID|FOOD_EATER|DROP_CORPSE|DROP_SKELETON,HUMANOID|FOOD_EATER|DROP_CORPSE|DROP_SKELETON,"WARRIOR|MAGE|PRIEST|ROGUE|RANGER|PALADIN|WARRIOR_MAGE|CHAOS_WARRIOR|MONK|
MINDCRAFTER|HIGH_MAGE|TOURIST|IMITATOR|BEASTMASTER|SORCERER|ARCHER|
MAGIC_EATER|BARD|RED_MAGE|SAMURAI|FORCETRAINER|BLUE_MAGE|CAVALRY|
BERSERKER|SMITH|MIRROR_MASTER|NINJA|SNIPER",マーフォークは水棲の民であり、下半身は魚や水掻きの形をしています。そのため彼らは足に特別な防具以外を装備できない上、本来陸上での活動は著しく困難です。一応魔法の力で浮遊の手段を確保すればある程度緩和され、彼らはそれで事を済ませていますが、それでも陸上では若干の減速を伴います。その代わり彼らは水中では脅威の速度で活動することが可能で、各種元素の二重耐性を持てば溶岩や毒の沼の中をも自在に泳ぐことができます。多種族と混血する場合、マーフォークの血が濃い場合は上半身のみにその種族の形質が発言し、他種族の血が濃い場合は、下半身は他種族のまま、若干の水中での加速だけが確保されます。,TODO
24,1,ケンタウロス,Centaur,0x6,12,-1,2,-2,0,2,2,0,1,-1,0,1,1,0,2,7,6,6,6,-2,14,11,15,30,0,-1,1,1,1,1,-1,2,0,3,10,0,204,20,420,3,204,20,420,3,0,210,0,210,2,2,1,1,1,1,1,1,0,0,H,15,,100,HUMANOID|FOOD_EATER|DROP_CORPSE|DROP_SKELETON,HUMANOID|FOOD_EATER|DROP_CORPSE|DROP_SKELETON,"WARRIOR|MAGE|PRIEST|ROGUE|RANGER|PALADIN|WARRIOR_MAGE|CHAOS_WARRIOR|MONK|
MINDCRAFTER|HIGH_MAGE|TOURIST|IMITATOR|BEASTMASTER|SORCERER|ARCHER|
MAGIC_EATER|BARD|RED_MAGE|SAMURAI|FORCETRAINER|BLUE_MAGE|CAVALRY|
BERSERKER|SMITH|MIRROR_MASTER|NINJA|SNIPER",ケンタウロスは人間の上半身と主に馬などの四足獣の下半身を持つ、〈混沌〉の異形の種族です。そのため脚には特別な防具以外を装備することができませんが、最初から高い加速を持ち、しかもその速度は他の種族と比べても著しく大きく、白兵において突進能力を発揮することができます。ケンタウロスの他種族との混血は、ケンタウロスの血が濃い場合、上半身のみが他種族の特徴を備え、他種族の血が濃い場合は獣人の場合を除いて、下半身が二足のまま獣脚を供えます。脚の防具は全て装備可能になりますが、加速はかなり控えめになります。,TODO
25,2,エント,Ent,0xE,15,-1,2,0,2,-3,2,0,1,0,1,-2,1,0,0,3,16,16,16,-1,7,9,27,12,0,-3,-1,3,3,3,0,-1,-1,8,1,0,350,30,870,10,360,30,950,10,0,140,0,140,2,2,1,1,1,1,1,0,0,0,#,120,,700,HUMANOID|WATER_DRINKER|DROP_CORPSE|DROP_SKELETON,HUMANOID|WATER_DRINKER|DROP_CORPSE|DROP_SKELETON,"WARRIOR|MAGE|PRIEST|ROGUE|RANGER|PALADIN|WARRIOR_MAGE|CHAOS_WARRIOR|MONK|
MINDCRAFTER|HIGH_MAGE|TOURIST|IMITATOR|BEASTMASTER|SORCERER|ARCHER|
MAGIC_EATER|BARD|RED_MAGE|SAMURAI|FORCETRAINER|BLUE_MAGE|CAVALRY|
BERSERKER|SMITH|MIRROR_MASTER|NINJA|SNIPER",エントは非常に強く、賢い〈善〉の種族ですが、その巨大さゆえに罠の解除やこっそりと歩くことは苦手です。成長するにつれて腕力や耐久力が上がりますが、器用さは下がっていきます。彼らには大きな欠点があり、炎によって通常よりも大きなダメージを受けてしまいます。彼らは食物からほとんど栄養を摂取できませんが、代わりに薬等から水分を摂取する事で活動できます。,TODO
26,0,オーク,Orc,0x6,1,-1,2,1,0,0,2,-2,1,0,0,0,1,-1,3,4,2,2,2,-1,0,7,19,12,3,-1,0,-2,-2,-2,0,0,-1,4,1,1,180,10,75,1,172,10,65,2,0,110,0,110,2,2,1,1,1,1,1,1,0,0,o,12,,20,HUMANOID|HURT_LITE:1:20|FOOD_EATER|DROP_CORPSE|DROP_SKELETON|ORC,HUMANOID|FOOD_EATER|DROP_CORPSE|DROP_SKELETON|ORC,"WARRIOR|MAGE|PRIEST|ROGUE|RANGER|PALADIN|WARRIOR_MAGE|CHAOS_WARRIOR|MONK|
MINDCRAFTER|HIGH_MAGE|TOURIST|IMITATOR|BEASTMASTER|SORCERER|ARCHER|
MAGIC_EATER|BARD|RED_MAGE|SAMURAI|FORCETRAINER|BLUE_MAGE|CAVALRY|
BERSERKER|SMITH|MIRROR_MASTER|NINJA|SNIPER",オークは極めて好戦的な性格で、常に他種族を脅かす〈悪〉の傾向が強い種族です。お世辞にも知的とは言い難く、他種族に嫌悪されがちな姿をしていますが、戦士として生きるために必要であろう多くの資質を備えています。彼らは光に弱く、日光はまだしも不快なだけに留まるものの、強力な閃光は命を脅かす存在として常に警戒しなければなりません。一方彼らはその誕生の由来から暗黒に対する耐性を生まれもっています。,TODO
27,2,ウルク,Uruk,0x6,22,1,4,2,2,3,4,0,2,0,0,1,2,0,6,10,20,20,20,-1,15,12,24,20,3,0,3,10,10,10,0,3,1,7,6,2,215,11,123,1,210,11,112,1,0,215,0,215,2,2,1,1,1,1,1,1,0,0,o,20,,7000,HUMANOID|FOOD_EATER|DROP_CORPSE|DROP_SKELETON|ORC,HUMANOID|FOOD_EATER|DROP_CORPSE|DROP_SKELETON|ORC,"WARRIOR|MAGE|PRIEST|ROGUE|RANGER|PALADIN|WARRIOR_MAGE|CHAOS_WARRIOR|MONK|
MINDCRAFTER|HIGH_MAGE|TOURIST|IMITATOR|BEASTMASTER|SORCERER|ARCHER|
MAGIC_EATER|BARD|RED_MAGE|SAMURAI|FORCETRAINER|BLUE_MAGE|CAVALRY|
BERSERKER|SMITH|MIRROR_MASTER|NINJA|SNIPER",ウルクはオークの上位種の総称であり、その創造主や誕生の神話、評判については複数の通説がD'angbandの世界に存在します。ここで選択できるウルクは自らをメルコールの正嫡と称し、主君をアンナタール（サウロン）と定めるモルドールの神秘的な民です。彼等は〈悪〉と〈秩序〉に属する粗野でいかめしい野心家ですが、極めて逞しく、異種族の支配者となるには遜色ない知性と威厳を備えています。彼等の寿命は非常に長いか、全くの不死であると言われ、その分さらなる成長を果たすには多くの経験を必要とします。ウルクはメルコールの子として暗黒の力に対する耐性を生まれ持ち、オークのように光に脅かされることはありません。またどのような敵にも怯むこと無く戦うことができ、生命力吸収に対する耐性、急回復と遅消化を併せ持っています。,TODO
28,1,トロル,Troll,0xE,10,-1,4,-2,0,-2,3,-2,2,-1,0,0,2,-1,2,2,3,3,3,-2,2,2,22,1,3,-2,-2,-1,-1,-1,-1,-3,-3,6,-3,1,345,21,569,4,340,21,548,4,0,125,0,125,2,2,1,1,1,1,1,1,0,0,T,12,,20,HUMANOID|HURT_LITE:1:15|FOOD_EATER|DROP_CORPSE|DROP_SKELETON|TROLL,HUMANOID|FOOD_EATER|DROP_CORPSE|DROP_SKELETON|TROLL,"WARRIOR|MAGE|PRIEST|ROGUE|RANGER|PALADIN|WARRIOR_MAGE|CHAOS_WARRIOR|MONK|
MINDCRAFTER|HIGH_MAGE|TOURIST|IMITATOR|BEASTMASTER|SORCERER|ARCHER|
MAGIC_EATER|BARD|RED_MAGE|SAMURAI|FORCETRAINER|BLUE_MAGE|CAVALRY|
BERSERKER|SMITH|MIRROR_MASTER|NINJA|SNIPER",トロルは極めて大きな体格と打たれ強さを備えた屈強な種族で、〈混沌〉にして〈悪〉の性情から常に他種族を脅かし敵対しています。彼らの知性は著しく退化しており、知覚や隠密行動にも難があります。さらにオークと同様、強い光は彼らの命を脅かす危険なものです。トロルは腕力が下がることがなく、狂気じみた闘志に自ら身を委ねて戦う能力を備えています。さらにレベルが上がると、素早く傷を癒す再生能力を手にいれ、わずかな食物でも生き抜ける遅消化能力をも体得するでしょう。,TODO
29,2,オログ,Orog,0xE,25,1,6,0,2,2,6,0,3,0,1,1,3,0,2,5,18,18,18,-1,14,12,35,4,3,-2,0,4,4,4,0,2,1,12,-2,2,485,31,1690,10,450,31,1680,10,0,235,0,235,2,2,1,1,1,1,1,1,0,0,T,20,,7000,HUMANOID|FOOD_EATER|DROP_CORPSE|DROP_SKELETON|TROLL,HUMANOID|FOOD_EATER|DROP_CORPSE|DROP_SKELETON|TROLL,"WARRIOR|MAGE|PRIEST|ROGUE|RANGER|PALADIN|WARRIOR_MAGE|CHAOS_WARRIOR|MONK|
MINDCRAFTER|HIGH_MAGE|TOURIST|IMITATOR|BEASTMASTER|SORCERER|ARCHER|
MAGIC_EATER|BARD|RED_MAGE|SAMURAI|FORCETRAINER|BLUE_MAGE|CAVALRY|
BERSERKER|SMITH|MIRROR_MASTER|NINJA|SNIPER",オログはトロルの上位種の総称であり、ここで選択できるオログは彼らの住まう東方の冷涼な環境をそのまま体に現したような巨体と強靭さ、火炎と酸に対する耐性、急回復と遅消化を併せ持っています。トロルの弱点であった光は克服され、さらに独自のシャーマニズムが育んだ知性は彼らに一定の理性までももたらしています。彼らは自ら狂乱状態に陥る能力の他、成長すれば興奮状態や毒、出血、朦朧状態を即座に癒す能力を得ることができます。,TODO
30,1,オーガ,Ogre,0x6,12,-1,3,-1,1,0,4,-1,1,0,0,0,2,0,1,6,4,4,4,-2,8,8,28,3,3,-2,1,-1,-1,-1,-1,-1,-1,10,-2,0,289,20,402,6,280,20,395,6,0,145,0,145,2,2,1,1,1,1,1,1,0,0,O,14,,100,HUMANOID|FOOD_EATER|DROP_CORPSE|DROP_SKELETON|TROLL,HUMANOID|FOOD_EATER|DROP_CORPSE|DROP_SKELETON|TROLL,"WARRIOR|MAGE|PRIEST|ROGUE|RANGER|PALADIN|WARRIOR_MAGE|CHAOS_WARRIOR|MONK|
MINDCRAFTER|HIGH_MAGE|TOURIST|IMITATOR|BEASTMASTER|SORCERER|ARCHER|
MAGIC_EATER|BARD|RED_MAGE|SAMURAI|FORCETRAINER|BLUE_MAGE|CAVALRY|
BERSERKER|SMITH|MIRROR_MASTER|NINJA|SNIPER",オーガは角を生やした大型の人型種族で、戦士としてこの上ない資質を持ち、また近隣種と比較すれば魔術を有効に学べるだけの知性も十分にあります。角による頭突きはとっさの戦いの中でしばしば役に立ちますが、その代わり頭を丸ごと覆う形の防具が装備できません。勇猛なばかりでなく相手を絡め取る策をも好む彼らは、レベルが上がると罠を仕掛ける能力を得ます。オークと近しい彼らは暗闇に対する耐性を持ち、トロル同様に腕力が下がることはありません。,TODO
31,2,ジャイアント,Giant,0x6,18,-1,5,1,2,-2,4,1,2,0,1,-1,2,0,0,7,12,12,12,-2,7,5,40,10,3,-3,1,3,3,3,-1,-1,-2,15,-1,2,780,50,6100,10,740,50,5800,10,0,240,0,240,2,2,1,1,1,1,1,1,0,0,P,20,,10000,HUMANOID|FOOD_EATER|DROP_CORPSE|DROP_SKELETON|GIANT,HUMANOID|FOOD_EATER|DROP_CORPSE|DROP_SKELETON|GIANT,"WARRIOR|MAGE|PRIEST|ROGUE|RANGER|PALADIN|WARRIOR_MAGE|CHAOS_WARRIOR|MONK|
MINDCRAFTER|HIGH_MAGE|TOURIST|IMITATOR|BEASTMASTER|SORCERER|ARCHER|
MAGIC_EATER|BARD|RED_MAGE|SAMURAI|FORCETRAINER|BLUE_MAGE|CAVALRY|
BERSERKER|SMITH|MIRROR_MASTER|NINJA|SNIPER",ジャイアントは自然の諸力が人の形を成して生まれたと言われる、〈秩序〉と〈混沌〉を兼ね備えた種族です。大変力強いのですが、呪文を唱えられるほど利口ではありません。その巨大な体つきもあって強力な戦闘能力を持ちますが、それ以外のことは苦手です。彼らの厚い皮膚は破片に対する耐性を持ちます。また、オーガやトロル同様腕力を下げられることがありません。,TODO
32,2,サイクロプス,Cyclops,0x6,15,-1,4,-3,-1,-3,4,-3,2,-1,0,-1,2,-1,0,2,1,1,1,-2,3,22,30,25,1,-3,-2,-3,-3,-3,-1,-1,10,11,7,1,560,40,2800,10,540,40,2800,10,0,150,0,150,2,2,1,1,1,1,1,1,0,0,P,20,,10000,HUMANOID|FOOD_EATER|DROP_CORPSE|DROP_SKELETON|GIANT,HUMANOID|FOOD_EATER|DROP_CORPSE|DROP_SKELETON|GIANT,"WARRIOR|MAGE|PRIEST|ROGUE|RANGER|PALADIN|WARRIOR_MAGE|CHAOS_WARRIOR|MONK|
MINDCRAFTER|HIGH_MAGE|TOURIST|IMITATOR|BEASTMASTER|SORCERER|ARCHER|
MAGIC_EATER|BARD|RED_MAGE|SAMURAI|FORCETRAINER|BLUE_MAGE|CAVALRY|
BERSERKER|SMITH|MIRROR_MASTER|NINJA|SNIPER","サイクロプスは神々の時代から存在すると言われる、〈混沌〉の種族です。眼を一つしか持っていませんが二つ目の生物以上に良く物を見ることができます。巨大で非常に力強いのですが、知的であるとはちょっと言えません。戦闘, 射撃に優れていますが、その他の大部分のスキルは苦手です。また、轟音に対する耐性を生まれ持っています。",TODO
33,3,タイタン,Titan,0x6,34,5,8,4,5,1,6,3,3,1,2,0,3,2,0,10,25,25,25,-2,10,10,45,13,0,-3,3,9,9,9,-1,0,0,22,2,0,670,40,3300,10,650,40,3300,10,0,310,0,310,2,2,1,1,1,1,1,1,0,0,P,20,,10000,HUMANOID|FOOD_EATER|DROP_CORPSE|DROP_SKELETON|GIANT,HUMANOID|FOOD_EATER|DROP_CORPSE|DROP_SKELETON|GIANT,"WARRIOR|MAGE|PRIEST|ROGUE|RANGER|PALADIN|WARRIOR_MAGE|CHAOS_WARRIOR|MONK|
MINDCRAFTER|HIGH_MAGE|TOURIST|IMITATOR|BEASTMASTER|SORCERER|ARCHER|
MAGIC_EATER|BARD|RED_MAGE|SAMURAI|FORCETRAINER|BLUE_MAGE|CAVALRY|
BERSERKER|SMITH|MIRROR_MASTER|NINJA|SNIPER",タイタンはジャイアント以上に巨大で勇壮な姿をした大型種族です。実際に彼らの生まれ持つ能力は神秘そのものであり、一般的な創世神話の神族達は広義において、この種族かマイアに含めてよいでしょう。違いがあるとすれば、彼らはマイアと比較して〈混沌〉の種族であり、生まれつきカオスの耐性も備えています。元来から自然の力そのものの如く屈強な彼らですが、プレイヤーキャラとして選択する場合、神族同士の争いに敗れ、神の座を追われた困難な立場から始めなければなりません。,TODO
34,0,イーク,Yeek,0x6,1,-1,-2,1,1,1,-2,-4,-1,1,1,0,-1,-2,6,6,6,6,6,3,10,23,4,4,2,1,1,1,1,1,2,0,12,-2,-2,1,160,8,45,1,140,8,25,1,0,100,0,100,2,2,1,1,1,1,1,1,0,0,y,14,,20,HUMANOID|RES_ACID:8:13|OPP_ACID:13:24|IM_ACID:25:60|FOOD_EATER|DROP_CORPSE|DROP_SKELETON|GIANT,HUMANOID|RES_ACID:14:26|OPP_ACID:27:60|FOOD_EATER|DROP_CORPSE|DROP_SKELETON|GIANT,"WARRIOR|MAGE|PRIEST|ROGUE|RANGER|PALADIN|WARRIOR_MAGE|CHAOS_WARRIOR|MONK|
MINDCRAFTER|HIGH_MAGE|TOURIST|IMITATOR|BEASTMASTER|SORCERER|ARCHER|
MAGIC_EATER|BARD|RED_MAGE|SAMURAI|FORCETRAINER|BLUE_MAGE|CAVALRY|
BERSERKER|SMITH|MIRROR_MASTER|NINJA|SNIPER",イークは〈天秤〉の色濃きながらも最も哀れな知的生物です。一説によれば人間の近在種、劣化種であると言われており、しばしば人間の社会と共存していますが、いずれの場合も被支配階級に留まっています。肉体的に極めて虚弱ですが、かなり知的でいくらか賢い生物です。戦闘スキルは苦手ですが、他の分野では比較的優れています。彼らの皮膚は、時間とともに酸への耐性を増していき、レベルが十分に上がれば完全に免疫を持つようになります。,TODO
35,1,クラッコン,Klackcon,0x6,1,-1,2,-1,-1,1,2,-1,1,0,0,0,1,0,10,5,3,3,3,0,6,10,15,15,2,3,0,-1,-1,-1,0,-2,0,2,2,1,185,11,58,1,177,11,45,1,0,190,0,190,2,2,1,1,1,1,1,1,0,0,K,16,,30,HUMANOID|FOOD_EATER|DROP_CORPSE|DROP_SKELETON,HUMANOID|FOOD_EATER|DROP_CORPSE|DROP_SKELETON,"WARRIOR|MAGE|PRIEST|ROGUE|RANGER|PALADIN|WARRIOR_MAGE|CHAOS_WARRIOR|MONK|
MINDCRAFTER|HIGH_MAGE|TOURIST|IMITATOR|BEASTMASTER|SORCERER|ARCHER|
MAGIC_EATER|BARD|RED_MAGE|SAMURAI|FORCETRAINER|BLUE_MAGE|CAVALRY|
BERSERKER|SMITH|MIRROR_MASTER|NINJA|SNIPER",クラッコンは奇怪な半知的の昆虫型生物で若干の〈天秤〉への正の傾向を除けば極めて中立的な種族です。彼らはすばらしい戦士になれますが、精神的な能力はひどく制限されています。彼らは探索を除けば大部分のスキルをそこそこにこなします。クラッコンは決して混乱させられることがなく、レベルが上がるごとに速くなります。,TODO
36,1,マインドフレア,Mind-Flayer,0x6,12,-1,0,5,5,0,-2,-2,0,3,2,0,-1,-1,10,15,9,9,9,2,15,12,1,1,5,3,7,2,2,2,1,2,1,-4,-4,3,185,11,78,1,177,11,65,1,0,170,0,170,2,2,1,1,1,1,1,1,0,0,h,90,,55,HUMANOID|ESP:29:60|MIND_EATER|DROP_CORPSE|DROP_SKELETON,HUMANOID|ESP:36:60|MIND_EATER|DROP_CORPSE|DROP_SKELETON,"WARRIOR|MAGE|PRIEST|ROGUE|RANGER|PALADIN|WARRIOR_MAGE|CHAOS_WARRIOR|MONK|
MINDCRAFTER|HIGH_MAGE|TOURIST|IMITATOR|BEASTMASTER|SORCERER|ARCHER|
MAGIC_EATER|BARD|RED_MAGE|SAMURAI|FORCETRAINER|BLUE_MAGE|CAVALRY|
BERSERKER|SMITH|MIRROR_MASTER|NINJA|SNIPER",マインドフレアは秘密主義の神秘的な古代種族です。彼らは古くから文明を築き上げてきましたが、多くの異種族を軽蔑しており、それらの精神を支配し奴隷とすることを好む〈悪〉の傾向を持ちます。その肉体的資質は決して誉められたものではありませんが、彼らの知能と賢さはどんな種族よりも強力な魔法使いとなるための素地になります。マインドフレアの知能と賢さは下がることがなく、レベルが上がれば見えないものをみる能力、テレパシー能力を獲得します。彼らは通常の食事はほとんど栄養が得られず、その名の由来の通り、生命のある種族の脳髄を食らって栄養とします。,TODO
37,2,ドラコニアン,Draconian,0x6,16,-1,2,1,1,1,2,0,1,0,0,1,1,0,4,6,10,10,10,0,10,11,15,15,2,-1,1,3,3,3,0,0,1,2,2,1,230,14,185,2,220,14,170,2,0,220,0,220,2,2,1,1,1,1,1,1,1,0,d,20,,60,HUMANOID|FOOD_EATER|DROP_CORPSE|DROP_SKELETON,HUMANOID|FOOD_EATER|DROP_CORPSE|DROP_SKELETON,"WARRIOR|MAGE|PRIEST|ROGUE|RANGER|PALADIN|WARRIOR_MAGE|CHAOS_WARRIOR|MONK|
MINDCRAFTER|HIGH_MAGE|TOURIST|IMITATOR|BEASTMASTER|SORCERER|ARCHER|
MAGIC_EATER|BARD|RED_MAGE|SAMURAI|FORCETRAINER|BLUE_MAGE|CAVALRY|
BERSERKER|SMITH|MIRROR_MASTER|NINJA|SNIPER",ドラコニアンはドラゴンの親戚にあたる人間型種族です。この種族を選択した場合、主種族、副種族を問わずして、いかなるドラゴンの血統かを副種族として選択する必要があります。レベルが上がるにつれ、ドラゴンとしての共通の元素耐性に加えて、血統より様々な追加耐性、そして鎧に匹敵する強靭なウロコを得ます。彼らはあらゆるスキルをそつなくこなし、翼も持っているため落とし穴や溶岩、毒の沼地などを無傷で飛び越えることができます。,TODO
38,2,サイヤ人,Saiyan,0x6,12,-1,4,-3,-1,1,2,0,2,-2,-1,0,1,0,1,8,2,2,2,-1,6,15,40,10,0,-2,2,-1,-1,-1,-1,-2,2,20,0,0,170,10,63,1,155,10,44,1,0,180,0,180,2,2,1,1,1,1,1,1,0,0,p,14,,30,HUMANOID|FOOD_EATER|DROP_CORPSE|DROP_SKELETON,HUMANOID|FOOD_EATER|DROP_CORPSE|DROP_SKELETON,"WARRIOR|MAGE|PRIEST|ROGUE|RANGER|PALADIN|WARRIOR_MAGE|CHAOS_WARRIOR|MONK|
MINDCRAFTER|HIGH_MAGE|TOURIST|IMITATOR|BEASTMASTER|SORCERER|ARCHER|
MAGIC_EATER|BARD|RED_MAGE|SAMURAI|FORCETRAINER|BLUE_MAGE|CAVALRY|
BERSERKER|SMITH|MIRROR_MASTER|NINJA|SNIPER",サイヤ人は自他共に認める戦闘民族として、同体格の異種族をはるかに凌駕する近接攻撃能力をもっています。種族として気を操り放つ能力にも長けているため、レベルが上がると素手のまま遠くの敵を攻撃できるようにもなります。しかし彼らの知性には難があり、唯一道具の使用に長けるのは異文明からそれらの資産を表面のみ略奪してきたからに過ぎません。彼らは本来特定の星から放たれる光を受けて巨大な猿に変身することが出来ますが、残念ながらD'andbandの世界の空には該当する天体が存在しません。その代わりレベルが上がると天体の代用となる光を自ら生み出すことで大猿に変身することが可能になり、成長を重ねるとさらに高位の伝説的存在に変身することも可能です。,TODO
39,1,クター,Kutar,0x6,1,-1,0,-1,-1,1,2,3,0,0,0,0,1,2,3,7,6,6,6,5,7,7,10,5,0,-1,1,0,0,0,0,-1,-1,0,-2,0,120,6,30,1,114,6,27,1,0,140,0,140,2,2,1,1,1,1,1,1,0,0,h,7,,15,HUMANOID|FOOD_EATER|DROP_CORPSE|DROP_SKELETON,HUMANOID|FOOD_EATER|DROP_CORPSE|DROP_SKELETON,"WARRIOR|MAGE|PRIEST|ROGUE|RANGER|PALADIN|WARRIOR_MAGE|CHAOS_WARRIOR|MONK|
MINDCRAFTER|HIGH_MAGE|TOURIST|IMITATOR|BEASTMASTER|SORCERER|ARCHER|
MAGIC_EATER|BARD|RED_MAGE|SAMURAI|FORCETRAINER|BLUE_MAGE|CAVALRY|
BERSERKER|SMITH|MIRROR_MASTER|NINJA|SNIPER",クターとしている無表情の謎の生物で、人間以上の〈天秤〉の体現者です。彼らは外見がかわいらしいため、魅力が高いです。彼らは混乱しません。なぜなら、混乱してもクターとしているため変わりないからです。しかも、そのクターとしている外見から敵に見つかりにくいです。しかし、彼らは注意力が少ないため探索や知覚能力は悪いです。彼らはレベルが上がると横に伸びてACを上げる技を覚えますが、伸びている間は魔法防御能力は低くなってしまいます。,TODO
40,1,ジュラル星人,Jural,0x6,1,-1,2,4,-5,2,0,1,1,2,-3,0,0,0,6,6,6,6,6,3,10,23,4,4,2,1,1,1,1,1,2,0,12,-2,-2,1,240,20,100,2,220,20,95,2,0,180,0,180,2,2,1,1,1,1,1,1,0,0,g,1,,100,HUMANOID|FOOD_EATER|DROP_CORPSE|DROP_SKELETON,HUMANOID|FOOD_EATER|DROP_CORPSE|DROP_SKELETON,"WARRIOR|MAGE|PRIEST|ROGUE|RANGER|PALADIN|WARRIOR_MAGE|CHAOS_WARRIOR|MONK|
MINDCRAFTER|HIGH_MAGE|TOURIST|IMITATOR|BEASTMASTER|SORCERER|ARCHER|
MAGIC_EATER|BARD|RED_MAGE|SAMURAI|FORCETRAINER|BLUE_MAGE|CAVALRY|
BERSERKER|SMITH|MIRROR_MASTER|NINJA|SNIPER",ジュラル星人は時空遥か彼方にある汚染された星から移民してきた異星種族で、意外にも〈悪〉以上に〈善〉の傾向の強い種族です。多くは単眼に紫色の肌を持っています。彼らは先進的な文明を持ち、実際に知的ではあるのですが、その知性の使い方を発揮させる方向を間違えるため賢さは低めです。また、彼等はある特定の性格を持った個体の攻撃に対して致命的な弱点を持つため、十分に気をつけなければなりません。,TODO
41,1,イウォーク,Ewok,0x6,1,-1,0,-2,1,0,2,2,0,-1,0,0,1,1,3,7,6,6,6,5,7,7,10,5,0,-1,1,0,0,0,0,-1,-1,0,-2,0,100,20,250,25,100,20,25,2,0,150,0,150,2,2,1,1,1,1,1,1,0,0,g,15,,50,HUMANOID|FOOD_EATER|DROP_CORPSE|DROP_SKELETON,HUMANOID|FOOD_EATER|DROP_CORPSE|DROP_SKELETON,"WARRIOR|MAGE|PRIEST|ROGUE|RANGER|PALADIN|WARRIOR_MAGE|CHAOS_WARRIOR|MONK|
MINDCRAFTER|HIGH_MAGE|TOURIST|IMITATOR|BEASTMASTER|SORCERER|ARCHER|
MAGIC_EATER|BARD|RED_MAGE|SAMURAI|FORCETRAINER|BLUE_MAGE|CAVALRY|
BERSERKER|SMITH|MIRROR_MASTER|NINJA|SNIPER",イウォークは小柄で毛むくじゃらな姿をした、〈善〉の性質の強い種族です。その愛らしい外見と原始的な姿に反し、彼らは戦士やプリーストとして十分な素養を持ち、多くのことを器用にこなします。彼らの体毛はレベルが上がるに連れ、強力な冷気への耐性を備えるようになります。,TODO
42,2,アルコン,Archon,0xF,31,3,3,2,5,2,3,4,1,0,2,0,2,2,5,13,21,21,21,2,12,13,20,20,3,0,3,8,8,8,1,1,2,5,5,0,320,42,332,6,310,42,315,6,0,285,0,285,2,2,1,1,1,1,1,1,0,0,A,10,,15000,HUMANOID|FOOD_EATER|DROP_CORPSE|DROP_SKELETON,HUMANOID|FOOD_EATER|DROP_CORPSE|DROP_SKELETON,"WARRIOR|MAGE|PRIEST|ROGUE|RANGER|PALADIN|WARRIOR_MAGE|CHAOS_WARRIOR|MONK|
MINDCRAFTER|HIGH_MAGE|TOURIST|IMITATOR|BEASTMASTER|SORCERER|ARCHER|
MAGIC_EATER|BARD|RED_MAGE|SAMURAI|FORCETRAINER|BLUE_MAGE|CAVALRY|
BERSERKER|SMITH|MIRROR_MASTER|NINJA|SNIPER",天界の住人であるアルコンは〈善〉の極致と言える存在であり、多元宇宙からあらゆる〈悪〉を駆逐することこそが本来の使命です。しかしプレイヤーキャラクタとして選ぶ場合は、その輝かしい力を試練のために失った状態から開始しなければなりません。その途上〈悪〉の性質を強めて堕落した場合には、天界に戻ることを許されず、地獄の住人と成り果てるでしょう。アルコンは全てのスキルに熟達しており、強くて賢く、人を惹きつける魅力があります。さらにその完全なる肉体は閃光と劣化、あらゆる能力的衰弱に対する耐性を持ちます。眼は通常見えぬものを見通すことができ、翼で危険な地形を飛び越えることもできるでしょう。その代わり彼らの成長には非常に多くの経験が要ります。,TODO
43,1,インプ,Imp,0xF,5,-1,0,0,-1,1,2,-1,0,0,-1,1,1,-1,4,7,3,3,3,1,8,10,12,4,3,0,2,-1,-1,-1,1,-1,0,1,-3,2,160,20,45,3,150,8,25,2,0,150,0,150,2,2,1,1,1,1,1,1,0,0,u,1,,1000,HUMANOID|FOOD_EATER|CORPSE_EATER,HUMANOID|FOOD_EATER|CORPSE_EATER,"WARRIOR|MAGE|PRIEST|ROGUE|RANGER|PALADIN|WARRIOR_MAGE|CHAOS_WARRIOR|MONK|
MINDCRAFTER|HIGH_MAGE|TOURIST|IMITATOR|BEASTMASTER|SORCERER|ARCHER|
MAGIC_EATER|BARD|RED_MAGE|SAMURAI|FORCETRAINER|BLUE_MAGE|CAVALRY|
BERSERKER|SMITH|MIRROR_MASTER|NINJA|SNIPER",インプは地獄からやってきた〈悪〉の知的生物の総称です。彼らは多くの場合、上位の自立したフィーンドや邪悪な技を扱う魔道師の使い魔として使役されるために生み出された存在であり、より高き存在となるには種として刻み込まれた服従の性質を克服する試練を受けなければならないでしょう。インプは多くの能力面に優れており、生まれつき火の耐性と、通常眼に見えないものを捉える能力をもっています。,TODO
44,2,フィーンド,Fiend,0xF,27,1,5,5,0,4,4,2,3,2,0,2,2,0,6,15,18,18,18,-1,14,12,30,20,5,0,5,7,7,7,-1,2,1,10,5,3,485,50,2300,30,485,50,2300,30,0,295,0,295,2,2,1,1,1,1,1,1,0,0,U,1,,30000,HUMANOID|OPP_FIRE:32:60|CORPSE_EATER|KALEIDOSCOPIC_RACE,HUMANOID|OPP_FIRE:32:60|CORPSE_EATER|KALEIDOSCOPIC_RACE,"WARRIOR|MAGE|PRIEST|ROGUE|RANGER|PALADIN|WARRIOR_MAGE|CHAOS_WARRIOR|MONK|
MINDCRAFTER|HIGH_MAGE|TOURIST|IMITATOR|BEASTMASTER|SORCERER|ARCHER|
MAGIC_EATER|BARD|RED_MAGE|SAMURAI|FORCETRAINER|BLUE_MAGE|CAVALRY|
BERSERKER|SMITH|MIRROR_MASTER|NINJA|SNIPER",フィーンドは多元宇宙に散在する各世界でそれぞれに創造主に抗いえる霊的能力を備え、その秩序の転覆と破壊を目論む〈悪〉の存在の総称です。プレイヤーキャラクタの初期種族として選んだ場合には、地獄の抗争に破れてロードとしての地位を失った状態から再起を図らねばなりません。彼らは武力にも知性にも優れますが、自分以外の何かに信仰を捧げることだけは極端に苦手です。,TODO
45,3,マイア,Maiar,0x6,34,4,4,4,4,4,4,4,2,2,2,2,2,2,10,12,14,14,14,-1,14,14,30,25,3,2,4,5,5,5,-1,2,2,10,7,2,320,20,300,2,270,18,245,2,0,330,0,330,2,2,1,1,1,1,1,1,0,0,p,10000,,30000,HUMANOID|FOOD_EATER|DROP_CORPSE|DROP_SKELETON,HUMANOID|FOOD_EATER|DROP_CORPSE|DROP_SKELETON,"WARRIOR|MAGE|PRIEST|ROGUE|RANGER|PALADIN|WARRIOR_MAGE|CHAOS_WARRIOR|MONK|
MINDCRAFTER|HIGH_MAGE|TOURIST|IMITATOR|BEASTMASTER|SORCERER|ARCHER|
MAGIC_EATER|BARD|RED_MAGE|SAMURAI|FORCETRAINER|BLUE_MAGE|CAVALRY|
BERSERKER|SMITH|MIRROR_MASTER|NINJA|SNIPER",マイアはアルダの神代から存在する至福の地の民であり、大いなる精霊達です。彼らの能力はあらゆる面で他の世界の神々に匹敵するものですが、プレイヤー種族として選択する際は、善なる使命のため定命の者の肉体をまとうイスタリか、創造主の意に沿わぬ存在に堕落した者としてバルログの立場から始めなければなりません。それぞれに試練を乗り越えればかつての力を取り戻すだけでなく、より上位の存在となる可能性をも秘めています。,TODO
46,0,深きもの,Deep-One,0x6,18,-1,2,2,1,0,2,-4,1,1,0,0,1,-2,6,7,10,10,10,0,11,12,10,10,2,1,2,3,3,3,0,0,1,0,0,1,190,20,80,3,182,20,79,3,0,180,0,180,2,2,1,1,1,1,1,1,1,0,h,14,,100,HUMANOID|WILD_SHORE|DROP_CORPSE|EAT_POISONOUS|CAN_SWIM|BASH_DOOR|ELDRITCH_HORROR|RES_TELE|IM_FIRE|IM_COLD|IM_POIS|RES_WATE|DROP_CORPSE|DROP_SKELETON,HUMANOID|WILD_SHORE|DROP_CORPSE|RAND_25|EAT_POISONOUS|CAN_SWIM|BASH_DOOR|ELDRITCH_HORROR|RES_TELE|IM_FIRE|IM_COLD|IM_POIS|RES_WATE|DROP_CORPSE|DROP_SKELETON,"WARRIOR|MAGE|PRIEST|ROGUE|RANGER|PALADIN|WARRIOR_MAGE|CHAOS_WARRIOR|MONK|
MINDCRAFTER|HIGH_MAGE|TOURIST|IMITATOR|BEASTMASTER|SORCERER|ARCHER|
MAGIC_EATER|BARD|RED_MAGE|SAMURAI|FORCETRAINER|BLUE_MAGE|CAVALRY|
BERSERKER|SMITH|MIRROR_MASTER|NINJA|SNIPER",深きものは深海の種族であり、偉大なるクトゥルフや自分達の有力な父母たるダゴンやハイドラに仕える異形の民です。強靭かつ知的ではありますが、その独特のおぞましい容貌は多くの異種族に唾棄される原因となります。水の地形はこの種族にとっての独壇場であり、陸上よりも機敏に動くことが可能です。深きものとの混血児は、一部でインスマウス面と呼ばれる奇怪な顔つきを生まれ持ち、成長するにつれて深きものへの種族的傾向を強め、やがては純潔の深きものと全く同じ姿に変わり果ててしまいます。,TODO
47,2,古のもの,Elder-One,0x1,20,1,1,3,5,1,1,1,0,2,3,0,0,0,7,7,12,12,12,0,10,15,8,24,1,2,2,4,4,4,0,0,3,-1,7,1,245,12,150,3,245,12,150,3,0,140,0,140,5,2,1,1,1,0,0,0,0,0,h,14,,30000,FORCE_SLEEP|OPEN_DOOR|BASH_DOOR|NONLIVING|IM_POIS|IM_ACID|NO_CONF|NO_SLEEP|RES_TELE|CAN_SWIM|DROP_CORPSE|DROP_SKELETON,FORCE_SLEEP|OPEN_DOOR|BASH_DOOR|NONLIVING|IM_POIS|IM_ACID|NO_CONF|NO_SLEEP|RES_TELE|CAN_SWIM|DROP_CORPSE|DROP_SKELETON,"WARRIOR|MAGE|PRIEST|ROGUE|RANGER|PALADIN|WARRIOR_MAGE|CHAOS_WARRIOR|MONK|
MINDCRAFTER|HIGH_MAGE|TOURIST|IMITATOR|BEASTMASTER|SORCERER|ARCHER|
MAGIC_EATER|BARD|RED_MAGE|SAMURAI|FORCETRAINER|BLUE_MAGE|CAVALRY|
BERSERKER|SMITH|MIRROR_MASTER|NINJA|SNIPER",古のものは、一般の人型種族とは根本的に異質な文明を謳歌した古代種族です。多くの者は樽状の胴体にヒトデのような頭部を持っています。彼らは本来大いに知的な生物でありまた非常に頑健でもありますが、プレイヤーとしては長い眠りから目覚めたばかりで大きく衰弱し、周囲から迫害される状態から始めなければなりません。彼らは並の定命には耐えられない程の熱や寒さに対する抵抗があり、混乱や恐慌、盲目に陥ることがありません。またある程度成長するとテレパシー能力が発現します。,TODO
48,2,ショゴス,Shoggoth,0x1,15,-1,0,-4,-4,-2,5,-5,0,-2,-2,-1,3,-3,3,3,3,3,3,-3,7,7,15,15,0,1,1,1,1,1,-2,-2,-2,2,2,0,80,10,170,3,80,10,170,3,0,250,0,250,0,0,1,0,0,0,0,0,0,0,h,14,,30000,REGENERATE|KILL_ITEM|CAN_SPEAK|BASH_DOOR|NO_CONF|FEARLESS|NO_SLEEP|KILL_BODY|CAN_SWIM|RES_DARK|VARIABLE_SIZE|FORCE_MAXHP|FORCE_SLEEP|HURT_LITE|POWERFUL|ELDRITCH_HORROR|IM_ACID|IM_FIRE|RES_PLAS|IM_POIS|IM_COLD|IM_ELEC|RES_TELE|KALEIDOSCOPIC_RACE,REGENERATE|KILL_ITEM|CAN_SPEAK|BASH_DOOR|NO_CONF|FEARLESS|NO_SLEEP|KILL_BODY|CAN_SWIM|RES_DARK|VARIABLE_SIZE|FORCE_MAXHP|FORCE_SLEEP|HURT_LITE|POWERFUL|ELDRITCH_HORROR|IM_ACID|IM_FIRE|RES_PLAS|IM_POIS|IM_COLD|IM_ELEC|RES_TELE|KALEIDOSCOPIC_RACE,"WARRIOR|MAGE|PRIEST|ROGUE|RANGER|PALADIN|WARRIOR_MAGE|CHAOS_WARRIOR|MONK|
MINDCRAFTER|HIGH_MAGE|TOURIST|IMITATOR|BEASTMASTER|SORCERER|ARCHER|
MAGIC_EATER|BARD|RED_MAGE|SAMURAI|FORCETRAINER|BLUE_MAGE|CAVALRY|
BERSERKER|SMITH|MIRROR_MASTER|NINJA|SNIPER",ショゴスは古のものの高度なテクノロジーによって生み出された、元奉仕種族です。生まれたばかりの素の状態では不定形のために防具が一切使用できず、力も知性も極めて乏しいですが、高い耐久力とAC、酸の免疫を備えており、レベルが上昇するにつれてさらに多くの耐性と加速を身につけることができます。彼らはあらゆるアイテムを補食することが可能で、経験値も従来と異なり捕食したアイテムの価値に伴って蓄積されます。さらには特定の定命種族の死体を食べてその構造を学び、擬態することも可能です。この時ショゴスは本来の種族特性の一部を失いながらも、擬態種族の特性を上乗せで引き継ぐことができます。,TODO
49,2,盲目のもの,Flying-Polyp,0x1,33,2,-2,3,3,2,2,-6,-1,2,2,1,1,-3,4,10,20,20,20,0,3,5,0,0,10,-1,2,8,8,8,0,-4,-2,0,0,6,200,19,60,2,200,19,60,2,0,140,0,140,4,0,1,0,0,0,0,0,0,0,h,14,,30000,,,"WARRIOR|MAGE|PRIEST|ROGUE|RANGER|PALADIN|WARRIOR_MAGE|CHAOS_WARRIOR|MONK|
MINDCRAFTER|HIGH_MAGE|TOURIST|IMITATOR|BEASTMASTER|SORCERER|ARCHER|
MAGIC_EATER|BARD|RED_MAGE|SAMURAI|FORCETRAINER|BLUE_MAGE|CAVALRY|
BERSERKER|SMITH|MIRROR_MASTER|NINJA|SNIPER",盲目のものは半ば生命を超え、半ば物理的制約を逃れた超常の種族です。ポリプ状の形をして宙に浮く極めて異質な肉体を持っているため、ほとんどの防具を扱えませんが、触腕でいくつもの手に持つ装備を扱い、半幽体の体は傷つきながらも壁をすり抜けることができます。彼らは精神に関わるあらゆる耐性を揃えています。プレイヤーとして始める際には、異種族との抗争の果て大きく衰弱した状態から始めなければならず、少しずつ力を取り戻していく必要があります。,TODO
50,2,イスの民,Race-of-Yith,0x1,35,8,0,7,3,3,3,-2,0,4,2,2,2,-1,10,14,12,12,12,0,11,12,5,5,0,3,3,3,3,3,0,1,1,-2,-2,0,170,10,60,1,155,10,40,1,0,140,0,140,0,2,1,0,0,0,0,0,0,0,h,14,,30000,,,"WARRIOR|MAGE|PRIEST|ROGUE|RANGER|PALADIN|WARRIOR_MAGE|CHAOS_WARRIOR|MONK|
MINDCRAFTER|HIGH_MAGE|TOURIST|IMITATOR|BEASTMASTER|SORCERER|ARCHER|
MAGIC_EATER|BARD|RED_MAGE|SAMURAI|FORCETRAINER|BLUE_MAGE|CAVALRY|
BERSERKER|SMITH|MIRROR_MASTER|NINJA|SNIPER",イスの民は多くの定命種族から「大いなる」と形容される神々しき宇宙の民です。その生命の本質は精神体のみで完結しており、肉体は取り替える仮の住みかに過ぎません。プレイヤーキャラとして扱える彼らは異種族との抗争の果てに疲弊しきっており、虚弱な定命種族に宿った状態から少しずつ本来の力を取り戻していかねばなりません。精神に関わる事に多くの耐性を持ち、時空を超えた存在であることから稀有な時間逆転耐性を生まれ持っています。,TODO
51,2,ミ＝ゴウ,Mi=Go,0x1,24,1,3,3,2,2,0,2,1,1,0,0,0,0,8,12,4,4,4,0,13,12,10,10,0,1,3,-1,-1,-1,0,2,1,0,0,0,180,6,90,1,180,6,90,1,0,140,0,140,2,0,1,0,0,0,0,0,0,0,h,14,,30000,DROP_CORPSE|DROP_SKELETON,DROP_CORPSE|DROP_SKELETON,"WARRIOR|MAGE|PRIEST|ROGUE|RANGER|PALADIN|WARRIOR_MAGE|CHAOS_WARRIOR|MONK|
MINDCRAFTER|HIGH_MAGE|TOURIST|IMITATOR|BEASTMASTER|SORCERER|ARCHER|
MAGIC_EATER|BARD|RED_MAGE|SAMURAI|FORCETRAINER|BLUE_MAGE|CAVALRY|
BERSERKER|SMITH|MIRROR_MASTER|NINJA|SNIPER",ミ＝ゴウは甲殻類のような姿に菌類的な特長を持った、高い知性と特別な異能を持つ宇宙種族です。ですがプレイヤーとして選ぶ際には本来種族が持つ能力的アドバンテージを大きく失った状態から、力を通り戻していかねばなりません。幸いなことに、例え大きく力を失った状態でも、ミ＝ゴウは魔術師としては極めて高い適正を持ち、テレパシー能力を最初から所持しています。,TODO
52,2,イスタリ,Istari,0x6,31,1,1,2,2,2,2,3,1,1,1,1,1,2,8,12,8,8,8,2,11,11,15,15,3,2,3,2,2,2,1,0,0,2,2,2,180,15,72,1,173,15,64,1,0,265,0,265,2,2,1,1,1,1,1,1,0,0,p,1,,100,HUMANOID|FOOD_EATER,HUMANOID|FOOD_EATER,"WARRIOR|MAGE|PRIEST|ROGUE|RANGER|PALADIN|WARRIOR_MAGE|CHAOS_WARRIOR|MONK|
MINDCRAFTER|HIGH_MAGE|TOURIST|IMITATOR|BEASTMASTER|SORCERER|ARCHER|
MAGIC_EATER|BARD|RED_MAGE|SAMURAI|FORCETRAINER|BLUE_MAGE|CAVALRY|
BERSERKER|SMITH|MIRROR_MASTER|NINJA|SNIPER",イスタリは、至福の地の神々がアルダの『自由の民』を助けるために派遣した元マイア達です。彼らは本来持っている強大な霊的な力がしばしば善なる者すら傷つけることを危惧したため、人間に近しい肉の体をまとって労苦までも彼らと共にすることを選びました。イスタリの象徴である魔法使いの杖は、彼らの力の制約そのものでもあり、許された権限でもあります。従ってプレイヤーキャラクタとしてこの種族を選んだ場合には、本来種族がマイアでありながら『永遠の呪い』のついたイスタリの杖を強制装備した状態で始めなければなりません。マイアに戻るには一定のレベルと神格を獲得することで、永遠の呪いを解除する必要があります。,TODO
53,2,バルログ,Balrog,0xF,32,2,6,6,0,5,6,0,3,3,0,2,3,0,3,15,22,22,22,-3,12,15,35,10,5,-1,5,10,10,10,-2,1,2,10,0,3,620,30,3800,10,620,30,3800,10,0,280,0,280,2,2,1,1,1,1,1,1,0,0,U,1,,100,HUMANOID|OPP_FIRE:26:60|CORPSE_EATER,HUMANOID|OPP_FIRE:44|CORPSE_EATER,"WARRIOR|MAGE|PRIEST|ROGUE|RANGER|PALADIN|WARRIOR_MAGE|CHAOS_WARRIOR|MONK|
MINDCRAFTER|HIGH_MAGE|TOURIST|IMITATOR|BEASTMASTER|SORCERER|ARCHER|
MAGIC_EATER|BARD|RED_MAGE|SAMURAI|FORCETRAINER|BLUE_MAGE|CAVALRY|
BERSERKER|SMITH|MIRROR_MASTER|NINJA|SNIPER",バルログはアルダの神話の時代に冥王の反逆に付き従ったマイア達が、彼の近衛として破壊と殺戮を繰り広げるために取った〈力の悪鬼〉の姿です。その力の源はしばしばウドゥンの焔と呼ばれました。この邪悪な力はかつての彼らの目的に大いに貢献しましたが、神話の時代が終わって久しく、その制御を失った今にあっては忌まわしい呪縛となって彼らを縛り付けています。従ってプレイヤーキャラクタとしてこの種族を選んだ場合には、本来種族がマイアでありながら『永遠の呪い』のついたウドゥンの焔を枷として装備した状態で始めなければなりません。マイアに戻るには一定のレベルと神格を獲得することで、永遠の呪いを解除する必要があります。,TODO
54,4,ドラゴン,Dragon,0xF,15,-1,8,3,2,4,8,2,3,2,1,2,3,1,15,10,15,15,15,0,10,15,40,0,5,5,3,5,5,5,0,0,2,20,0,2,170,10,60,1,155,10,40,1,0,300,0,300,0,2,1,1,0,1,1,0,0,0,d,1,,100,DROP_CORPSE|DROP_SKELETON,DROP_CORPSE|DROP_SKELETON,,TODO,TODO
55,4,大猿,Giant-Ape,0xF,26,-1,7,-5,-3,1,5,-2,0,0,0,0,0,0,1,2,10,10,10,-1,6,15,55,10,0,-2,2,3,3,3,-1,-2,2,20,0,0,170,10,60,1,155,10,40,1,0,100,0,100,2,2,1,1,1,1,1,1,0,0,H,1,,100,HUMANOID|FOOD_EATER|DROP_CORPSE|DROP_SKELETON,HUMANOID|FOOD_EATER|DROP_CORPSE|DROP_SKELETON,"WARRIOR|MAGE|PRIEST|ROGUE|RANGER|PALADIN|WARRIOR_MAGE|CHAOS_WARRIOR|MONK|
MINDCRAFTER|HIGH_MAGE|TOURIST|IMITATOR|BEASTMASTER|SORCERER|ARCHER|
MAGIC_EATER|BARD|RED_MAGE|SAMURAI|FORCETRAINER|BLUE_MAGE|CAVALRY|
BERSERKER|SMITH|MIRROR_MASTER|NINJA|SNIPER",TODO,TODO
56,4,超サイヤ人,Super-Saiyan,0xF,31,3,7,-3,-1,6,7,1,0,0,0,0,0,0,1,11,12,12,12,-3,6,15,50,10,0,-2,2,4,4,4,-2,-2,2,20,0,0,170,10,60,1,155,10,40,1,0,100,0,100,2,2,1,1,1,1,1,1,0,0,H,1,,100,HUMANOID|FOOD_EATER|DROP_CORPSE|DROP_SKELETON,HUMANOID|FOOD_EATER|DROP_CORPSE|DROP_SKELETON,"WARRIOR|MAGE|PRIEST|ROGUE|RANGER|PALADIN|WARRIOR_MAGE|CHAOS_WARRIOR|MONK|
MINDCRAFTER|HIGH_MAGE|TOURIST|IMITATOR|BEASTMASTER|SORCERER|ARCHER|
MAGIC_EATER|BARD|RED_MAGE|SAMURAI|FORCETRAINER|BLUE_MAGE|CAVALRY|
BERSERKER|SMITH|MIRROR_MASTER|NINJA|SNIPER",TODO,TODO
57,4,馬,Horse,0x6,1,-1,4,-3,-3,4,1,-1,2,-2,-1,2,2,0,15,5,5,5,5,10,10,10,25,10,2,5,0,0,0,0,5,0,0,8,0,1,170,10,60,1,155,10,40,1,1,100,1,100,0,0,1,0,0,0,0,0,1,0,q,15,,20,DROP_CORPSE|DROP_SKELETON,DROP_CORPSE|DROP_SKELETON,,TODO,TODO
58,4,アリ,Ant,0x6,1,-1,3,-4,-4,2,1,-2,2,-2,-2,1,2,-1,5,5,5,5,5,0,10,10,10,10,0,0,0,0,0,0,0,0,0,0,0,0,170,10,60,1,155,10,40,1,1,100,1,100,0,0,1,0,0,0,0,0,0,0,p,15,,20,DROP_CORPSE|DROP_SKELETON,DROP_CORPSE|DROP_SKELETON,,TODO,TODO
59,4,コウモリ,Bat,0x6,1,-1,-4,-2,-2,4,-2,-1,-2,-1,-1,2,-1,-1,25,5,5,5,5,18,10,40,0,-10,9,10,0,0,0,0,0,9,15,0,0,5,170,10,60,1,155,10,40,1,1,100,1,100,0,0,1,0,0,0,0,0,0,0,p,15,,20,DROP_CORPSE|DROP_SKELETON,DROP_CORPSE|DROP_SKELETON,,TODO,TODO
60,4,ムカデ,Centipete,0x6,1,-1,4,-4,-4,3,2,-4,2,-2,-2,1,3,-2,5,5,5,5,5,0,10,10,10,10,0,0,0,0,0,0,0,0,0,0,0,0,170,10,60,1,155,10,40,1,1,100,1,100,0,0,1,0,0,0,0,0,0,0,p,15,,20,DROP_CORPSE|DROP_SKELETON,DROP_CORPSE|DROP_SKELETON,,TODO,TODO
61,4,眼球生物,FloatingEye,0x6,1,-1,2,2,-4,-2,0,-4,1,1,-2,-1,2,-2,25,5,20,20,20,15,30,20,-10,-10,7,10,0,8,8,8,7,10,5,-10,-10,4,170,10,60,1,155,10,40,1,1,100,1,100,0,0,1,0,0,0,0,0,0,0,p,15,,20,DROP_CORPSE|DROP_SKELETON,DROP_CORPSE|DROP_SKELETON,,TODO,TODO
62,4,猫,Feline,0x6,1,-1,1,-2,-2,3,0,2,0,-1,-1,2,1,1,0,5,5,5,5,14,30,20,25,-10,7,-3,0,0,0,0,7,10,5,8,-10,4,170,10,60,1,155,10,40,1,1,100,1,100,0,0,1,0,0,0,0,0,1,0,p,15,,20,DROP_CORPSE|DROP_SKELETON,DROP_CORPSE|DROP_SKELETON,,TODO,TODO
63,4,ベトベト,Icky,0x6,1,-1,3,-2,-2,-2,0,-2,2,-1,-1,-1,1,-1,5,5,5,5,5,0,10,10,10,10,0,0,0,0,0,0,0,0,0,0,0,0,170,10,60,1,155,10,40,1,1,100,1,100,0,0,1,0,0,0,0,0,0,0,p,15,,20,DROP_CORPSE|DROP_SKELETON,DROP_CORPSE|DROP_SKELETON,,TODO,TODO
64,4,粘体生命,Jelly,0x6,1,-1,-3,-3,-3,-3,5,-3,-2,-2,-2,-2,6,-2,5,5,5,5,5,0,10,10,10,10,0,0,0,0,0,0,0,0,0,0,0,0,170,10,60,1,155,10,40,1,1,100,1,100,0,0,1,0,0,0,0,0,0,0,p,15,,20,DROP_CORPSE|DROP_SKELETON,DROP_CORPSE|DROP_SKELETON,,TODO,TODO
65,4,水棲生物,Aquatic-Monster,0x6,1,-1,5,0,-4,0,2,-2,2,0,-2,0,2,-1,5,5,5,5,5,0,10,10,10,10,0,0,0,0,0,0,0,0,0,0,0,0,170,10,60,1,155,10,40,1,1,100,1,100,0,0,1,0,0,0,0,0,0,0,p,15,,20,DROP_CORPSE|DROP_SKELETON,DROP_CORPSE|DROP_SKELETON,,TODO,TODO
66,4,モルド,Mold,0x6,1,-1,-3,-3,-3,-3,0,-3,-1,-1,-1,-1,0,-1,5,5,5,5,5,0,10,10,10,10,0,0,0,0,0,0,0,0,0,0,0,0,170,10,60,1,155,10,40,1,1,100,1,100,0,0,1,0,0,0,0,0,0,0,p,15,,20,DROP_CORPSE|NEVER_MOVE|EMPTY_MIND,DROP_CORPSE|NEVER_MOVE|EMPTY_MIND,,TODO,TODO
67,4,一般四足獣,Quadruped,0x6,1,-1,4,-3,-3,4,1,-1,2,-2,-1,2,2,0,15,5,5,5,5,10,10,10,25,10,2,5,0,0,0,0,5,0,0,8,0,1,170,10,60,1,155,10,40,1,1,100,1,100,0,0,1,0,0,0,0,0,0,0,p,15,,20,DROP_CORPSE|DROP_SKELETON,DROP_CORPSE|DROP_SKELETON,,TODO,TODO
68,4,齧歯類 ,Rodent,0x6,1,-1,-2,-1,-1,2,-3,-1,-1,0,-1,1,0,-1,7,2,2,2,2,12,15,15,10,10,5,2,-1,-1,-1,-1,6,3,3,0,0,3,170,10,60,1,155,10,40,1,1,100,1,100,0,0,1,0,0,0,0,0,0,0,p,15,,20,DROP_CORPSE|DROP_SKELETON,DROP_CORPSE|DROP_SKELETON,,TODO,TODO
69,4,ボルテックス,Vortex,0x6,1,-1,-3,-3,-3,-3,0,-3,-1,-1,-1,-1,0,-1,5,5,5,5,5,0,10,10,10,10,0,0,0,0,0,0,0,0,0,0,0,0,170,10,60,1,155,10,40,1,1,100,1,100,0,0,1,0,0,0,0,0,0,0,p,15,,20,DROP_CORPSE|DROP_SKELETON,DROP_CORPSE|DROP_SKELETON,,TODO,TODO
70,4,ワーム,Worm,0x6,1,-1,-3,-3,-3,-3,0,-3,-1,-1,-1,-1,0,-1,5,5,5,5,5,0,10,10,10,10,0,0,0,0,0,0,0,0,0,0,0,0,170,10,60,1,155,10,40,1,1,100,1,100,0,0,1,0,0,0,0,0,0,0,p,15,,20,DROP_CORPSE|DROP_SKELETON|WEIRD_MIND,DROP_CORPSE|DROP_SKELETON|WEIRD_MIND,,TODO,TODO
71,4,ミミック,Mimic,0x6,1,-1,0,0,0,0,0,0,0,0,0,0,0,0,5,5,5,5,5,0,10,10,10,10,0,0,0,0,0,0,0,0,0,0,0,0,170,10,60,1,155,10,40,1,1,100,1,100,0,0,1,0,0,0,0,0,0,0,p,15,,20,,,,TODO,TODO
72,4,鳥類,Bird,0x6,1,-1,1,-1,1,1,-1,0,1,0,1,0,1,0,25,8,10,10,10,13,10,25,20,-10,7,8,2,3,3,3,6,0,8,5,-10,4,170,10,60,1,155,10,40,1,1,100,1,100,0,0,1,0,0,0,0,0,0,0,p,15,,20,DROP_CORPSE|DROP_SKELETON,DROP_CORPSE|DROP_SKELETON,,TODO,TODO
73,4,犬,Canine,0x6,1,-1,2,-2,-2,4,1,0,1,-1,-1,2,2,0,-3,5,5,5,5,13,20,25,30,-10,7,-4,0,0,0,0,5,5,8,-1,-10,4,170,10,60,1,155,10,40,1,1,100,1,100,0,0,1,0,0,0,0,0,0,0,p,15,,20,DROP_CORPSE|DROP_SKELETON,DROP_CORPSE|DROP_SKELETON,,TODO,TODO
74,4,エレメンタル,Elemental,0x6,1,-1,0,3,3,-2,-3,0,0,1,1,-1,-2,0,5,5,5,5,5,0,10,10,10,10,0,0,0,0,0,0,0,0,0,0,0,0,170,10,60,1,155,10,40,1,1,100,1,100,2,2,1,1,1,1,1,1,0,0,p,15,,20,,,,TODO,TODO
75,4,昆虫,Insect,0x6,1,-1,3,-4,-4,2,2,-2,1,-2,-2,1,2,-1,5,5,5,5,5,0,10,10,10,10,0,0,0,0,0,0,0,0,0,0,0,0,170,10,60,1,155,10,40,1,1,100,1,100,0,0,1,0,0,0,0,0,0,0,p,15,,20,DROP_CORPSE|DROP_SKELETON,DROP_CORPSE|DROP_SKELETON,,TODO,TODO
76,4,蛇,Snake,0x6,1,-1,0,-2,-2,0,0,-3,0,-1,-1,0,0,-2,-3,5,10,10,10,13,10,15,15,10,5,-4,0,3,3,3,6,0,3,2,0,0,170,10,60,1,155,10,40,1,1,100,1,100,0,0,1,0,0,0,0,0,0,0,p,15,,20,DROP_CORPSE|DROP_SKELETON,DROP_CORPSE|DROP_SKELETON,,TODO,TODO
77,4,影,Shadow,0x6,1,-1,0,0,0,0,0,0,0,0,0,0,0,0,5,5,5,5,5,0,10,10,10,10,0,0,0,0,0,0,0,0,0,0,0,0,170,10,60,1,155,10,40,1,1,100,1,100,0,0,1,0,0,0,0,0,0,0,p,15,,20,,,,TODO,TODO
78,4,クイルスルグ,Quylthulg,0x6,1,-1,0,0,0,0,-6,0,0,0,0,0,-2,0,5,5,5,5,5,0,10,10,10,10,0,0,0,0,0,0,0,0,0,0,0,0,1000,100,9000,100,1000,100,9000,100,1,100,1,100,0,0,1,0,0,0,0,0,0,0,p,1,,99999,NEVER_MOVE|NEVER_BLOW|EMPTY_MIND|INVISIBLE|STUPID|NO_CONF|NO_SLEEP|FEARLESS|BLINK|ACTIVE_TELEPORT|TELE_TO,FORCE_SLEEP|NEVER_MOVE|NEVER_BLOW|EMPTY_MIND|INVISIBLE|STUPID|NO_CONF|NO_SLEEP|FEARLESS|BLINK|ACTIVE_TELEPORT|TELE_TO,,TODO,TODO
79,4,蜘蛛,Spider,0x6,1,-1,2,-4,-4,2,2,-2,1,-2,-2,1,2,-1,5,5,5,5,5,0,10,10,10,10,0,0,0,0,0,0,0,0,0,0,0,0,170,10,60,1,155,10,40,1,1,100,1,100,0,0,1,0,0,0,0,0,0,0,p,15,,20,DROP_CORPSE|DROP_SKELETON,DROP_CORPSE|DROP_SKELETON,,TODO,TODO
80,4,甲殻類,Crustasea,0x6,1,-1,4,-3,-3,-3,3,-2,2,-1,-1,-2,2,-1,5,5,5,5,5,0,10,10,10,10,0,0,0,0,0,0,0,0,0,0,0,0,170,10,60,1,155,10,40,1,1,100,1,100,0,0,1,0,0,0,0,0,0,0,p,15,,20,DROP_CORPSE|DROP_SKELETON,DROP_CORPSE|DROP_SKELETON,,TODO,TODO
81,4,レイス,Wraith,0x6,1,-1,-1,3,0,1,-1,0,-1,2,0,0,1,0,5,5,5,5,5,10,10,10,10,10,5,0,0,0,0,0,5,0,0,0,0,3,170,10,60,1,155,10,40,1,1,100,1,100,0,0,1,0,0,0,0,0,0,0,p,15,,20,,,,TODO,TODO
82,4,ゾーン,Xorn,0x6,1,-1,4,-2,-2,-2,2,-2,2,-1,-1,-1,2,-1,-3,2,13,13,13,10,10,10,25,0,3,-2,0,-1,-1,-1,4,0,0,10,-2,2,170,10,60,1,155,10,40,1,1,100,1,100,0,0,1,0,0,0,0,0,0,0,p,15,,20,DROP_CORPSE|DROP_SKELETON,DROP_CORPSE|DROP_SKELETON,,TODO,TODO
83,4,イエティ,Yeti,0x6,1,-1,3,-1,-1,0,2,-1,2,0,0,0,1,0,2,4,3,3,3,9,10,10,20,5,3,-2,0,-1,-1,-1,0,0,0,0,0,1,170,10,60,1,155,10,40,1,1,100,1,100,2,2,1,1,1,1,1,1,0,0,p,15,,20,HUMANOID,HUMANOID,,TODO,TODO
84,4,ゼファーハウンド,ZepherHound,0x6,1,-1,2,-2,-2,2,1,0,1,-1,-1,1,2,0,-3,5,15,15,15,13,20,25,30,-10,7,-2,0,5,5,5,7,5,8,10,-10,3,170,10,60,1,155,10,40,1,1,100,1,100,0,0,1,0,0,0,0,0,0,0,p,15,,20,,,,TODO,TODO
85,4,菌類,Fungus,0x6,1,-1,0,0,0,0,-3,0,0,0,0,0,-1,0,5,5,5,5,5,0,10,10,10,10,0,0,0,0,0,0,0,0,0,0,0,0,170,10,60,1,155,10,40,1,1,100,1,100,0,0,1,0,0,0,0,0,0,0,p,15,,20,DROP_CORPSE|DROP_SKELETON,DROP_CORPSE|DROP_SKELETON,,TODO,TODO
86,4,旧支配者,Great-Old-One,0x6,1,-1,8,8,8,8,8,8,8,8,8,8,8,8,5,5,5,5,5,0,10,10,10,10,0,0,0,0,0,0,0,0,0,0,0,0,170,10,60,1,155,10,40,1,1,100,1,100,0,0,1,0,0,0,0,0,0,0,p,15,,20,,,,TODO,TODO
87,4,爬虫類,Reptilia,0x6,1,-1,4,-3,-3,-3,1,-2,2,-1,-2,-2,2,-1,-3,-3,-3,-3,-3,10,9,5,35,0,3,-4,-4,-4,-4,-4,5,0,-2,14,-5,2,170,10,60,1,155,10,40,1,1,100,1,100,0,0,1,0,0,0,0,0,0,0,p,15,,20,DROP_CORPSE|DROP_SKELETON,DROP_CORPSE|DROP_SKELETON,,TODO,TODO
88,4,魔王,Fiend Lord,0xF,27,1,5,5,0,4,4,2,3,2,0,2,2,0,6,15,18,18,18,-1,14,12,30,20,5,0,5,7,7,7,-1,2,1,10,5,3,485,50,2300,30,485,50,2300,30,0,295,0,295,2,2,1,1,1,1,1,1,0,0,U,1,,30000,HUMANOID|OPP_FIRE:32:60|CORPSE_EATER,HUMANOID|OPP_FIRE:32:60|CORPSE_EATER,"WARRIOR|MAGE|PRIEST|ROGUE|RANGER|PALADIN|WARRIOR_MAGE|CHAOS_WARRIOR|MONK|
MINDCRAFTER|HIGH_MAGE|TOURIST|IMITATOR|BEASTMASTER|SORCERER|ARCHER|
MAGIC_EATER|BARD|RED_MAGE|SAMURAI|FORCETRAINER|BLUE_MAGE|CAVALRY|
BERSERKER|SMITH|MIRROR_MASTER|NINJA|SNIPER",TODO,TODO
89,4,ヒドラ,Hydra,0xF,15,-1,8,3,2,4,8,2,3,2,1,2,3,1,15,10,15,15,15,0,10,15,40,0,5,5,3,5,5,5,0,0,2,20,0,2,170,10,60,1,155,10,40,1,0,300,0,300,0,2,1,1,0,1,1,0,0,0,d,1,,100,DROP_CORPSE|DROP_SKELETON,DROP_CORPSE|DROP_SKELETON,,TODO,TODO
