ID,ID2,PRE_ID,ANTI_ID,NAME,E_NAME,SPELL,STR,INT,WIS,DEX,CON,CHA,DIS,DEV,ROB,EVA,VOL,STL,SRH,FOS,THN,THB,INFRA,HITD_M,EXP,SPEED,BASE_LEVEL,MP_COST,USE_STAT,FAIL,FLAGS,DESCRIPTION,E_DESCRIPTION,GET_DESC,E_GET_DESC,LOST_DESC,E_LOST_DESC
0,UNIQUE,-1,-1,ユニーク,Undefined,0,0,0,0,0,0,0,0,0,0,0,0,0,0,0,0,0,0,0,0,0,0,0,0,0,0,,,,,,
1,QUESTOR,-1,-1,クエスター,Undefined,0,0,0,0,0,0,0,0,0,0,0,0,0,0,0,0,0,0,0,0,0,0,0,0,0,0,,,,,,
2,STIGMATIC,-1,-1,烙印者,Undefined,0,0,0,0,0,0,0,0,0,0,0,0,0,0,0,0,0,0,0,0,0,0,0,0,0,0,あなたは「＠」のルーンの〈烙印〉を背負う者である。,"You are a stigmatic of the cursed rune ""@"".",,,,
3,XXX0003,-1,-1,未定義,Undefined,0,0,0,0,0,0,0,0,0,0,0,0,0,0,0,0,0,0,0,0,0,0,0,0,0,0,,,,,,
4,CHAR_CLEAR,-1,-1,透明シンボル,Undefined,0,0,0,0,0,0,0,0,0,0,0,0,0,0,0,0,0,0,0,0,0,0,0,0,0,0,,,,,,
5,SHAPECHANGER,-1,-1,シンボルアルファベット可変,Undefined,0,0,0,0,0,0,0,0,0,0,0,0,0,0,0,0,0,0,0,0,0,0,0,0,0,0,,,,,,
6,ATTR_CLEAR,-1,-1,未定義,Undefined,0,0,0,0,0,0,0,0,0,0,0,0,0,0,0,0,0,0,0,0,0,0,0,0,0,0,,,,,,
7,ATTR_MULTI,-1,-1,未定義,Undefined,0,0,0,0,0,0,0,0,0,0,0,0,0,0,0,0,0,0,0,0,0,0,0,0,0,0,,,,,,
8,FORCE_DEPTH,-1,-1,未定義,Undefined,0,0,0,0,0,0,0,0,0,0,0,0,0,0,0,0,0,0,0,0,0,0,0,0,0,0,,,,,,
9,FORCE_MAXHP,-1,-1,未定義,Undefined,0,0,0,0,0,0,0,0,0,0,0,0,0,0,0,0,0,0,0,0,0,0,0,0,0,0,,,,,,
10,FORCE_SLEEP,-1,-1,未定義,Undefined,0,0,0,0,0,0,0,0,0,0,0,0,0,0,0,0,0,0,0,0,0,0,0,0,0,0,,,,,,
11,FORCE_EXTRA,-1,-1,未定義,Undefined,0,0,0,0,0,0,0,0,0,0,0,0,0,0,0,0,0,0,0,0,0,0,0,0,0,0,,,,,,
12,ATTR_SEMIRAND,-1,-1,未定義,Undefined,0,0,0,0,0,0,0,0,0,0,0,0,0,0,0,0,0,0,0,0,0,0,0,0,0,0,,,,,,
13,FRIENDS,-1,-1,未定義,Undefined,0,0,0,0,0,0,0,0,0,0,0,0,0,0,0,0,0,0,0,0,0,0,0,0,0,0,,,,,,
14,ESCORT,-1,-1,護衛,Undefined,0,0,0,0,0,0,0,0,0,0,0,0,0,0,0,0,0,0,0,0,0,0,0,0,0,0,,,,,,
15,ESCORTS,-1,-1,多数の護衛,Undefined,0,0,0,0,0,0,0,0,0,0,0,0,0,0,0,0,0,0,0,0,0,0,0,0,0,0,,,,,,
16,NEVER_BLOW,-1,-1,攻撃不可,Undefined,0,0,0,0,0,0,0,0,0,0,0,0,0,0,0,0,0,0,0,0,0,0,0,0,0,0,あなたは白兵攻撃を行うことができない。,,,,,
17,NEVER_MOVE,-1,-1,移動不可,Undefined,0,0,0,0,0,0,0,0,0,0,0,0,0,0,0,0,0,0,0,0,0,0,0,0,0,0,あなたは移動することができない。,,,,,
18,RAND_25,-1,-1,25%ランダム移動,Undefined,0,0,0,0,0,0,0,0,0,0,0,0,0,0,0,0,0,0,0,0,0,0,0,0,0,0,あなたの移動手段は不安定だ。,,,,,
19,RAND_50,-1,-1,50%ランダム移動,Undefined,0,0,0,0,0,0,0,0,0,0,0,0,0,0,0,0,0,0,0,0,0,0,0,0,0,0,あなたの移動手段は極めて不安定だ。,,,,,
20,XXX0022,-1,-1,未定義,Undefined,0,0,0,0,0,0,0,0,0,0,0,0,0,0,0,0,0,0,0,0,0,0,0,0,0,0,,,,,,
21,XXX0023,-1,-1,未定義,Undefined,0,0,0,0,0,0,0,0,0,0,0,0,0,0,0,0,0,0,0,0,0,0,0,0,0,0,,,,,,
22,XXX0024,-1,-1,未定義,Undefined,0,0,0,0,0,0,0,0,0,0,0,0,0,0,0,0,0,0,0,0,0,0,0,0,0,0,,,,,,
23,XXX0025,-1,-1,未定義,Undefined,0,0,0,0,0,0,0,0,0,0,0,0,0,0,0,0,0,0,0,0,0,0,0,0,0,0,,,,,,
24,XXX0026,-1,-1,未定義,Undefined,0,0,0,0,0,0,0,0,0,0,0,0,0,0,0,0,0,0,0,0,0,0,0,0,0,0,,,,,,
25,XXX0027,-1,-1,未定義,Undefined,0,0,0,0,0,0,0,0,0,0,0,0,0,0,0,0,0,0,0,0,0,0,0,0,0,0,,,,,,
26,XXX0028,-1,-1,未定義,Undefined,0,0,0,0,0,0,0,0,0,0,0,0,0,0,0,0,0,0,0,0,0,0,0,0,0,0,,,,,,
27,XXX0029,-1,-1,未定義,Undefined,0,0,0,0,0,0,0,0,0,0,0,0,0,0,0,0,0,0,0,0,0,0,0,0,0,0,,,,,,
28,XXX0030,-1,-1,未定義,Undefined,0,0,0,0,0,0,0,0,0,0,0,0,0,0,0,0,0,0,0,0,0,0,0,0,0,0,,,,,,
29,XXX0031,-1,-1,未定義,Undefined,0,0,0,0,0,0,0,0,0,0,0,0,0,0,0,0,0,0,0,0,0,0,0,0,0,0,,,,,,
30,LEFT_HANDER,-1,-1,左手利き,Undefined,0,0,0,0,0,0,0,0,0,0,0,0,0,0,0,0,0,0,0,0,0,0,0,0,0,0,あなたは左利きだ。,,,,,
31,NO_DEVOTEE,-1,-1,信徒を持たない,Undefined,0,0,0,0,0,0,0,0,0,0,0,0,0,0,0,0,0,0,0,0,0,0,0,0,0,0,,,,,,
32,STUPID,-1,-1,愚か,Undefined,0,0,0,0,0,0,0,0,0,0,0,0,0,0,0,0,0,0,0,0,0,0,0,0,0,0,,,,,,
33,SMART,-1,-1,賢い,Undefined,0,0,0,0,0,0,0,0,0,0,0,0,0,0,0,0,0,0,0,0,0,0,0,0,0,0,,,,,,
34,CAN_SPEAK,-1,-1,会話できる,Undefined,0,0,0,0,0,0,0,0,0,0,0,0,0,0,0,0,0,0,0,0,0,0,0,0,0,0,あなたは戦いの中で会話することがある。,,,,,
35,REFLECTING,-1,-1,反射,Undefined,0,0,0,0,0,0,0,0,0,0,0,0,0,0,0,0,0,0,0,0,0,0,0,0,0,0,,,,,,
36,INVISIBLE,-1,-1,透明,Undefined,0,0,0,0,0,0,0,0,0,0,0,0,0,0,0,0,0,0,0,0,0,0,0,0,0,0,あなたは通常の視力で補足することが出来ない。,,,,,
37,COLD_BLOOD,-1,-1,冷血生物,Undefined,0,0,0,0,0,0,0,0,0,0,0,0,0,0,0,0,0,0,0,0,0,0,0,0,0,0,あなたは冷血動物だ。,,,,,
38,EMPTY_MIND,-1,-1,知能を持たない,Undefined,0,0,0,0,0,0,0,0,0,0,0,0,0,0,0,0,0,0,0,0,0,0,0,0,0,0,,,,,,
39,WEIRD_MIND,-1,-1,特殊な精神構造,Undefined,0,0,0,0,0,0,0,0,0,0,0,0,0,0,0,0,0,0,0,0,0,0,0,0,0,0,,,,,,
40,MULTIPLY,-1,-1,分裂,Undefined,0,0,0,0,0,0,0,0,0,0,0,0,0,0,0,0,0,0,0,0,0,0,0,0,0,0,,,,,,
41,REGENERATE,-1,-1,急回復,Undefined,0,0,0,0,0,0,0,0,0,0,0,0,0,0,0,0,0,0,0,0,0,0,0,0,0,0,あなたは急速に回復する。 ,You are regenerating. ,急速に回復し始めた。,You start regenerating.,急速回復しなくなった。,You stop regenerating.
42,CHAR_MULTI,-1,-1,未定義,Undefined,0,0,0,0,0,0,0,0,0,0,0,0,0,0,0,0,0,0,0,0,0,0,0,0,0,0,,,,,,
43,ATTR_ANY,-1,-1,未定義,Undefined,0,0,0,0,0,0,0,0,0,0,0,0,0,0,0,0,0,0,0,0,0,0,0,0,0,0,,,,,,
44,POWERFUL,-1,-1,技能強化,Undefined,0,0,0,0,0,0,0,0,0,0,0,0,0,0,0,0,0,0,0,0,0,0,0,0,0,0,あなたはあらゆるレイシャルパワーを強力に扱うことができる。,You can use every racial power strongly.,,,,
45,ELDRITCH_HORROR,-1,-1,名状しがたき恐怖,Eldritch Horror,0,0,0,0,0,0,0,0,0,0,0,0,0,0,0,0,0,0,0,0,0,0,0,0,0,0,,,,,,
46,AURA_FIRE,-1,-1,炎のオーラ,Undefined,0,0,0,0,0,0,0,0,0,0,0,0,0,0,0,0,0,0,0,0,0,0,0,0,0,0,,,,,,
47,AURA_ELEC,-1,-1,電撃のオーラ,Undefined,0,0,0,0,0,0,0,0,0,0,0,0,0,0,0,0,0,0,0,0,0,0,0,0,0,0,,,,,,
48,OPEN_DOOR,-1,-1,ドアを開けられる,Undefined,0,0,0,0,0,0,0,0,0,0,0,0,0,0,0,0,0,0,0,0,0,0,0,0,0,0,,,,,,
49,BASH_DOOR,-1,-1,ドアを打ち破られる,Undefined,0,0,0,0,0,0,0,0,0,0,0,0,0,0,0,0,0,0,0,0,0,0,0,0,0,0,,,,,,
50,PASS_WALL,-1,-1,壁を通り抜ける,Undefined,0,0,0,0,0,0,0,0,0,0,0,0,0,0,0,0,0,0,0,0,0,0,0,0,0,0,,,,,,
51,KILL_WALL,-1,-1,壁を壊しながら移動できる,Undefined,0,0,0,0,0,0,0,0,0,0,0,0,0,0,0,0,0,0,0,0,0,0,0,0,0,0,,,,,,
52,MOVE_BODY,-1,-1,邪魔なクリーチャーを押しのけられる,Undefined,0,0,0,0,0,0,0,0,0,0,0,0,0,0,0,0,0,0,0,0,0,0,0,0,0,0,,,,,,
53,KILL_BODY,-1,-1,邪魔なクリーチャーを攻撃する,Undefined,0,0,0,0,0,0,0,0,0,0,0,0,0,0,0,0,0,0,0,0,0,0,0,0,0,0,,,,,,
54,TAKE_ITEM,-1,-1,アイテムを拾える,Undefined,0,0,0,0,0,0,0,0,0,0,0,0,0,0,0,0,0,0,0,0,0,0,0,0,0,0,,,,,,
55,KILL_ITEM,-1,-1,アイテムを破壊する,Undefined,0,0,0,0,0,0,0,0,0,0,0,0,0,0,0,0,0,0,0,0,0,0,0,0,0,0,,,,,,
56,IGNORE_SIZE,-1,-1,サイズ可変,Undefined,0,0,0,0,0,0,0,0,0,0,0,0,0,0,0,0,0,0,0,0,0,0,0,0,0,0,,,,,,
57,KALEIDOSCOPIC_RACE,-1,-1,変幻の種族,Kaleidoscopic Race,0,0,0,0,0,0,0,0,0,0,0,0,0,0,0,0,0,0,0,0,0,0,0,0,0,0,あなたは後天的な突然変異による肉体的負担をほとんど持たない。,,,,,
58,DYING_CURSE_OF_BLOOD,-1,-1,臨終の血の呪い,Dying Curse of Blood,0,0,0,0,0,0,0,0,0,0,0,0,0,0,0,0,0,0,0,0,0,0,0,0,0,0,あなたは死に至る瞬間に殺害者に対して恐るべき血の呪いを下すことができる。,,,,,
59,ANTIPATHY,-1,-1,反感,Antipathy,0,0,0,0,0,0,0,0,0,0,0,0,0,0,0,0,0,0,0,0,0,0,0,0,0,0,あなたはクリーチャーを怒らせている。,You aggravate creatures.,,,,
60,DUSK_ENCHANT,-1,-1,宵闇の呪縛,Enchant of Dusk,0,0,0,0,0,0,0,0,0,0,0,0,0,0,0,0,0,0,0,0,0,0,0,0,0,0,,,,,,
61,XXX0061,-1,-1,未定義,Undefined,0,0,0,0,0,0,0,0,0,0,0,0,0,0,0,0,0,0,0,0,0,0,0,0,0,0,,,,,,
62,XXX0062,-1,-1,未定義,Undefined,0,0,0,0,0,0,0,0,0,0,0,0,0,0,0,0,0,0,0,0,0,0,0,0,0,0,,,,,,
63,QUANTUM,-1,-1,量子生物,Undefined,0,0,0,0,0,0,0,0,0,0,0,0,0,0,0,0,0,0,0,0,0,0,0,0,0,0,,,,,,
64,HUMANOID,-1,-1,人型種族,Undefined,0,0,0,0,0,0,0,0,0,0,0,0,0,0,0,0,0,0,0,0,0,0,0,0,0,0,,,,,,
65,XXX0065,-1,-1,未定義,Undefined,0,0,0,0,0,0,0,0,0,0,0,0,0,0,0,0,0,0,0,0,0,0,0,0,0,0,,,,,,
66,GOLEM,-1,-1,ゴーレム,Undefined,0,4,-5,-3,-2,4,-2,0,0,12,12,12,-1,7,5,30,10,4,0,0,0,0,0,0,0,0,ゴーレムは一定の材料に魔法の生命を吹き込まれて生まれる人工種族です。副種族として、いかなる種族をかたどっているかを選択することである程度能力値が変化しますが、どうあれ彼らの知性は本来の種族と比べると明らかに不十分です。そのため魔法に依存する職業は苦手ですが、戦士には非常に向いています。彼らは毒に耐性を持ち、見えないものを見ることができ、さらに麻痺知らずです。レベルが上がれば、生命力吸収の耐性も得ます。通常の食物からは栄養を摂取できませんが、代わりに魔法棒や杖から魔力を吸収して動力源にする事ができます。また、その頑丈な身体のためＡＣに大きなボーナスがつき、出血や朦朧の心配もありません。,,,,,
67,ANDROID,-1,-1,アンドロイド,Undefined,0,4,-3,-5,0,4,-2,0,2,4,4,4,-2,10,8,30,20,0,0,0,0,0,0,0,0,0,アンドロイドは機械の身体を持つ人工種族です。副種族としてどのような他種族をかたどっているかを選択することで、若干特性が変化します。かたどった元の種族と比べて魔法は苦手ですが、戦士としては非常に優れています。彼らの成長は通常の経験では成されず、身体に身につける装備に依存します。ただし、指輪、アミュレット、光源は成長に影響しません。彼らは毒、麻痺、生命吸収の耐性を持ち、ＡＣのボーナスも得られます。しかし身体に電子回路が組み込まれているため、電撃によって通常よりも大きなダメージを受けてしまいます。彼らは食物からほとんど動力を得られませんが、油で動力を得る事ができます。この種族を副種族として選んだ場合は、部分的に機械の体を持った「サイボーグ」と見なされ、腕力、器用さ、耐久のボーナスと、電撃の弱点が付加されます。,,,,,
68,ZOMBIE,-1,-1,ゾンビ,Undefined,0,0,0,0,0,0,0,0,0,0,0,0,0,0,0,0,0,0,0,0,0,0,0,0,0,0,,,,,,
69,SKELETON,-1,-1,スケルトン,Undefined,0,0,0,0,0,0,0,0,0,0,0,0,0,0,0,0,0,0,0,0,0,0,0,0,0,0,,,,,,
70,VAMPIRE,-1,-1,吸血鬼,Undefined,0,0,0,0,0,0,0,0,0,0,0,0,0,0,0,0,0,0,0,0,0,0,0,0,0,0,,,,,,
71,LICH,-1,-1,リッチ,Undefined,0,0,0,0,0,0,0,0,0,0,0,0,0,0,0,0,0,0,0,0,0,0,0,0,0,0,,,,,,
72,PUELLA_MAGI,-1,-1,魔法少女,Undefined,0,1,1,1,1,1,3,0,0,5,5,5,0,0,0,0,0,0,0,0,0,0,0,0,0,0,,,,,,
73,NAZGUL,-1,-1,ナズグル,Undefined,0,3,2,2,2,3,0,0,0,0,0,0,0,0,0,0,0,0,0,0,0,0,0,0,0,0,,,,,,
74,AURA_COLD,-1,-1,冷気のオーラ,Undefined,0,0,0,0,0,0,0,0,0,0,0,0,0,0,0,0,0,0,0,0,0,0,0,0,0,0,,,,,,
75,NONLIVING,-1,-1,無生物,Undefined,0,0,0,0,0,0,0,0,0,0,0,0,0,0,0,0,0,0,0,0,0,0,0,0,0,0,,,,,,
76,HURT_LITE,-1,-1,光が弱点,Undefined,0,0,0,0,0,0,0,0,0,0,0,0,0,0,0,0,0,0,0,0,0,0,0,0,0,0,,,,,,
77,HURT_ROCK,-1,-1,融解による弱点,Undefined,0,0,0,0,0,0,0,0,0,0,0,0,0,0,0,0,0,0,0,0,0,0,0,0,0,0,,,,,,
78,HURT_FIRE,-1,-1,火炎弱点,Undefined,0,0,0,0,0,0,0,0,0,0,0,0,0,0,0,0,0,0,0,0,0,0,0,0,0,0,,,,,,
79,HURT_COLD,-1,-1,冷気弱点,Undefined,0,0,0,0,0,0,0,0,0,0,0,0,0,0,0,0,0,0,0,0,0,0,0,0,0,0,,,,,,
80,AMAN,-1,-1,アマン神族,Undefined,0,0,0,0,0,0,0,0,0,0,0,0,0,0,0,0,0,0,0,0,0,0,0,0,0,0,,,,,,
81,VANYAR,-1,-1,ヴァンヤール族,Undefined,0,0,0,0,0,0,0,0,0,0,0,0,0,0,0,0,0,0,0,0,0,0,0,0,0,0,,,,,,
82,NOLDOR,-1,-1,ノルドール族,Undefined,0,0,0,0,0,0,0,0,0,0,0,0,0,0,0,0,0,0,0,0,0,0,0,0,0,0,,,,,,
83,TERERI,-1,-1,テレリ族,Undefined,0,0,0,0,0,0,0,0,0,0,0,0,0,0,0,0,0,0,0,0,0,0,0,0,0,0,,,,,,
84,ERU,-1,-1,唯一神,Undefined,0,0,0,0,0,0,0,0,0,0,0,0,0,0,0,0,0,0,0,0,0,0,0,0,0,0,,,,,,
85,HURT_ELEC,-1,-1,電撃が弱点,Undefined,0,0,0,0,0,0,0,0,0,0,0,0,0,0,0,0,0,0,0,0,0,0,0,0,0,0,,,,,,
86,XXX0086,-1,-1,未定義,Undefined,0,0,0,0,0,0,0,0,0,0,0,0,0,0,0,0,0,0,0,0,0,0,0,0,0,0,,,,,,
87,XXX0087,-1,-1,未定義,Undefined,0,0,0,0,0,0,0,0,0,0,0,0,0,0,0,0,0,0,0,0,0,0,0,0,0,0,,,,,,
88,XXX0088,-1,-1,未定義,Undefined,0,0,0,0,0,0,0,0,0,0,0,0,0,0,0,0,0,0,0,0,0,0,0,0,0,0,,,,,,
89,NO_WOUND,-1,-1,出血しない,Undefined,0,0,0,0,0,0,0,0,0,0,0,0,0,0,0,0,0,0,0,0,0,0,0,0,0,0,,,,,,
90,HOLD_LIFE,-1,-1,生命力維持,Undefined,0,0,0,0,0,0,0,0,0,0,0,0,0,0,0,0,0,0,0,0,0,0,0,0,0,0,,,,,,
91,NO_BLIND,-1,-1,盲目にならない,Undefined,0,0,0,0,0,0,0,0,0,0,0,0,0,0,0,0,0,0,0,0,0,0,0,0,0,0,,,,,,
92,XXX0092,-1,-1,未定義,Undefined,0,0,0,0,0,0,0,0,0,0,0,0,0,0,0,0,0,0,0,0,0,0,0,0,0,0,,,,,,
93,NO_STUN,-1,-1,朦朧としない,Undefined,0,0,0,0,0,0,0,0,0,0,0,0,0,0,0,0,0,0,0,0,0,0,0,0,0,0,,,,,,
94,NO_CONF,-1,-1,混乱しない,Undefined,0,0,0,0,0,0,0,0,0,0,0,0,0,0,0,0,0,0,0,0,0,0,0,0,0,0,,,,,,
95,NO_SLEEP,-1,-1,麻痺しない,Undefined,0,0,0,0,0,0,0,0,0,0,0,0,0,0,0,0,0,0,0,0,0,0,0,0,0,0,,,,,,
96,XXX0096,-1,-1,叫ぶ,Undefined,0,0,0,0,0,0,0,0,0,0,0,0,0,0,0,0,0,0,0,0,0,0,0,0,0,0,,,,,,
97,BLUFF,-1,-1,ブラフ,Undefined,0,0,0,0,0,0,0,0,0,0,0,0,0,0,0,0,0,0,0,0,0,0,0,0,0,0,,,,,,
98,DISPEL,-1,-1,魔力消去,Undefined,1,0,0,0,0,0,0,0,0,0,0,0,0,0,0,0,0,0,0,0,0,0,0,0,0,0,,,,,,
99,ROCKET,-1,-1,ロケット,Undefined,1,0,0,0,0,0,0,0,0,0,0,0,0,0,0,0,0,0,0,0,0,0,0,0,0,0,,,,,,
100,SHOOT,-1,-1,射撃,Undefined,1,0,0,0,0,0,0,0,0,0,0,0,0,0,0,0,0,0,0,0,0,0,0,0,0,0,,,,,,
101,XXX0101,-1,-1,未定義,Undefined,0,0,0,0,0,0,0,0,0,0,0,0,0,0,0,0,0,0,0,0,0,0,0,0,0,0,,,,,,
102,XXX0102,-1,-1,未定義,Undefined,0,0,0,0,0,0,0,0,0,0,0,0,0,0,0,0,0,0,0,0,0,0,0,0,0,0,,,,,,
103,XXX0103,-1,-1,未定義,Undefined,0,0,0,0,0,0,0,0,0,0,0,0,0,0,0,0,0,0,0,0,0,0,0,0,0,0,,,,,,
104,BR_ACID,-1,-1,酸のブレス,Breath Acid,1,0,0,0,0,0,0,0,0,0,0,0,0,0,0,0,0,0,0,0,0,0,0,0,0,0,,,,,,
105,BR_ELEC,-1,-1,電撃のブレス,Breath Lighting,1,0,0,0,0,0,0,0,0,0,0,0,0,0,0,0,0,0,0,0,0,0,0,0,0,0,,,,,,
106,BR_FIRE,-1,-1,火炎のブレス,Breath Fire,1,0,0,0,0,0,0,0,0,0,0,0,0,0,0,0,0,0,0,0,0,0,0,0,0,0,,,,,,
107,BR_COLD,-1,-1,冷気のブレス,Breath Cold,1,0,0,0,0,0,0,0,0,0,0,0,0,0,0,0,0,0,0,0,0,0,0,0,0,0,,,,,,
108,BR_POIS,-1,-1,毒のブレス,Breath Poison,1,0,0,0,0,0,0,0,0,0,0,0,0,0,0,0,0,0,0,0,0,0,0,0,0,0,,,,,,
109,BR_NETH,-1,-1,地獄のブレス,Breath Nether,1,0,0,0,0,0,0,0,0,0,0,0,0,0,0,0,0,0,0,0,0,0,0,0,0,0,,,,,,
110,BR_LITE,-1,-1,閃光のブレス,Breath Light,1,0,0,0,0,0,0,0,0,0,0,0,0,0,0,0,0,0,0,0,0,0,0,0,0,0,,,,,,
111,BR_DARK,-1,-1,暗黒のブレス,Breath Dark,1,0,0,0,0,0,0,0,0,0,0,0,0,0,0,0,0,0,0,0,0,0,0,0,0,0,,,,,,
112,BR_CONF,-1,-1,混乱のブレス,Breath Confusion,1,0,0,0,0,0,0,0,0,0,0,0,0,0,0,0,0,0,0,0,0,0,0,0,0,0,,,,,,
113,BR_SOUN,-1,-1,轟音のブレス,Breath Sound,1,0,0,0,0,0,0,0,0,0,0,0,0,0,0,0,0,0,0,0,0,0,0,0,0,0,,,,,,
114,BR_CHAO,-1,-1,混沌のブレス,Breath Chaos,1,0,0,0,0,0,0,0,0,0,0,0,0,0,0,0,0,0,0,0,0,0,0,0,0,0,,,,,,
115,BR_DISE,-1,-1,劣化のブレス,Breath Disenchant,1,0,0,0,0,0,0,0,0,0,0,0,0,0,0,0,0,0,0,0,0,0,0,0,0,0,,,,,,
116,BR_NEXU,-1,-1,因果混乱のブレス,Breath Nexus,1,0,0,0,0,0,0,0,0,0,0,0,0,0,0,0,0,0,0,0,0,0,0,0,0,0,,,,,,
117,BR_TIME,-1,-1,時間逆転のブレス,Breath Time,1,0,0,0,0,0,0,0,0,0,0,0,0,0,0,0,0,0,0,0,0,0,0,0,0,0,,,,,,
118,BR_INER,-1,-1,遅鈍のブレス,Breath Inartia,1,0,0,0,0,0,0,0,0,0,0,0,0,0,0,0,0,0,0,0,0,0,0,0,0,0,,,,,,
119,BR_GRAV,-1,-1,重力のブレス,Breath Gravity,1,0,0,0,0,0,0,0,0,0,0,0,0,0,0,0,0,0,0,0,0,0,0,0,0,0,,,,,,
120,BR_SHAR,-1,-1,破片のブレス,Breath Shard,1,0,0,0,0,0,0,0,0,0,0,0,0,0,0,0,0,0,0,0,0,0,0,0,0,0,,,,,,
121,BR_PLAS,-1,-1,プラズマのブレス,Breath Plasma,1,0,0,0,0,0,0,0,0,0,0,0,0,0,0,0,0,0,0,0,0,0,0,0,0,0,,,,,,
122,BR_WALL,-1,-1,フォースのブレス,Breath Force,1,0,0,0,0,0,0,0,0,0,0,0,0,0,0,0,0,0,0,0,0,0,0,0,0,0,,,,,,
123,BR_MANA,-1,-1,魔力のブレス,Breath Mana,1,0,0,0,0,0,0,0,0,0,0,0,0,0,0,0,0,0,0,0,0,0,0,0,0,0,,,,,,
124,BA_NUKE,-1,-1,放射能球,Nuke Ball,1,0,0,0,0,0,0,0,0,0,0,0,0,0,0,0,0,0,0,0,0,0,0,0,0,0,,,,,,
125,BR_NUKE,-1,-1,放射能廃棄物のブレス,Breath Nuke,1,0,0,0,0,0,0,0,0,0,0,0,0,0,0,0,0,0,0,0,0,0,0,0,0,0,,,,,,
126,BA_CHAO,-1,-1,ログルス球,Raw Logrus,1,0,0,0,0,0,0,0,0,0,0,0,0,0,0,0,0,0,0,0,0,0,0,0,0,0,,,,,,
127,BR_DISI,-1,-1,分解のブレス,Breath Disintegrate,1,0,0,0,0,0,0,0,0,0,0,0,0,0,0,0,0,0,0,0,0,0,0,0,0,0,,,,,,
128,BA_ACID,-1,-1,アシッド・ボール,Acid Ball,1,0,0,0,0,0,0,0,0,0,0,0,0,0,0,0,0,0,0,0,0,0,0,0,0,0,,,,,,
129,BA_ELEC,-1,-1,サンダー・ボール,Lighting Ball,1,0,0,0,0,0,0,0,0,0,0,0,0,0,0,0,0,0,0,0,0,0,0,0,0,0,,,,,,
130,BA_FIRE,-1,-1,ファイア・ボール,Fire Ball,1,0,0,0,0,0,0,0,0,0,0,0,0,0,0,0,0,0,0,0,0,0,0,0,0,0,,,,,,
131,BA_COLD,-1,-1,アイス・ボール,Frost Ball,1,0,0,0,0,0,0,0,0,0,0,0,0,0,0,0,0,0,0,0,0,0,0,0,0,0,,,,,,
132,BA_POIS,-1,-1,悪臭雲,Stinking Croud,1,0,0,0,0,0,0,0,0,0,0,0,0,0,0,0,0,0,0,0,0,0,0,0,0,0,,,,,,
133,BA_NETH,-1,-1,地獄球,Nether Ball,1,0,0,0,0,0,0,0,0,0,0,0,0,0,0,0,0,0,0,0,0,0,0,0,0,0,,,,,,
134,BA_WATE,-1,-1,ウォーター,Water Ball,1,0,0,0,0,0,0,0,0,0,0,0,0,0,0,0,0,0,0,0,0,0,0,0,0,0,,,,,,
135,BA_MANA,-1,-1,魔力の嵐,Mana Storm,1,0,0,0,0,0,0,0,0,0,0,0,0,0,0,0,0,0,0,0,0,0,0,0,0,0,,,,,,
136,BA_DARK,-1,-1,暗黒の嵐,Darkness Storm,1,0,0,0,0,0,0,0,0,0,0,0,0,0,0,0,0,0,0,0,0,0,0,0,0,0,,,,,,
137,DRAIN_MANA,-1,-1,魔力吸収,Drain Mana,1,0,0,0,0,0,0,0,0,0,0,0,0,0,0,0,0,0,0,0,0,0,0,0,0,0,,,,,,
138,MIND_BLAST,-1,-1,精神攻撃,Mind Blast,1,0,0,0,0,0,0,0,0,0,0,0,0,0,0,0,0,0,0,0,0,0,0,0,0,0,,,,,,
139,BRAIN_SMASH,-1,-1,脳攻撃,Brain Shash,1,0,0,0,0,0,0,0,0,0,0,0,0,0,0,0,0,0,0,0,0,0,0,0,0,0,,,,,,
140,CAUSE_1,-1,-1,軽症,Cause Light Wounds,1,0,0,0,0,0,0,0,0,0,0,0,0,0,0,0,0,0,0,0,0,0,0,0,0,0,,,,,,
141,CAUSE_2,-1,-1,重症,Cause Heavy Wounds,1,0,0,0,0,0,0,0,0,0,0,0,0,0,0,0,0,0,0,0,0,0,0,0,0,0,,,,,,
142,CAUSE_3,-1,-1,致命傷,Cause Critical Wounds,1,0,0,0,0,0,0,0,0,0,0,0,0,0,0,0,0,0,0,0,0,0,0,0,0,0,,,,,,
143,CAUSE_4,-1,-1,秘孔を突く,Cause Mortal Wounds,1,0,0,0,0,0,0,0,0,0,0,0,0,0,0,0,0,0,0,0,0,0,0,0,0,0,,,,,,
144,BO_ACID,-1,-1,アシッド・ボルト,Acid Bolt,1,0,0,0,0,0,0,0,0,0,0,0,0,0,0,0,0,0,0,0,0,0,0,0,0,0,,,,,,
145,BO_ELEC,-1,-1,サンダー・ボルト,Lightning Bolt,1,0,0,0,0,0,0,0,0,0,0,0,0,0,0,0,0,0,0,0,0,0,0,0,0,0,,,,,,
146,BO_FIRE,-1,-1,ファイア・ボルト,Fire Bolt,1,0,0,0,0,0,0,0,0,0,0,0,0,0,0,0,0,0,0,0,0,0,0,0,0,0,,,,,,
147,BO_COLD,-1,-1,アイス・ボルト,Frost Bolt,1,0,0,0,0,0,0,0,0,0,0,0,0,0,0,0,0,0,0,0,0,0,0,0,0,0,,,,,,
148,BA_LITE,-1,-1,スター・バースト,starburst,1,0,0,0,0,0,0,0,0,0,0,0,0,0,0,0,0,0,0,0,0,0,0,0,0,0,,,,,,
149,BO_NETH,-1,-1,地獄の矢,Nether Bolt,1,0,0,0,0,0,0,0,0,0,0,0,0,0,0,0,0,0,0,0,0,0,0,0,0,0,,,,,,
150,BO_WATE,-1,-1,ウォーター・ボルト,Water Bolt,1,0,0,0,0,0,0,0,0,0,0,0,0,0,0,0,0,0,0,0,0,0,0,0,0,0,,,,,,
151,BO_MANA,-1,-1,魔力の矢,Mana Bolt,1,0,0,0,0,0,0,0,0,0,0,0,0,0,0,0,0,0,0,0,0,0,0,0,0,0,,,,,,
152,BO_PLAS,-1,-1,プラズマ・ボルト,Plasma Bolt,1,0,0,0,0,0,0,0,0,0,0,0,0,0,0,0,0,0,0,0,0,0,0,0,0,0,,,,,,
153,BO_ICEE,-1,-1,極寒の矢,ICE Bolt,1,0,0,0,0,0,0,0,0,0,0,0,0,0,0,0,0,0,0,0,0,0,0,0,0,0,,,,,,
154,MISSILE,-1,-1,マジック・ミサイル,Magic Missile,1,0,0,0,0,0,0,0,0,0,0,0,0,0,0,0,0,0,0,0,0,0,0,0,0,0,,,,,,
155,SCARE,-1,-1,恐慌,Scare,1,0,0,0,0,0,0,0,0,0,0,0,0,0,0,0,0,0,0,0,0,0,0,0,0,0,,,,,,
156,BLIND,-1,-1,盲目,Blind,1,0,0,0,0,0,0,0,0,0,0,0,0,0,0,0,0,0,0,0,0,0,0,0,0,0,,,,,,
157,CONF,-1,-1,混乱,Confusion,1,0,0,0,0,0,0,0,0,0,0,0,0,0,0,0,0,0,0,0,0,0,0,0,0,0,,,,,,
158,SLOW,-1,-1,減速,Slow,1,0,0,0,0,0,0,0,0,0,0,0,0,0,0,0,0,0,0,0,0,0,0,0,0,0,,,,,,
159,HOLD,-1,-1,スリープ,Sleep,1,0,0,0,0,0,0,0,0,0,0,0,0,0,0,0,0,0,0,0,0,0,0,0,0,0,,,,,,
160,HASTE,-1,-1,加速,Haste,1,0,0,0,0,0,0,0,0,0,0,0,0,0,0,0,0,0,0,0,0,0,0,0,0,0,,,,,,
161,HAND_DOOM,-1,-1,破滅の手,Hand of Doom,1,0,0,0,0,0,0,0,0,0,0,0,0,0,0,0,0,0,0,0,0,0,0,0,0,0,,,,,,
162,HEAL,-1,-1,体力回復,Healing,1,0,0,0,0,0,0,0,0,0,0,0,0,0,0,0,0,0,0,0,0,0,0,0,0,0,,,,,,
163,INVULNER,-1,-1,無傷球,Make Invulnerable,1,0,0,0,0,0,0,0,0,0,0,0,0,0,0,0,0,0,0,0,0,0,0,0,0,0,,,,,,
164,BLINK,-1,-1,ショート・テレポート,Blink,1,0,0,0,0,0,0,0,0,0,0,0,0,0,0,0,0,0,0,0,0,0,0,0,0,0,,,,,,
165,TPORT,-1,-1,テレポート,Teleport,1,0,0,0,0,0,0,0,0,0,0,0,0,0,0,0,0,0,0,0,0,0,0,0,0,0,,,,,,
166,WORLD,-1,-1,ザ・ワールド,The World,1,0,0,0,0,0,0,0,0,0,0,0,0,0,0,0,0,0,0,0,0,0,0,0,0,0,,,,,,
167,SPECIAL,-1,-1,特殊行動,Special Action,1,0,0,0,0,0,0,0,0,0,0,0,0,0,0,0,0,0,0,0,0,0,0,0,0,,,,,,,
168,TELE_TO,-1,-1,引きよせる,Teleport To,1,0,0,0,0,0,0,0,0,0,0,0,0,0,0,0,0,0,0,0,0,0,0,0,0,,,,,,,
169,TELE_AWAY,-1,-1,テレポート・アウェイ,Teleport Away,1,0,0,0,0,0,0,0,0,0,0,0,0,0,0,0,0,0,0,0,0,0,0,0,0,,,,,,,
170,TELE_LEVEL,-1,-1,テレポート・レベル,Teleport Level,1,0,0,0,0,0,0,0,0,0,0,0,0,0,0,0,0,0,0,0,0,0,0,0,0,,,,,,,
171,PSY_SPEAR,-1,-1,光の剣,Psycho Spear,1,0,0,0,0,0,0,0,0,0,0,0,0,0,0,0,0,0,0,0,0,0,0,0,0,,あなたは光の剣を放つことができる。,,,,,
172,DARKNESS,-1,-1,暗闇生成,Create Darkness,1,0,0,0,0,0,0,0,0,0,0,0,0,0,0,0,0,0,0,0,0,0,0,0,0,,,,,,,
173,TRAPS,-1,-1,トラップ生成,Create Traps,1,0,0,0,0,0,0,0,0,0,0,0,0,0,0,0,0,0,0,0,0,0,0,0,0,,,,,,,
174,FORGET,-1,-1,記憶消去,Cause Amnesia,1,0,0,0,0,0,0,0,0,0,0,0,0,0,0,0,0,0,0,0,0,0,0,0,0,,,,,,,
175,ANIM_DEAD,-1,-1,死者復活,Raise Dead,1,0,0,0,0,0,0,0,0,0,0,0,0,0,0,0,0,0,0,0,0,0,0,0,0,,,,,,,
176,S_KIN,-1,-1,同族召喚,Summon Aid,1,0,0,0,0,0,0,0,0,0,0,0,0,0,0,0,0,0,0,0,0,0,0,0,0,,あなたは自分と同種族の従僕を召喚できる。,,,,,
177,S_CYBER,-1,-1,サイバーデーモン召喚,Summon Cyberdemons,1,0,0,0,0,0,0,0,0,0,0,0,0,0,0,0,0,0,0,0,0,0,0,0,0,,あなたはサイバーデーモンを召喚できる。,,,,,
178,S_MONSTER,-1,-1,クリーチャー召喚,Summon Creature,1,0,0,0,0,0,0,0,0,0,0,0,0,0,0,0,0,0,0,0,0,0,0,0,0,,,,,,,
179,S_MONSTERS,-1,-1,クリーチャー複数召喚,Summon Creatures,1,0,0,0,0,0,0,0,0,0,0,0,0,0,0,0,0,0,0,0,0,0,0,0,0,,,,,,,
180,S_ANT,-1,-1,アリの召喚,Summon Ants,1,0,0,0,0,0,0,0,0,0,0,0,0,0,0,0,0,0,0,0,0,0,0,0,0,,,,,,,
181,S_SPIDER,-1,-1,クモの召喚,Summon Spiders,1,0,0,0,0,0,0,0,0,0,0,0,0,0,0,0,0,0,0,0,0,0,0,0,0,,,,,,,
182,S_HOUND,-1,-1,ハウンドの召喚,Summon Hounds,1,0,0,0,0,0,0,0,0,0,0,0,0,0,0,0,0,0,0,0,0,0,0,0,0,,,,,,,
183,S_HYDRA,-1,-1,ヒドラの召喚,Summon Hydras,1,0,0,0,0,0,0,0,0,0,0,0,0,0,0,0,0,0,0,0,0,0,0,0,0,,,,,,,
184,S_ANGEL,-1,-1,天使の召喚,Summon Angels,1,0,0,0,0,0,0,0,0,0,0,0,0,0,0,0,0,0,0,0,0,0,0,0,0,,,,,,,
185,S_DEMON,-1,-1,悪魔の召喚,Summon Demons,1,0,0,0,0,0,0,0,0,0,0,0,0,0,0,0,0,0,0,0,0,0,0,0,0,,,,,,,
186,S_UNDEAD,-1,-1,アンデッドの召喚,Summon Undeads,1,0,0,0,0,0,0,0,0,0,0,0,0,0,0,0,0,0,0,0,0,0,0,0,0,,,,,,,
187,S_DRAGON,-1,-1,ドラゴンの召喚,Summon Dragons,1,0,0,0,0,0,0,0,0,0,0,0,0,0,0,0,0,0,0,0,0,0,0,0,0,,,,,,,
188,S_HI_UNDEAD,-1,-1,上級アンデッドの召喚,Summon Greater Undead,1,0,0,0,0,0,0,0,0,0,0,0,0,0,0,0,0,0,0,0,0,0,0,0,0,,,,,,,
189,S_HI_DRAGON,-1,-1,古代ドラゴンの召喚,Summon Ancient Dragon,1,0,0,0,0,0,0,0,0,0,0,0,0,0,0,0,0,0,0,0,0,0,0,0,0,,,,,,,
190,S_AMBERITES,-1,-1,アンバーの血族の召喚,Summon Amberites,1,0,0,0,0,0,0,0,0,0,0,0,0,0,0,0,0,0,0,0,0,0,0,0,0,,,,,,,
191,S_UNIQUE,-1,-1,ユニークの召喚,Summon Uniques,1,0,0,0,0,0,0,0,0,0,0,0,0,0,0,0,0,0,0,0,0,0,0,0,0,,,,,,,
192,AQUATIC,-1,-1,水棲生物,Aquatic Creature,1,0,0,0,0,0,0,0,0,0,0,0,0,0,0,0,0,0,0,0,0,0,0,0,0,,,,,,,
193,CAN_SWIM,-1,-1,潜行可能,Undefined,0,0,0,0,0,0,0,0,0,0,0,0,0,0,0,0,0,0,0,0,0,0,0,0,0,,あなたは泳ぐことができる。,,,,,
194,CAN_FLY,-1,-1,飛行可能,Undefined,0,0,0,0,0,0,0,0,0,0,0,0,0,0,0,0,0,0,0,0,0,0,0,0,0,,あなたは飛行することができる。,,,,,
195,FRIENDLY,-1,-1,友好的,Undefined,0,0,0,0,0,0,0,0,0,0,0,0,0,0,0,0,0,0,0,0,0,0,0,0,0,,あなたは基本的に未知の相手に対して友好的である。,,,,,
196,XXX0196,-1,-1,未定義,Undefined,0,0,0,0,0,0,0,0,0,0,0,0,0,0,0,0,0,0,0,0,0,0,0,0,0,,,,,,,
197,UNIQUE2,-1,-1,準ユニーク,Undefined,0,0,0,0,0,0,0,0,0,0,0,0,0,0,0,0,0,0,0,0,0,0,0,0,0,,,,,,,
198,RIDING,-1,-1,騎乗可能,Undefined,0,0,0,0,0,0,0,0,0,0,0,0,0,0,0,0,0,0,0,0,0,0,0,0,0,,,,,,,
199,KAGE,-1,-1,あやしい影,Undefined,0,0,0,0,0,0,0,0,0,0,0,0,0,0,0,0,0,0,0,0,0,0,0,0,0,,,,,,,
200,HAS_LITE_1,-1,-1,未定義,Undefined,0,0,0,0,0,0,0,0,0,0,0,0,0,0,0,0,0,0,0,0,0,0,0,0,0,,,,,,,
201,SELF_LITE_1,-1,-1,未定義,Undefined,0,0,0,0,0,0,0,0,0,0,0,0,0,0,0,0,0,0,0,0,0,0,0,0,0,,,,,,,
202,HAS_LITE_2,-1,-1,未定義,Undefined,0,0,0,0,0,0,0,0,0,0,0,0,0,0,0,0,0,0,0,0,0,0,0,0,0,,,,,,,
203,SELF_LITE_2,-1,-1,未定義,Undefined,0,0,0,0,0,0,0,0,0,0,0,0,0,0,0,0,0,0,0,0,0,0,0,0,0,,,,,,,
204,GUARDIAN,-1,-1,未定義,Undefined,0,0,0,0,0,0,0,0,0,0,0,0,0,0,0,0,0,0,0,0,0,0,0,0,0,,,,,,,
205,CHAMELEON,-1,-1,カメレオン,Chameleon,0,0,0,0,0,0,0,0,0,0,0,0,0,0,0,0,0,0,0,0,0,0,0,0,0,,,,,,,
206,KILL_EXP,-1,-1,未定義,Undefined,0,0,0,0,0,0,0,0,0,0,0,0,0,0,0,0,0,0,0,0,0,0,0,0,0,,,,,,,
207,TANUKI,-1,-1,タヌキ,Tanuki,0,0,0,0,0,0,0,0,0,0,0,0,0,0,0,0,0,0,0,0,0,0,0,0,0,,,,,,,
208,HAS_DARK_1,-1,-1,未定義,Undefined,0,0,0,0,0,0,0,0,0,0,0,0,0,0,0,0,0,0,0,0,0,0,0,0,0,,,,,,,
209,SELF_DARK_1,-1,-1,未定義,Undefined,0,0,0,0,0,0,0,0,0,0,0,0,0,0,0,0,0,0,0,0,0,0,0,0,0,,,,,,,
210,HAS_DARK_2,-1,-1,未定義,Undefined,0,0,0,0,0,0,0,0,0,0,0,0,0,0,0,0,0,0,0,0,0,0,0,0,0,,,,,,,
211,SELF_DARK_2,-1,-1,未定義,Undefined,0,0,0,0,0,0,0,0,0,0,0,0,0,0,0,0,0,0,0,0,0,0,0,0,0,,,,,,,
212,XXX7X20,-1,-1,未定義,Undefined,0,0,0,0,0,0,0,0,0,0,0,0,0,0,0,0,0,0,0,0,0,0,0,0,0,,,,,,,
213,XXX7X21,-1,-1,未定義,Undefined,0,0,0,0,0,0,0,0,0,0,0,0,0,0,0,0,0,0,0,0,0,0,0,0,0,,,,,,,
214,XXX7X22,-1,-1,未定義,Undefined,0,0,0,0,0,0,0,0,0,0,0,0,0,0,0,0,0,0,0,0,0,0,0,0,0,,,,,,,
215,XXX7X23,-1,-1,未定義,Undefined,0,0,0,0,0,0,0,0,0,0,0,0,0,0,0,0,0,0,0,0,0,0,0,0,0,,,,,,,
216,XXX7X24,-1,-1,未定義,Undefined,0,0,0,0,0,0,0,0,0,0,0,0,0,0,0,0,0,0,0,0,0,0,0,0,0,,,,,,,
217,XXX7X25,-1,-1,未定義,Undefined,0,0,0,0,0,0,0,0,0,0,0,0,0,0,0,0,0,0,0,0,0,0,0,0,0,,,,,,,
218,XXX7X26,-1,-1,未定義,Undefined,0,0,0,0,0,0,0,0,0,0,0,0,0,0,0,0,0,0,0,0,0,0,0,0,0,,,,,,,
219,XXX7X27,-1,-1,未定義,Undefined,0,0,0,0,0,0,0,0,0,0,0,0,0,0,0,0,0,0,0,0,0,0,0,0,0,,,,,,,
220,XXX7X28,-1,-1,未定義,Undefined,0,0,0,0,0,0,0,0,0,0,0,0,0,0,0,0,0,0,0,0,0,0,0,0,0,,,,,,,
221,XXX7X29,-1,-1,未定義,Undefined,0,0,0,0,0,0,0,0,0,0,0,0,0,0,0,0,0,0,0,0,0,0,0,0,0,,,,,,,
222,XXX7X30,-1,-1,未定義,Undefined,0,0,0,0,0,0,0,0,0,0,0,0,0,0,0,0,0,0,0,0,0,0,0,0,0,,,,,,,
223,XXX7X31,-1,-1,未定義,Undefined,0,0,0,0,0,0,0,0,0,0,0,0,0,0,0,0,0,0,0,0,0,0,0,0,0,,,,,,,
224,WILD_ONLY,-1,-1,未定義,Undefined,0,0,0,0,0,0,0,0,0,0,0,0,0,0,0,0,0,0,0,0,0,0,0,0,0,,,,,,,
225,WILD_TOWN,-1,-1,未定義,Undefined,0,0,0,0,0,0,0,0,0,0,0,0,0,0,0,0,0,0,0,0,0,0,0,0,0,,,,,,,
226,CITIZEN,-1,-1,市民,Undefined,0,0,0,0,0,0,0,0,0,0,0,0,0,0,0,0,0,0,0,0,0,0,0,0,0,,あなたは法治のおかれた地の市民として保護されている。,,,,,
227,WILD_SHORE,-1,-1,未定義,Undefined,0,0,0,0,0,0,0,0,0,0,0,0,0,0,0,0,0,0,0,0,0,0,0,0,0,,,,,,,
228,WILD_OCEAN,-1,-1,海に生息,Undefined,0,0,0,0,0,0,0,0,0,0,0,0,0,0,0,0,0,0,0,0,0,0,0,0,0,,あなたは主に海に生息している。,,,,,
229,WILD_WASTE,-1,-1,沼地に生息,Undefined,0,0,0,0,0,0,0,0,0,0,0,0,0,0,0,0,0,0,0,0,0,0,0,0,0,,,,,,,
230,WILD_WOOD,-1,-1,森林に生息,Undefined,0,0,0,0,0,0,0,0,0,0,0,0,0,0,0,0,0,0,0,0,0,0,0,0,0,,あなたは主に森林地帯に生息している。,,,,,
231,WILD_VOLCANO,-1,-1,火山に生息,Undefined,0,0,0,0,0,0,0,0,0,0,0,0,0,0,0,0,0,0,0,0,0,0,0,0,0,,あなたは主に火山地帯に生息している。,,,,,
232,XXX0232,-1,-1,未定義,Undefined,0,0,0,0,0,0,0,0,0,0,0,0,0,0,0,0,0,0,0,0,0,0,0,0,0,,,,,,,
233,WILD_MOUNTAIN,-1,-1,山岳に生息,Undefined,0,0,0,0,0,0,0,0,0,0,0,0,0,0,0,0,0,0,0,0,0,0,0,0,0,,あなたは主に山岳地帯に生息している。,,,,,
234,WILD_GRASS,-1,-1,草原に生息,Undefined,0,0,0,0,0,0,0,0,0,0,0,0,0,0,0,0,0,0,0,0,0,0,0,0,0,,あなたは主に草原地帯に生息している。,,,,,
235,XXX0235,-1,-1,未定義,Undefined,0,0,0,0,0,0,0,0,0,0,0,0,0,0,0,0,0,0,0,0,0,0,0,0,0,,,,,,,
236,SENSE_ANIMAL,-1,-1,未定義,Undefined,0,0,0,0,0,0,0,0,0,0,0,0,0,0,0,0,0,0,0,0,0,0,0,0,0,,あなたは自然界の生物の存在を感じる能力を持っている。,You sense natural creatures.,,,,
237,SENSE_UNDEAD,-1,-1,未定義,Undefined,0,0,0,0,0,0,0,0,0,0,0,0,0,0,0,0,0,0,0,0,0,0,0,0,0,,あなたはアンデッドの存在を感じる能力を持っている。,You sense undeads.,,,,
238,SENSE_DEMON,-1,-1,未定義,Undefined,0,0,0,0,0,0,0,0,0,0,0,0,0,0,0,0,0,0,0,0,0,0,0,0,0,,あなたは悪魔の存在を感じる能力を持っている。,You sense demons.,,,,
239,SENSE_ORC,-1,-1,未定義,Undefined,0,0,0,0,0,0,0,0,0,0,0,0,0,0,0,0,0,0,0,0,0,0,0,0,0,,あなたはオークの存在を感じる能力を持っている。,You sense orcs.,,,,
240,SENSE_TROLL,-1,-1,未定義,Undefined,0,0,0,0,0,0,0,0,0,0,0,0,0,0,0,0,0,0,0,0,0,0,0,0,0,,あなたはトロルの存在を感じる能力を持っている。,You sense trolls.,,,,
241,SENSE_GIANT,-1,-1,未定義,Undefined,0,0,0,0,0,0,0,0,0,0,0,0,0,0,0,0,0,0,0,0,0,0,0,0,0,,あなたは巨人の存在を感じる能力を持っている。,You sense giants.,,,,
242,SENSE_DRAGON,-1,-1,未定義,Undefined,0,0,0,0,0,0,0,0,0,0,0,0,0,0,0,0,0,0,0,0,0,0,0,0,0,,あなたはドラゴンの存在を感じる能力を持っている。,You sense dragons.,,,,
243,SENSE_HUMAN,-1,-1,未定義,Undefined,0,0,0,0,0,0,0,0,0,0,0,0,0,0,0,0,0,0,0,0,0,0,0,0,0,,あなたは人間の存在を感じる能力を持っている。,You sense humans.,,,,
244,SENSE_EVIL,-1,-1,未定義,Undefined,0,0,0,0,0,0,0,0,0,0,0,0,0,0,0,0,0,0,0,0,0,0,0,0,0,,あなたは邪悪な存在を感じる能力を持っている。,You sense evil creatures.,,,,
245,SENSE_GOOD,-1,-1,未定義,Undefined,0,0,0,0,0,0,0,0,0,0,0,0,0,0,0,0,0,0,0,0,0,0,0,0,0,,あなたは善良な存在を感じる能力を持っている。,You sense good creatures.,,,,
246,SENSE_NONLIVING,-1,-1,未定義,Undefined,0,0,0,0,0,0,0,0,0,0,0,0,0,0,0,0,0,0,0,0,0,0,0,0,0,,あなたは活動する無生物体の存在を感じる能力を持っている。,You sense non-living creatures.,,,,
247,SENSE_UNIQUE,-1,-1,未定義,Undefined,0,0,0,0,0,0,0,0,0,0,0,0,0,0,0,0,0,0,0,0,0,0,0,0,0,,あなたは特別な強敵の存在を感じる能力を持っている。,You sense unique-creatures.,,,,
248,XXX0248,-1,-1,未定義,Undefined,0,0,0,0,0,0,0,0,0,0,0,0,0,0,0,0,0,0,0,0,0,0,0,0,0,,,,,,,
249,VORPAL,-1,-1,切れ味,Vorpal,0,0,0,0,0,0,0,0,0,0,0,0,0,0,0,0,0,0,0,0,0,0,0,0,0,,,,,,,
250,SHATTER,-1,-1,粉砕,Shatter,0,0,0,0,0,0,0,0,0,0,0,0,0,0,0,0,0,0,0,0,0,0,0,0,0,,,,,,,
251,XXX0251,-1,-1,未定義,Undefined,0,0,0,0,0,0,0,0,0,0,0,0,0,0,0,0,0,0,0,0,0,0,0,0,0,,,,,,,
252,XXX0252,-1,-1,未定義,Undefined,0,0,0,0,0,0,0,0,0,0,0,0,0,0,0,0,0,0,0,0,0,0,0,0,0,,,,,,,
253,XXX0253,-1,-1,未定義,Undefined,0,0,0,0,0,0,0,0,0,0,0,0,0,0,0,0,0,0,0,0,0,0,0,0,0,,,,,,,
254,WILD_SWAMP,-1,-1,未定義,Undefined,0,0,0,0,0,0,0,0,0,0,0,0,0,0,0,0,0,0,0,0,0,0,0,0,0,,,,,,,
255,WILD_ALL,-1,-1,未定義,Undefined,0,0,0,0,0,0,0,0,0,0,0,0,0,0,0,0,0,0,0,0,0,0,0,0,0,,,,,,,
256,DROP_CORPSE,-1,-1,未定義,Undefined,0,0,0,0,0,0,0,0,0,0,0,0,0,0,0,0,0,0,0,0,0,0,0,0,0,,あなたは死ぬと屍を残す。,,,,,
257,DROP_SKELETON,-1,-1,未定義,Undefined,0,0,0,0,0,0,0,0,0,0,0,0,0,0,0,0,0,0,0,0,0,0,0,0,0,,あなたは死ぬと骨を残す。,,,,,
258,EAT_BLIND,-1,-1,未定義,Undefined,0,0,0,0,0,0,0,0,0,0,0,0,0,0,0,0,0,0,0,0,0,0,0,0,0,,あなたの肉を食べた者は盲目になる。,,,,,
259,EAT_CONF,-1,-1,未定義,Undefined,0,0,0,0,0,0,0,0,0,0,0,0,0,0,0,0,0,0,0,0,0,0,0,0,0,,あなたの肉を食べた者は混乱する。,,,,,
260,EAT_MANA,-1,-1,未定義,Undefined,0,0,0,0,0,0,0,0,0,0,0,0,0,0,0,0,0,0,0,0,0,0,0,0,0,,,,,,,
261,EAT_NEXUS,-1,-1,未定義,Undefined,0,0,0,0,0,0,0,0,0,0,0,0,0,0,0,0,0,0,0,0,0,0,0,0,0,,,,,,,
262,EAT_BLINK,-1,-1,未定義,Undefined,0,0,0,0,0,0,0,0,0,0,0,0,0,0,0,0,0,0,0,0,0,0,0,0,0,,あなたの肉を食べた者はショート・テレポートする。,,,,,
263,EAT_SLEEP,-1,-1,未定義,Undefined,0,0,0,0,0,0,0,0,0,0,0,0,0,0,0,0,0,0,0,0,0,0,0,0,0,,あなたの肉を食べた者は眠くなる。,,,,,
264,EAT_BERSERKER,-1,-1,未定義,Undefined,0,0,0,0,0,0,0,0,0,0,0,0,0,0,0,0,0,0,0,0,0,0,0,0,0,,あなたの肉を食べた者は狂戦士化する。,,,,,
265,EAT_ACIDIC,-1,-1,未定義,Undefined,0,0,0,0,0,0,0,0,0,0,0,0,0,0,0,0,0,0,0,0,0,0,0,0,0,,,,,,,
266,EAT_SPEED,-1,-1,未定義,Undefined,0,0,0,0,0,0,0,0,0,0,0,0,0,0,0,0,0,0,0,0,0,0,0,0,0,,あなたの肉を食べた者は加速する。,,,,,
267,EAT_CURE,-1,-1,未定義,Undefined,0,0,0,0,0,0,0,0,0,0,0,0,0,0,0,0,0,0,0,0,0,0,0,0,0,,あなたの肉を食べた者は体力が回復する,,,,,
268,EAT_FIRE_RES,-1,-1,未定義,Undefined,0,0,0,0,0,0,0,0,0,0,0,0,0,0,0,0,0,0,0,0,0,0,0,0,0,,あなたの肉を食べた者は一時的に火の耐性を得る。,,,,,
269,EAT_COLD_RES,-1,-1,未定義,Undefined,0,0,0,0,0,0,0,0,0,0,0,0,0,0,0,0,0,0,0,0,0,0,0,0,0,,あなたの肉を食べた者は一時的に冷気の耐性を得る。,,,,,
270,EAT_ACID_RES,-1,-1,未定義,Undefined,0,0,0,0,0,0,0,0,0,0,0,0,0,0,0,0,0,0,0,0,0,0,0,0,0,,あなたの肉を食べた者は一時的に酸の耐性を得る。,,,,,
271,EAT_ELEC_RES,-1,-1,未定義,Undefined,0,0,0,0,0,0,0,0,0,0,0,0,0,0,0,0,0,0,0,0,0,0,0,0,0,,あなたの肉を食べた者は一時的に電撃の耐性を得る。,,,,,
272,EAT_POIS_RES,-1,-1,未定義,Undefined,0,0,0,0,0,0,0,0,0,0,0,0,0,0,0,0,0,0,0,0,0,0,0,0,0,,あなたの肉を食べた者は一時的に毒の耐性を得る。,,,,,
273,EAT_INSANITY,-1,-1,未定義,Undefined,0,0,0,0,0,0,0,0,0,0,0,0,0,0,0,0,0,0,0,0,0,0,0,0,0,,あなたの肉を食べた者は名状し難い狂気に陥いる。,,,,,
274,EAT_DRAIN_EXP,-1,-1,未定義,Undefined,0,0,0,0,0,0,0,0,0,0,0,0,0,0,0,0,0,0,0,0,0,0,0,0,0,,あなたの肉を食べた者は生命力を喪失する。,,,,,
275,EAT_POISONOUS,-1,-1,未定義,Undefined,0,0,0,0,0,0,0,0,0,0,0,0,0,0,0,0,0,0,0,0,0,0,0,0,0,,あなたの肉を食べた者は毒に陥る。,,,,,
276,EAT_GIVE_STR,-1,-1,未定義,Undefined,0,0,0,0,0,0,0,0,0,0,0,0,0,0,0,0,0,0,0,0,0,0,0,0,0,,あなたの肉を食べた者はより力強くなる。,,,,,
277,EAT_GIVE_INT,-1,-1,未定義,Undefined,0,0,0,0,0,0,0,0,0,0,0,0,0,0,0,0,0,0,0,0,0,0,0,0,0,,あなたの肉を食べた者はより知的になる。,,,,,
278,EAT_GIVE_WIS,-1,-1,未定義,Undefined,0,0,0,0,0,0,0,0,0,0,0,0,0,0,0,0,0,0,0,0,0,0,0,0,0,,あなたの肉を食べた者はより賢くなる。,,,,,
279,EAT_GIVE_DEX,-1,-1,未定義,Undefined,0,0,0,0,0,0,0,0,0,0,0,0,0,0,0,0,0,0,0,0,0,0,0,0,0,,あなたの肉を食べた者はより器用になる。,,,,,
280,EAT_GIVE_CON,-1,-1,未定義,Undefined,0,0,0,0,0,0,0,0,0,0,0,0,0,0,0,0,0,0,0,0,0,0,0,0,0,,あなたの肉を食べた者はより健康になる。,,,,,
281,EAT_GIVE_CHR,-1,-1,未定義,Undefined,0,0,0,0,0,0,0,0,0,0,0,0,0,0,0,0,0,0,0,0,0,0,0,0,0,,あなたの肉を食べた者はより美しくなる。,,,,,
282,EAT_LOSE_STR,-1,-1,未定義,Undefined,0,0,0,0,0,0,0,0,0,0,0,0,0,0,0,0,0,0,0,0,0,0,0,0,0,,,,,,,
283,EAT_LOSE_INT,-1,-1,未定義,Undefined,0,0,0,0,0,0,0,0,0,0,0,0,0,0,0,0,0,0,0,0,0,0,0,0,0,,,,,,,
284,EAT_LOSE_WIS,-1,-1,未定義,Undefined,0,0,0,0,0,0,0,0,0,0,0,0,0,0,0,0,0,0,0,0,0,0,0,0,0,,,,,,,
285,EAT_LOSE_DEX,-1,-1,未定義,Undefined,0,0,0,0,0,0,0,0,0,0,0,0,0,0,0,0,0,0,0,0,0,0,0,0,0,,,,,,,
286,EAT_LOSE_CON,-1,-1,未定義,Undefined,0,0,0,0,0,0,0,0,0,0,0,0,0,0,0,0,0,0,0,0,0,0,0,0,0,,,,,,,
287,EAT_LOSE_CHR,-1,-1,未定義,Undefined,0,0,0,0,0,0,0,0,0,0,0,0,0,0,0,0,0,0,0,0,0,0,0,0,0,,,,,,,
288,IM_ACID,-1,-1,酸免疫,Undefined,0,0,0,0,0,0,0,0,0,0,0,0,0,0,0,0,0,0,0,0,0,0,0,0,0,,あなたは酸に対する完全な免疫を持っている。,,,,,
289,IM_ELEC,-1,-1,電撃免疫,Undefined,0,0,0,0,0,0,0,0,0,0,0,0,0,0,0,0,0,0,0,0,0,0,0,0,0,,あなたは電撃に対する完全な免疫を持っている。,,,,,
290,IM_FIRE,-1,-1,火炎免疫,Undefined,0,0,0,0,0,0,0,0,0,0,0,0,0,0,0,0,0,0,0,0,0,0,0,0,0,,あなたは火に対する完全な免疫を持っている。,,,,,
291,IM_COLD,-1,-1,冷気免疫,Undefined,0,0,0,0,0,0,0,0,0,0,0,0,0,0,0,0,0,0,0,0,0,0,0,0,0,,あなたは冷気に対する完全な免疫を持っている。,,,,,
292,IM_POIS,-1,-1,毒免疫,Undefined,0,0,0,0,0,0,0,0,0,0,0,0,0,0,0,0,0,0,0,0,0,0,0,0,0,,あなたは毒に対する完全な免疫を持っている。,,,,,
293,RES_LITE,-1,-1,閃光耐性,Undefined,0,0,0,0,0,0,0,0,0,0,0,0,0,0,0,0,0,0,0,0,0,0,0,0,0,,,,,,,
294,RES_DARK,-1,-1,暗黒耐性,Undefined,0,0,0,0,0,0,0,0,0,0,0,0,0,0,0,0,0,0,0,0,0,0,0,0,0,,,,,,,
295,RES_NETH,-1,-1,地獄耐性,Undefined,0,0,0,0,0,0,0,0,0,0,0,0,0,0,0,0,0,0,0,0,0,0,0,0,0,,,,,,,
296,RES_WATE,-1,-1,水流耐性,Undefined,0,0,0,0,0,0,0,0,0,0,0,0,0,0,0,0,0,0,0,0,0,0,0,0,0,,,,,,,
297,RES_PLAS,-1,-1,プラズマ耐性,Undefined,0,0,0,0,0,0,0,0,0,0,0,0,0,0,0,0,0,0,0,0,0,0,0,0,0,,,,,,,
298,RES_SHAR,-1,-1,破片耐性,Undefined,0,0,0,0,0,0,0,0,0,0,0,0,0,0,0,0,0,0,0,0,0,0,0,0,0,,,,,,,
299,RES_SOUN,-1,-1,轟音耐性,Undefined,0,0,0,0,0,0,0,0,0,0,0,0,0,0,0,0,0,0,0,0,0,0,0,0,0,,,,,,,
300,RES_CHAO,-1,-1,カオス耐性,Undefined,0,0,0,0,0,0,0,0,0,0,0,0,0,0,0,0,0,0,0,0,0,0,0,0,0,,,,,,,
301,RES_NEXU,-1,-1,因果混乱耐性,Undefined,0,0,0,0,0,0,0,0,0,0,0,0,0,0,0,0,0,0,0,0,0,0,0,0,0,,,,,,,
302,RES_DISE,-1,-1,劣化耐性,Undefined,0,0,0,0,0,0,0,0,0,0,0,0,0,0,0,0,0,0,0,0,0,0,0,0,0,,,,,,,
303,RES_WALL,-1,-1,フォース耐性,Undefined,0,0,0,0,0,0,0,0,0,0,0,0,0,0,0,0,0,0,0,0,0,0,0,0,0,,,,,,,
304,RES_INER,-1,-1,遅鈍耐性,Undefined,0,0,0,0,0,0,0,0,0,0,0,0,0,0,0,0,0,0,0,0,0,0,0,0,0,,,,,,,
305,RES_TIME,-1,-1,時間逆転耐性,Undefined,0,0,0,0,0,0,0,0,0,0,0,0,0,0,0,0,0,0,0,0,0,0,0,0,0,,,,,,,
306,RES_GRAV,-1,-1,重力耐性,Undefined,0,0,0,0,0,0,0,0,0,0,0,0,0,0,0,0,0,0,0,0,0,0,0,0,0,,,,,,,
307,RES_ALL,-1,-1,究極の耐性,Undefined,0,0,0,0,0,0,0,0,0,0,0,0,0,0,0,0,0,0,0,0,0,0,0,0,0,,,,,,,
308,RES_TELE,-1,-1,テレポート耐性,Undefined,0,0,0,0,0,0,0,0,0,0,0,0,0,0,0,0,0,0,0,0,0,0,0,0,0,,,,,,,
309,RES_ACID,-1,-1,酸耐性,Undefined,0,0,0,0,0,0,0,0,0,0,0,0,0,0,0,0,0,0,0,0,0,0,0,0,0,,,,,,,
310,RES_ELEC,-1,-1,電撃耐性,Undefined,0,0,0,0,0,0,0,0,0,0,0,0,0,0,0,0,0,0,0,0,0,0,0,0,0,,,,,,,
311,RES_FIRE,-1,-1,火炎耐性,Undefined,0,0,0,0,0,0,0,0,0,0,0,0,0,0,0,0,0,0,0,0,0,0,0,0,0,,,,,,,
312,RES_COLD,-1,-1,冷気耐性,Undefined,0,0,0,0,0,0,0,0,0,0,0,0,0,0,0,0,0,0,0,0,0,0,0,0,0,,,,,,,
313,RES_POIS,-1,-1,毒耐性,Undefined,0,0,0,0,0,0,0,0,0,0,0,0,0,0,0,0,0,0,0,0,0,0,0,0,0,,,,,,,
314,OPP_ACID,-1,-1,酸二重耐性,Undefined,0,0,0,0,0,0,0,0,0,0,0,0,0,0,0,0,0,0,0,0,0,0,0,0,0,,,,,,,
315,OPP_ELEC,-1,-1,電撃二重耐性,Undefined,0,0,0,0,0,0,0,0,0,0,0,0,0,0,0,0,0,0,0,0,0,0,0,0,0,,,,,,,
316,OPP_FIRE,-1,-1,火炎二重耐性,Undefined,0,0,0,0,0,0,0,0,0,0,0,0,0,0,0,0,0,0,0,0,0,0,0,0,0,,,,,,,
317,OPP_COLD,-1,-1,冷気二重耐性,Undefined,0,0,0,0,0,0,0,0,0,0,0,0,0,0,0,0,0,0,0,0,0,0,0,0,0,,,,,,,
318,OPP_POIS,-1,-1,毒二重耐性,Undefined,0,0,0,0,0,0,0,0,0,0,0,0,0,0,0,0,0,0,0,0,0,0,0,0,0,,,,,,,
319,XXX0319,-1,-1,未定義,Undefined,0,0,0,0,0,0,0,0,0,0,0,0,0,0,0,0,0,0,0,0,0,0,0,0,0,,,,,,,
320,FORCE_LESSER,-1,-1,強制劣等エゴ,Undefined,0,0,0,0,0,0,0,0,0,0,0,0,0,0,0,0,0,0,0,0,0,0,0,0,0,,,,,,,
321,ANTI_MAGIC,-1,-1,反魔法,Anti-Magic,0,0,0,0,0,0,0,0,0,0,0,0,0,0,0,0,0,0,0,0,0,0,0,0,0,,,,,,,
322,PREVENT_TELEPORT,-1,-1,テレポート阻害,Prevent-Teleport,0,0,0,0,0,0,0,0,0,0,0,0,0,0,0,0,0,0,0,0,0,0,0,0,0,,,,,,,
323,XXX0323,-1,-1,未定義,Undefined,0,0,0,0,0,0,0,0,0,0,0,0,0,0,0,0,0,0,0,0,0,0,0,0,0,,,,,,,
324,XXX0324,-1,-1,未定義,Undefined,0,0,0,0,0,0,0,0,0,0,0,0,0,0,0,0,0,0,0,0,0,0,0,0,0,,,,,,,
325,VARIABLE_SIZE,-1,-1,サイズ可変,Undefined,0,0,0,0,0,0,0,0,0,0,0,0,0,0,0,0,0,0,0,0,0,0,0,0,0,,,,,,,
326,FOOD_EATER,-1,-1,通常の食事,Undefined,0,0,0,0,0,0,0,0,0,0,0,0,0,0,0,0,0,0,0,0,0,0,0,0,0,,,,,,,
327,CORPSE_EATER,-1,-1,死体食い,Undefined,0,0,0,0,0,0,0,0,0,0,0,0,0,0,0,0,0,0,0,0,0,0,0,0,0,,,,,,,
328,BLOOD_DRINKER,-1,-1,吸血者,Undefined,0,0,0,0,0,0,0,0,0,0,0,0,0,0,0,0,0,0,0,0,0,0,0,0,0,,,,,,,
329,WATER_DRINKER,-1,-1,未定義,Undefined,0,0,0,0,0,0,0,0,0,0,0,0,0,0,0,0,0,0,0,0,0,0,0,0,0,,,,,,,
330,MAGIC_EATER,-1,-1,魔力食い,Undefined,0,0,0,0,0,0,0,0,0,0,0,0,0,0,0,0,0,0,0,0,0,0,0,0,0,,,,,,,
331,FLASK_DRINKER,-1,-1,未定義,Undefined,0,0,0,0,0,0,0,0,0,0,0,0,0,0,0,0,0,0,0,0,0,0,0,0,0,,,,,,,
332,MIND_EATER,-1,-1,脳髄喰らい,Undefined,0,0,0,0,0,0,0,0,0,0,0,0,0,0,0,0,0,0,0,0,0,0,0,0,0,,,,,,,
333,RED_DRAGON,-1,-1,赤竜,Undefined,0,0,0,0,0,0,0,0,0,0,0,0,0,0,0,0,0,0,0,0,0,0,0,0,0,,,,,,,
334,WHITE_DRAGON,-1,-1,白竜,Undefined,0,0,0,0,0,0,0,0,0,0,0,0,0,0,0,0,0,0,0,0,0,0,0,0,0,,,,,,,
335,BLUE_DRAGON,-1,-1,青竜,Undefined,0,0,0,0,0,0,0,0,0,0,0,0,0,0,0,0,0,0,0,0,0,0,0,0,0,,,,,,,
336,BLACK_DRAGON,-1,-1,黒竜,Undefined,0,0,0,0,0,0,0,0,0,0,0,0,0,0,0,0,0,0,0,0,0,0,0,0,0,,,,,,,
337,GREEN_DRAGON,-1,-1,緑竜,Undefined,0,0,0,0,0,0,0,0,0,0,0,0,0,0,0,0,0,0,0,0,0,0,0,0,0,,,,,,,
338,CHROMATIC_DRAGON,-1,-1,万色竜,Undefined,0,0,0,0,0,0,0,0,0,0,0,0,0,0,0,0,0,0,0,0,0,0,0,0,0,,,,,,,
339,BRONZE_DRAGON,-1,-1,青銅竜,Undefined,0,0,0,0,0,0,0,0,0,0,0,0,0,0,0,0,0,0,0,0,0,0,0,0,0,,,,,,,
340,SILVER_DRAGON,-1,-1,銀竜,Undefined,0,0,0,0,0,0,0,0,0,0,0,0,0,0,0,0,0,0,0,0,0,0,0,0,0,,,,,,,
341,GOLD_DRAGON,-1,-1,金竜,Undefined,0,0,0,0,0,0,0,0,0,0,0,0,0,0,0,0,0,0,0,0,0,0,0,0,0,,,,,,,
342,CRYSTAL_DRAGON,-1,-1,水晶竜,Undefined,0,0,0,0,0,0,0,0,0,0,0,0,0,0,0,0,0,0,0,0,0,0,0,0,0,,,,,,,
343,LAW_DRAGON,-1,-1,秩序竜,Undefined,0,0,0,0,0,0,0,0,0,0,0,0,0,0,0,0,0,0,0,0,0,0,0,0,0,,,,,,,
344,BALANCE_DRAGON,-1,-1,天秤竜,Undefined,0,0,0,0,0,0,0,0,0,0,0,0,0,0,0,0,0,0,0,0,0,0,0,0,0,,,,,,,
345,CHAOS_DRAGON,-1,-1,混沌竜,Undefined,0,0,0,0,0,0,0,0,0,0,0,0,0,0,0,0,0,0,0,0,0,0,0,0,0,,,,,,,
346,XXX0346,-1,-1,未定義,Undefined,0,0,0,0,0,0,0,0,0,0,0,0,0,0,0,0,0,0,0,0,0,0,0,0,0,,,,,,,
347,XXX0347,-1,-1,未定義,Undefined,0,0,0,0,0,0,0,0,0,0,0,0,0,0,0,0,0,0,0,0,0,0,0,0,0,,,,,,,
348,XXX0348,-1,-1,未定義,Undefined,0,0,0,0,0,0,0,0,0,0,0,0,0,0,0,0,0,0,0,0,0,0,0,0,0,,,,,,,
349,XXX0349,-1,-1,未定義,Undefined,0,0,0,0,0,0,0,0,0,0,0,0,0,0,0,0,0,0,0,0,0,0,0,0,0,,,,,,,
350,XXX0350,-1,-1,未定義,Undefined,0,0,0,0,0,0,0,0,0,0,0,0,0,0,0,0,0,0,0,0,0,0,0,0,0,,,,,,,
351,XXX0351,-1,-1,未定義,Undefined,0,0,0,0,0,0,0,0,0,0,0,0,0,0,0,0,0,0,0,0,0,0,0,0,0,,,,,,,
352,SPIT_ACID,-1,-1,酸の唾,Spit Acid,0,0,0,0,0,0,0,0,0,0,0,0,0,0,0,0,0,0,0,0,0,9,9,DEX,15,,あなたは酸を吹きかけることができる。(ダメージ レベルX1) ,You can spit acid (dam lvl). ,酸を吐く能力を得た。,You gain the ability to spit acid.,酸を吹きかける能力を失った。,You lose the ability to spit acid.
353,XXX0353,-1,-1,未定義,Undefines,0,0,0,0,0,0,0,0,0,0,0,0,0,0,0,0,0,0,0,0,0,20,30,CON,18,,あなたは炎のブレスを吐くことができる。(ダメージ レベルX2) ,You can breathe fire (dam lvl * 2). ,火を吐く能力を得た。,You gain the ability to breathe fire.,炎のブレスを吐く能力を失った。,You lose the ability to breathe fire.
354,HYPN_GAZE,-1,-1,催眠睨み,Hypnotic Gaze,0,0,0,0,0,0,0,0,0,0,0,0,0,0,0,0,0,0,0,0,0,12,12,CHA,18,,あなたの睨みは催眠効果をもつ。 ,Your gaze is hypnotic. ,催眠眼の能力を得た。,Your eyes look mesmerizing...,あなたの目はつまらない目になった。,Your eyes look uninteresting.
355,TELEKINES,-1,-1,念動力,Telekinesis,0,0,0,0,0,0,0,0,0,0,0,0,0,0,0,0,0,0,0,0,0,9,9,WIS,14,,あなたは念動力をもっている。 ,You are telekinetic. ,物体を念動力で動かす能力を得た。,You gain the ability to move objects telekinetically.,念動力で物を動かす能力を失った。,You lose the ability to move objects telekinetically.
356,VTELEPORT,-1,-1,テレポート,Teleport,0,0,0,0,0,0,0,0,0,0,0,0,0,0,0,0,0,0,0,0,0,7,7,WIS,15,,あなたは自分の意思でテレポートできる。 ,You can teleport at will. ,自分の意思でテレポートする能力を得た。,You gain the power of teleportation at will.,自分の意思でテレポートする能力を失った。,You lose the power of teleportation at will.
357,MIND_BLST,-1,-1,精神攻撃,Mind Blast,0,0,0,0,0,0,0,0,0,0,0,0,0,0,0,0,0,0,0,0,0,5,3,WIS,15,,あなたは敵を精神攻撃できる。 ,You can Mind Blast your enemies. ,精神攻撃の能力を得た。,You gain the power of Mind Blast.,精神攻撃の能力を失った。,You lose the power of Mind Blast.
358,RADIATION,-1,-1,放射能,Emit Radiation,0,0,0,0,0,0,0,0,0,0,0,0,0,0,0,0,0,0,0,0,0,15,15,CON,14,,あなたは自分の意思で放射能を発生することができる。 ,You can emit hard radiation at will. ,あなたは強い放射線を発生し始めた。,You start emitting hard radiation.,あなたは放射能を発生しなくなった。,You stop emitting hard radiation.
359,VAMPIRISM,-1,-1,吸血ドレイン,Vampiric Drain,0,0,0,0,0,0,0,0,0,0,0,0,0,0,0,0,0,0,0,0,0,2,10,CON,9,,あなたは吸血鬼のように敵から生命力を吸収することができる。 ,You can drain life from a foe like a vampire. ,生命力を吸収できるようになった。,You become vampiric.,吸血の能力を失った。,You are no longer vampiric.
360,SMELL_MET,-1,-1,金属嗅覚,Smell Metal,0,0,0,0,0,0,0,0,0,0,0,0,0,0,0,0,0,0,0,0,0,3,2,INT,12,,あなたは近くにある貴金属をかぎ分けることができる。 ,You can smell nearby precious metal. ,金属の匂いを嗅ぎ分けられるようになった。,You smell a metallic odor.,金属の臭いを嗅げなくなった。,You no longer smell a metallic odor.
361,SMELL_MON,-1,-1,敵臭嗅覚,Smell Creatures,0,0,0,0,0,0,0,0,0,0,0,0,0,0,0,0,0,0,0,0,0,5,4,INT,15,,あなたは近くのクリーチャーの存在をかぎ分けることができる。 ,You can smell nearby creatures. ,クリーチャーの臭いを嗅ぎ分けられるようになった。,You smell filthy creatures.,不潔なクリーチャーの臭いを嗅げなくなった。,You no longer smell filthy creatures.
362,XXX0362,-1,-1,ショート・テレポート,Blink,0,0,0,0,0,0,0,0,0,0,0,0,0,0,0,0,0,0,0,0,0,3,3,WIS,12,,あなたは短い距離をテレポートできる。 ,You can teleport yourself short distances. ,近距離テレポートの能力を得た。,You gain the power of minor teleportation.,近距離テレポートの能力を失った。,You lose the power of minor teleportation.
363,EAT_ROCK,-1,-1,岩食い,Eat Rock,0,0,0,0,0,0,0,0,0,0,0,0,0,0,0,0,0,0,0,0,0,8,12,CON,18,,あなたは硬い岩を食べることができる。 ,You can consume solid rock. ,壁が美味しそうに見える。,The walls look delicious.,壁は美味しそうに見えなくなった。,The walls look unappetizing.
364,SWAP_POS,-1,-1,位置交換,Swap Position,0,0,0,0,0,0,0,0,0,0,0,0,0,0,0,0,0,0,0,0,0,15,12,DEX,16,,あなたは他の者と場所を入れ替わることができる。 ,You can switch locations with another being. ,他人の靴で一マイル歩くような気分がする。,You feel like walking a mile in someone else's shoes.,あなたは自分の靴に留まる感じがする。,You feel like staying in your own shoes.
365,SHRIEK,-1,-1,叫び,Shriek,0,0,0,0,0,0,0,0,0,0,0,0,0,0,0,0,0,0,0,0,0,20,14,CON,16,,あなたは身の毛もよだつ叫び声を発することができる。 ,You can emit a horrible shriek. ,あなたの声は相当強くなった。,Your vocal cords get much tougher.,あなたの声質は弱くなった。,Your vocal cords get much weaker.
366,ILLUMINE,-1,-1,照明,Illuminate,0,0,0,0,0,0,0,0,0,0,0,0,0,0,0,0,0,0,0,0,0,3,2,INT,10,,あなたは明るい光を放つことができる。 ,You can emit bright light. ,あなたは光り輝いて部屋を明るくするようになった。,You can light up rooms with your presence.,部屋を明るく照らすことが出来なくなった。,You can no longer light up rooms with your presence.
367,DET_CURSE,-1,-1,呪い感知,Detect Curses,0,0,0,0,0,0,0,0,0,0,0,0,0,0,0,0,0,0,0,0,0,7,14,WIS,14,,あなたは邪悪な魔法の危険を感じとることができる。 ,You can feel the danger of evil magic. ,邪悪な魔法を感知できるようになった。,You can feel evil magics.,邪悪な魔法を感じられなくなった。,You can no longer feel evil magics.
368,BERSERK,-1,-1,狂戦士化,Berserk,0,0,0,0,0,0,0,0,0,0,0,0,0,0,0,0,0,0,0,0,0,8,8,STR,14,,あなたは自分の意思で狂乱戦闘状態になることができる。 ,You can drive yourself into a berserk frenzy. ,制御できる激情を感じる。,You feel a controlled rage.,制御できる激情を感じなくなった。,You no longer feel a controlled rage.
369,POLYMORPH,-1,-1,変身,Polymorph,0,0,0,0,0,0,0,0,0,0,0,0,0,0,0,0,0,0,0,0,0,18,20,CON,18,,あなたは自分の意志で変化できる。 ,You can polymorph yourself at will. ,体が変異しやすくなった。,Your body seems mutable.,あなたの体は安定したように見える。,Your body seems stable.
370,MIDAS_TCH,-1,-1,ミダスの手,Midas Touch,0,0,0,0,0,0,0,0,0,0,0,0,0,0,0,0,0,0,0,0,0,10,5,INT,12,,あなたは通常アイテムを金に変えることができる。 ,You can turn ordinary items to gold. ,「ミダス王の手」の能力を得た。,You gain the Midas touch.,ミダスの手の能力を失った。,You lose the Midas touch.
371,GROW_MOLD,-1,-1,カビ発生,Grow Mold,0,0,0,0,0,0,0,0,0,0,0,0,0,0,0,0,0,0,0,0,0,1,6,CON,14,,あなたは周囲にキノコを生やすことができる。 ,You can cause mold to grow near you. ,突然カビに親しみを覚えた。,You feel a sudden affinity for mold.,突然カビが嫌いになった。,You feel a sudden dislike for mold.
372,RESIST,-1,-1,エレメント耐性,Resist Elements,0,0,0,0,0,0,0,0,0,0,0,0,0,0,0,0,0,0,0,0,0,10,12,CON,12,,あなたは元素の攻撃に対して身を硬くすることができる。 ,You can harden yourself to the ravages of the elements. ,あなたは自分自身を守れる気がする。,You feel like you can protect yourself.,傷つき易くなった気がする。,You feel like you might be vulnerable.
373,EARTHQUAKE,-1,-1,地震,Earthquake,0,0,0,0,0,0,0,0,0,0,0,0,0,0,0,0,0,0,0,0,0,12,12,STR,16,,あなたは周囲のダンジョンを崩壊させることができる。 ,You can bring down the dungeon around your ears. ,ダンジョンを破壊する能力を得た。,You gain the ability to wreck the dungeon.,ダンジョンを壊す能力を失った。,You lose the ability to wreck the dungeon.
374,EAT_MAGIC,-1,-1,魔力食い,Eat Magic,0,0,0,0,0,0,0,0,0,0,0,0,0,0,0,0,0,0,0,0,0,17,1,WIS,15,,あなたは魔法のエネルギーを自分の物として使用できる。 ,You can consume magic energy for your own use. ,魔法のアイテムが美味そうに見える。,Your magic items look delicious.,魔法のアイテムはもう美味しそうに見えなくなった。,Your magic items no longer look delicious.
375,WEIGH_MAG,-1,-1,魔力感知,Weigh Magic,0,0,0,0,0,0,0,0,0,0,0,0,0,0,0,0,0,0,0,0,0,6,6,INT,10,,あなたは自分に影響を与える魔法の力を感じることができる。 ,You can feel the strength of the magics affecting you. ,あなたは周囲にある魔法をより良く理解できる気がする。,You feel you can better understand the magic around you.,魔力を感じられなくなった。,You no longer sense magic.
376,STERILITY,-1,-1,増殖阻止,Sterilize,0,0,0,0,0,0,0,0,0,0,0,0,0,0,0,0,0,0,0,0,0,12,23,CHA,15,,あなたは集団的生殖不能を起こすことができる。 ,You can cause mass impotence. ,周りの全ての者に頭痛を起こすことができる。,You can give everything around you a headache.,たくさんの安堵の吐息が聞こえた。,You hear a massed sigh of relief.
377,PANIC_HIT,-1,-1,ヒット＆アウェイ,Panic Hit,0,0,0,0,0,0,0,0,0,0,0,0,0,0,0,0,0,0,0,0,0,10,12,DEX,14,,あなたは攻撃した後身を守るため逃げることができる。 ,You can run for your life after hitting something. ,突然、泥棒の気分が分かるようになった。,You suddenly understand how thieves feel.,あちこちへ跳べる気分がなくなった。,You no longer feel jumpy.
378,DAZZLE,-1,-1,眩惑,Dazzle,0,0,0,0,0,0,0,0,0,0,0,0,0,0,0,0,0,0,0,0,0,7,15,CHA,8,,あなたは混乱と盲目を引き起こす放射能を発生することができる。 ,"You can emit confusing, blinding radiation. ",眩い閃光を発する能力を得た。,You gain the ability to emit dazzling lights.,まばゆい閃光を発する能力を失った。,You lose the ability to emit dazzling lights.
379,LASER_EYE,-1,-1,レーザー・アイ,Laser Eye,0,0,0,0,0,0,0,0,0,0,0,0,0,0,0,0,0,0,0,0,0,7,10,WIS,9,,あなたは目からレーザー光線を発射することができる。 ,Your eyes can fire laser beams. ,あなたの目は一瞬焼け付いた。,Your eyes burn for a moment.,眼が少しの間焼き付いて、痛みが和らいだ。,"Your eyes burn for a moment, then feel soothed."
380,RECALL,-1,-1,帰還,Recall,0,0,0,0,0,0,0,0,0,0,0,0,0,0,0,0,0,0,0,0,0,17,50,INT,16,,あなたは街とダンジョンの間を行き来することができる。 ,You can travel between town and the depths. ,少しだけホームシックになったが、すぐ直った。,"You feel briefly homesick, but it passes.",少しの間ホームシックになった。,You feel briefly homesick.
381,BANISH,-1,-1,邪悪消滅,Banish Evil,0,0,0,0,0,0,0,0,0,0,0,0,0,0,0,0,0,0,0,0,0,25,25,WIS,18,,あなたは邪悪なクリーチャーを地獄に落とすことができる。 ,You can send evil creatures directly to Hell. ,神聖な怒りの力に満たされた。,You feel a holy wrath fill you.,神聖な怒りの力を感じなくなった。,You no longer feel a holy wrath.
382,COLD_TOUCH,-1,-1,凍結の手,Cold Touch,0,0,0,0,0,0,0,0,0,0,0,0,0,0,0,0,0,0,0,0,0,2,2,CON,11,,あなたは物を触って凍らせることができる。 ,You can freeze things with a touch. ,あなたの両手はとても冷たくなった。,Your hands get very cold.,手が暖かくなった。,Your hands warm up.
383,LAUNCHER,-1,-1,アイテム投げ,Throw Object,0,0,0,0,0,0,0,0,0,0,0,0,0,0,0,0,0,0,0,0,0,1,10,STR,6,,あなたはアイテムを力強く投げることができる。 ,You can hurl objects with great force. ,あなたの物を投げる手はかなり強くなった気がする。,Your throwing arm feels much stronger.,物を投げる手が弱くなった気がする。,Your throwing arm feels much weaker.
384,BERS_RAGE,-1,-1,未定義,Undefined,0,0,0,0,0,0,0,0,0,0,0,0,0,0,0,0,0,0,0,0,0,0,0,0,0,,あなたは狂戦士化の発作を起こす。 ,You are subject to berserker fits. ,あなたは狂暴化の発作を起こすようになった！,You become subject to fits of berserk rage!,凶暴化の発作にさらされなくなった！,You are no longer subject to fits of berserk rage!
385,COWARDICE,-1,-1,未定義,Undefined,0,0,0,0,0,0,0,0,0,0,0,0,0,0,0,0,0,0,0,0,0,0,0,0,0,,あなたは時々臆病になる。 ,You are subject to cowardice. ,信じられないくらい臆病になった！,You become an incredible coward!,もう信じがたいほど臆病ではなくなった！,You are no longer an incredible coward!
386,RTELEPORT,-1,-1,未定義,Undefined,0,0,0,0,0,0,0,0,0,0,0,0,0,0,0,0,0,0,0,0,0,0,0,0,0,,あなたはランダムにテレポートする。 ,You are teleporting randomly. ,あなたの位置は非常に不確定になった。,Your position seems very uncertain...,あなたの位置はより確定的になった。,Your position seems more certain.
387,ALCOHOL,-1,-1,アルコール分泌,Undefined,0,0,0,0,0,0,0,0,0,0,0,0,0,0,0,0,0,0,0,0,0,0,0,0,0,,あなたの体はアルコールを分泌する。 ,Your body produces alcohol. ,あなたはアルコールを分泌するようになった。,Your body starts producing alcohol!,あなたはアルコールを分泌しなくなった！,Your body stops producing alcohol!
388,HALLU,-1,-1,未定義,Undefined,0,0,0,0,0,0,0,0,0,0,0,0,0,0,0,0,0,0,0,0,0,0,0,0,0,,あなたは幻覚を引き起こす精神錯乱に侵されている。 ,You have a hallucinatory insanity. ,あなたは幻覚を引き起こす精神錯乱に侵された。,You are afflicted by a hallucinatory insanity!,幻覚をひき起こす精神障害を起こさなくなった！,You are no longer afflicted by a hallucinatory insanity!
389,FLATULENT,-1,-1,未定義,Undefined,0,0,0,0,0,0,0,0,0,0,0,0,0,0,0,0,0,0,0,0,0,0,0,0,0,,あなたは制御できない強烈な屁をこく。 ,You are subject to uncontrollable flatulence. ,あなたは制御不能な強烈な屁をこくようになった。,You become subject to uncontrollable flatulence.,もう強烈な屁はこかなくなった。,You are no longer subject to uncontrollable flatulence.
390,SCOR_TAIL,-1,-1,未定義,Undefined,0,0,0,0,0,0,0,0,0,0,0,0,0,0,0,0,0,0,0,0,0,0,0,0,0,,あなたは制御不能な魔法のエネルギーを発している。 ,You are producing magical energy uncontrollably. ,サソリの尻尾が生えてきた！,You grow a scorpion tail!,サソリの尻尾がなくなった！,You lose your scorpion tail!
391,HORNS,-1,-1,未定義,Undefined,0,0,0,0,0,0,0,0,0,0,0,0,0,0,0,0,0,0,0,0,0,0,0,0,0,,あなたはデーモンを引きつける。 ,You attract demons. ,額に角が生えた！,Horns pop forth into your forehead!,額から角が消えた！,Your horns vanish from your forehead!
392,BEAK ,-1,-1,未定義,Undefined,0,0,0,0,0,0,0,0,0,0,0,0,0,0,0,0,0,0,0,0,0,0,0,0,0,,あなたはサソリの尻尾が生えている。(毒、ダメージ 3d7) ,"You have a scorpion tail (poison, 3d7). ",口が鋭く強いクチバシに変化した！,"Your mouth turns into a sharp, powerful beak!",口が普通に戻った！,Your mouth reverts to normal!
393,ATT_DEMON,-1,-1,未定義,Undefined,0,0,0,0,0,0,0,0,0,0,0,0,0,0,0,0,0,0,0,0,0,0,0,0,0,,あなたは角が生えている。(ダメージ 2d6) ,You have horns (dam. 2d6). ,悪魔を引き付けるようになった。,You start attracting demons.,デーモンを引き寄せなくなった。,You stop attracting demons.
394,PROD_MANA,-1,-1,未定義,Undefined,0,0,0,0,0,0,0,0,0,0,0,0,0,0,0,0,0,0,0,0,0,0,0,0,0,,あなたはクチバシが生えている。(ダメージ 2d4) ,You have a beak (dam. 2d4). ,あなたは制御不能な魔法のエネルギーを発生するようになった。,You start producing magical energy uncontrollably.,制御不能な魔法のエネルギーを発生しなくなった。,You stop producing magical energy uncontrollably.
395,SPEED_FLUX,-1,-1,未定義,Undefined,0,0,0,0,0,0,0,0,0,0,0,0,0,0,0,0,0,0,0,0,0,0,0,0,0,,あなたはランダムに早く動いたり遅く動いたりする。 ,You move faster or slower randomly. ,あなたは躁鬱質になった。,You become manic-depressive.,躁鬱質でなくなった。,You are no longer manic-depressive.
396,BANISH_ALL,-1,-1,未定義,Undefined,0,0,0,0,0,0,0,0,0,0,0,0,0,0,0,0,0,0,0,0,0,0,0,0,0,,あなたは時々近くのクリーチャーを消滅させる。 ,You sometimes cause nearby creatures to vanish. ,恐ろしい力があなたの背後に潜んでいる気がする。,You feel a terrifying power lurking behind you.,背後に恐ろしい力を感じなくなった。,You no longer feel a terrifying power lurking behind you.
397,EAT_LIGHT,-1,-1,未定義,Undefined,0,0,0,0,0,0,0,0,0,0,0,0,0,0,0,0,0,0,0,0,0,0,0,0,0,,あなたは時々周囲の光を吸収して栄養にする。 ,You sometimes feed off of the light around you. ,あなたはウンゴリアントに奇妙な親しみを覚えるようになった。,You feel a strange kinship with Ungoliant.,世界が明るいと感じる。,You feel the world's a brighter place.
398,TRUNK,-1,-1,未定義,Undefined,0,0,0,0,0,0,0,0,0,0,0,0,0,0,0,0,0,0,0,0,0,0,0,0,0,,あなたは象のような鼻を持っている。(ダメージ 1d4) ,You have an elephantine trunk (dam 1d4). ,あなたの鼻は伸びて象の鼻のようになった。,Your nose grows into an elephant-like trunk.,鼻が普通の長さに戻った。,Your nose returns to a normal length.
399,ATT_ANIMAL,-1,-1,未定義,Undefined,0,0,0,0,0,0,0,0,0,0,0,0,0,0,0,0,0,0,0,0,0,0,0,0,0,,あなたは動物を引きつける。 ,You attract animals. ,動物を引き付けるようになった。,You start attracting animals.,動物を引き寄せなくなった。,You stop attracting animals.
400,TENTACLES,-1,-1,未定義,Undefined,0,0,0,0,0,0,0,0,0,0,0,0,0,0,0,0,0,0,0,0,0,0,0,0,0,,あなたは邪悪な触手を持っている。(ダメージ 2d5) ,You have evil looking tentacles (dam 2d5). ,邪悪な触手が体の両側に生えてきた。,Evil-looking tentacles sprout from your sides.,触手が消えた。,Your tentacles vanish from your sides.
401,RAW_CHAOS,-1,-1,純ログルスの囲繞,Undefined,0,0,0,0,0,0,0,0,0,0,0,0,0,0,0,0,0,0,0,0,0,0,0,0,0,,あなたはしばしば純カオスに包まれる。 ,You occasionally are surrounded with raw chaos. ,周囲の空間が不安定になった気がする。,You feel the universe is less stable around you.,周囲の空間が安定した気がする。,You feel the universe is more stable around you.
402,NORMALITY,-1,-1,変異特性の漸次喪失,Undefined,0,0,0,0,0,0,0,0,0,0,0,0,0,0,0,0,0,0,0,0,0,0,0,0,0,,あなたは変異していたが、回復してきている。 ,"You may be mutated, but you're recovering. ",あなたは奇妙なほど普通になった気がする。,You feel strangely normal.,普通に奇妙な感じがする。,You feel normally strange.
403,WRAITH,-1,-1,未定義,Undefined,0,0,0,0,0,0,0,0,0,0,0,0,0,0,0,0,0,0,0,0,0,0,0,0,0,,あなたの肉体は幽体化したり実体化したりする。 ,You fade in and out of physical reality. ,あなたは幽体化したり実体化したりするようになった。,You start to fade in and out of the physical world.,あなたは物質世界にしっかり存在している。,You are firmly in the physical world.
404,POLY_WOUND,-1,-1,未定義,Undefined,0,0,0,0,0,0,0,0,0,0,0,0,0,0,0,0,0,0,0,0,0,0,0,0,0,,あなたの健康はカオスの力に影響を受ける。 ,Your health is subject to chaotic forces. ,あなたはカオスの力が古い傷に入り込んでくるのを感じた。,You feel forces of chaos entering your old scars.,古い傷からカオスの力が去っていった。,You feel forces of chaos departing your old scars.
405,WASTING,-1,-1,未定義,Undefined,0,0,0,0,0,0,0,0,0,0,0,0,0,0,0,0,0,0,0,0,0,0,0,0,0,,あなたは衰弱する恐ろしい病気にかかっている。 ,You have a horrible wasting disease. ,あなたは突然おぞましい衰弱病にかかった。,You suddenly contract a horrible wasting disease.,おぞましい衰弱病が治った！,You are cured of the horrible wasting disease!
406,ATT_DRAGON,-1,-1,未定義,Undefined,0,0,0,0,0,0,0,0,0,0,0,0,0,0,0,0,0,0,0,0,0,0,0,0,0,,あなたはドラゴンを引きつける。 ,You attract dragons. ,あなたはドラゴンを引きつけるようになった。,You start attracting dragons.,ドラゴンを引き寄せなくなった。,You stop attracting dragons.
407,EXPANDING_MIND,-1,-1,未定義,Undefined,0,0,0,0,0,0,0,0,0,0,0,0,0,0,0,0,0,0,0,0,0,0,0,0,0,,あなたの精神はランダムに拡大したり縮小したりしている。 ,Your mind randomly expands and contracts. ,あなたの思考は突然おかしな方向に向き始めた。,Your thoughts suddenly take off in strange directions.,思考が退屈な方向に戻った。,Your thoughts return to boring paths.
408,NAUSEA,-1,-1,未定義,Undefined,0,0,0,0,0,0,0,0,0,0,0,0,0,0,0,0,0,0,0,0,0,0,0,0,0,,あなたの胃は非常に落ち着きがない。 ,You have a seriously upset stomach. ,胃袋がピクピクしはじめた。,Your stomach starts to roil nauseously.,胃が痙攣しなくなった。,Your stomach stops roiling.
409,CHAOS_GIFT,-1,-1,未定義,Undefined,0,0,0,0,0,0,0,0,0,0,0,0,0,0,0,0,0,0,0,0,0,0,0,0,0,,あなたはカオスの守護悪魔から褒美をうけとる。 ,Chaos deities give you gifts. ,あなたはカオスの守護悪魔の注意を惹くようになった。,You attract the notice of a chaos deity!,混沌の神々の興味を惹かなくなった。,You lose the attention of the chaos deities.
410,WALK_SHAD,-1,-1,未定義,Undefined,0,0,0,0,0,0,0,0,0,0,0,0,0,0,0,0,0,0,0,0,0,0,0,0,0,,あなたはしばしば他の「影」に迷い込む。 ,You occasionally stumble into other shadows. ,あなたは現実が紙のように薄いと感じるようになった。,You feel like reality is as thin as paper.,物質世界に捕らわれている気がする。,You feel like you're trapped in reality.
411,WARNING,-1,-1,未定義,Undefined,0,0,0,0,0,0,0,0,0,0,0,0,0,0,0,0,0,0,0,0,0,0,0,0,0,,あなたは敵に関する警告を感じる。 ,You receive warnings about your foes. ,あなたは突然パラノイアになった気がする。,You suddenly feel paranoid.,パラノイアでなくなった。,You no longer feel paranoid.
412,INVULN,-1,-1,未定義,Undefined,0,0,0,0,0,0,0,0,0,0,0,0,0,0,0,0,0,0,0,0,0,0,0,0,0,,あなたは時々負け知らずな気分になる。 ,You occasionally feel invincible. ,あなたは祝福され、無敵状態になる発作を起こすようになった。,You are blessed with fits of invulnerability.,無敵状態の発作を起こさなくなった。,You are no longer blessed with fits of invulnerability.
413,SP_TO_HP_PASSIVE,-1,-1,自然魔力治癒,Undefined,0,0,0,0,0,0,0,0,0,0,0,0,0,0,0,0,0,0,0,0,0,0,0,0,0,,あなたは時々血が筋肉にどっと流れる。 ,Your blood sometimes rushes to your muscles. ,魔法の治癒の発作を起こすようになった。,You are subject to fits of magical healing.,魔法の治癒の発作に襲われなくなった。,You are no longer subject to fits of magical healing.
414,HP_TO_SP_PASSIVE,-1,-1,苦痛による意識明瞭,Undefined,0,0,0,0,0,0,0,0,0,0,0,0,0,0,0,0,0,0,0,0,0,0,0,0,0,,あなたは時々頭に血がどっと流れる。 ,Your blood sometimes rushes to your head. ,痛みを伴う精神明瞭化の発作を起こすようになった。,You are subject to fits of painful clarity.,痛みを伴う精神明瞭化の発作に襲われなくなった。,You are no longer subject to fits of painful clarity.
415,DISARM,-1,-1,異常に長い脚,Undefined,0,0,0,0,0,0,0,0,0,0,0,0,0,0,0,0,0,0,0,0,0,0,0,0,0,,あなたはよくつまづいて物を落とす。 ,You occasionally stumble and drop things. ,あなたの脚は長さが四倍になった。,Your feet grow to four times their former size.,脚が元の大きさに戻った。,Your feet shrink to their former size.
416,HYPER_STR,-1,-1,超人的な力,Hyper Strength,0,4,0,0,0,0,0,0,0,0,0,0,0,0,0,0,0,0,0,0,0,0,0,0,0,,あなたは超人的に強い。(腕力+4) ,You are superhumanly strong (+4 STR). ,超人的に強くなった！,You turn into a superhuman he-man!,筋肉が普通に戻った。,Your muscles revert to normal.
417,PUNY,-1,-1,未定義,Undefined,0,-4,0,0,0,0,0,0,0,0,0,0,0,0,0,0,0,0,0,0,0,0,0,0,0,,あなたは虚弱だ。(腕力-4) ,You are puny (-4 STR). ,筋肉が弱ってしまった...,Your muscles wither away...,筋肉が普通に戻った。,Your muscles revert to normal.
418,HYPER_INT,-1,-1,未定義,Undefined,0,0,4,4,0,0,0,0,0,0,0,0,0,0,0,0,0,0,0,0,0,0,0,0,0,,あなたの脳は生体コンピュータだ。(知能＆賢さ+4) ,Your brain is a living computer (+4 INT/WIS). ,あなたの脳は生体コンピュータに進化した！,Your brain evolves into a living computer!,脳が普通に戻った。,Your brain reverts to normal.
419,MORONIC,-1,-1,未定義,Undefined,0,0,-4,-4,0,0,0,0,0,0,0,0,0,0,0,0,0,0,0,0,0,0,0,0,0,,あなたは精神薄弱だ。(知能＆賢さ-4) ,You are moronic (-4 INT/WIS). ,脳が萎縮してしまった...,Your brain withers away...,脳が普通に戻った。,Your brain reverts to normal.
420,RESILIENT,-1,-1,並外れた頑健さ,Undefined,0,0,0,0,0,4,0,0,0,0,0,0,0,0,0,0,0,0,0,0,0,0,0,0,0,,あなたの体は弾力性に富んでいる。(耐久+4) ,You are very resilient (+4 CON). ,並外れてタフになった。,You become extraordinarily resilient.,普通の丈夫さに戻った。,You become ordinarily resilient again.
421,XTRA_FAT,-1,-1,異常な肥満,Undefined,0,0,0,0,0,2,0,0,0,0,0,0,0,0,0,0,0,0,0,0,-2,0,0,0,0,,"あなたは極端に太っている。(耐久+2,スピード-2) ","You are extremely fat (+2 CON, -2 speed). ",あなたは気持ち悪いくらい太った！,You become sickeningly fat!,奇跡的なダイエットに成功した！,You benefit from a miracle diet!
422,ALBINO,-1,-1,アルビノ,Albino,0,0,0,0,0,-4,0,0,0,0,0,0,0,0,0,0,0,0,0,0,0,0,0,0,0,,あなたはアルビノだ。(耐久-4) ,You are albino (-4 CON). ,アルビノになった！弱くなった気がする...,You turn into an albino! You feel frail...,アルビノでなくなった！,You are no longer an albino!
423,FLESH_ROT,-1,-1,腐り行く肉体,Undefined,0,0,0,0,0,-2,-1,0,0,0,0,0,0,0,0,0,0,0,0,0,0,0,0,0,0,,"あなたの肉体は腐敗している。(耐久-2,魅力-1) ","Your flesh is rotting (-2 CON, -1 CHR). ",あなたの肉体は腐敗する病気に侵された！,Your flesh is afflicted by a rotting disease!,肉体を腐敗させる病気が治った！,Your flesh is no longer afflicted by a rotting disease!
424,SILLY_VOI,-1,-1,間抜けな声色,Undefined,0,0,0,0,0,0,-4,0,0,0,0,0,0,0,0,0,0,0,0,0,0,0,0,0,0,,あなたの声は間抜けなキーキー声だ。(魅力-4) ,Your voice is a silly squeak (-4 CHR). ,声が間抜けなキーキー声になった！,Your voice turns into a ridiculous squeak!,声質が普通に戻った。,Your voice returns to normal.
425,BLANK_FAC,-1,-1,のっぺらぼう,Undefined,0,0,0,0,0,0,-1,0,0,0,0,0,0,0,0,0,0,0,0,0,0,0,0,0,0,,あなたはのっぺらぼうだ。(魅力-1) ,Your face is featureless (-1 CHR). ,のっぺらぼうになった！,Your face becomes completely featureless!,顔に目鼻が戻った。,Your facial features return.
426,ILL_NORM,-1,-1,未定義,Undefined,0,0,0,0,0,0,0,0,0,0,0,0,0,0,0,0,0,0,0,0,0,0,0,0,0,,あなたは幻影に覆われている。 ,Your appearance is masked with illusion. ,心の安らぐ幻影を映し出すようになった。,You start projecting a reassuring image.,心が安らぐ幻影を映し出さなくなった。,You stop projecting a reassuring image.
427,XTRA_EYES,-1,-1,余分な二つの眼,Undefined,0,0,0,0,0,0,0,0,0,0,0,0,0,15,15,0,0,0,0,0,0,0,0,0,0,,あなたは余分に二つの目を持っている。(探索+15) ,You have an extra pair of eyes (+15 search). ,新たに二つの目が出来た！,You grow an extra pair of eyes!,余分な目が消えてしまった！,Your extra eyes vanish!
428,MAGIC_RES,-1,-1,魔法抵抗,Undefined,0,0,0,0,0,0,0,0,0,15,15,15,0,0,0,0,0,0,0,0,0,0,0,0,0,,あなたは魔法への耐性をもっている。 ,You are resistant to magic. ,魔法への耐性がついた。,You become resistant to magic.,魔法に弱くなった。,You become susceptible to magic again.
429,XTRA_NOIS,-1,-1,奇妙な音,Undefined,0,0,0,0,0,0,0,0,0,0,0,0,-3,0,0,0,0,0,0,0,0,0,0,0,0,,あなたは変な音を発している。(隠密-3) ,You make a lot of strange noise (-3 stealth). ,あなたは奇妙な音を立て始めた！,You start making strange noise!,奇妙な音を立てなくなった！,You stop making strange noise!
430,INFRAVIS,-1,-1,赤外線視覚,Undefined,0,0,0,0,0,0,0,0,0,0,0,0,0,0,0,0,0,3,0,0,0,0,0,0,0,,あなたは素晴らしい赤外線視力を持っている。(+3) ,You have remarkable infravision (+3). ,赤外線視力が増した。,Your infravision is improved.,赤外線視力が落ちた。,Your infravision is degraded.
431,XTRA_LEGS,-1,-1,余分な二本の足,Undefined,0,0,0,0,0,0,0,0,0,0,0,0,0,0,0,0,0,0,0,0,3,0,0,0,0,,あなたは余分に二本の足が生えている。(加速+3) ,You have an extra pair of legs (+3 speed). ,新たに二本の足が生えてきた！,You grow an extra pair of legs!,余分な脚が消えてしまった！,Your extra legs disappear!
432,SHORT_LEG,-1,-1,短い突起の足,Undefined,0,0,0,0,0,0,0,0,0,0,0,0,0,0,0,0,0,0,0,0,-3,0,0,0,0,,あなたの足は短い突起だ。(加速-3) ,Your legs are short stubs (-3 speed). ,足が短い突起になってしまった！,Your legs turn into short stubs!,脚の長さが普通に戻った。,Your legs lengthen to normal.
433,ELEC_TOUC,-1,-1,未定義,Undefined,0,0,0,0,0,0,0,0,0,0,0,0,0,0,0,0,0,0,0,0,0,0,0,0,0,,あなたの血管には電流が流れている。 ,Electricity is running through your veins. ,血管を電流が流れ始めた！,Electricity starts running through you!,体を電流が流れなくなった。,Electricity stops running through you.
434,FIRE_BODY,-1,-1,未定義,Undefined,0,0,0,0,0,0,0,0,0,0,0,0,0,0,0,0,0,0,0,0,0,0,0,0,0,,あなたの体は炎につつまれている。 ,Your body is enveloped in flames. ,あなたの体は炎につつまれている。,Your body is enveloped in flames!,体が炎に包まれなくなった。,Your body is no longer enveloped in flames.
435,WART_SKIN,-1,-1,未定義,Undefined,0,0,0,0,0,0,0,0,0,0,0,0,0,0,0,0,0,0,0,0,0,0,0,0,0,,"あなたの肌はイボに被われている。(魅力-2, AC+5) ","Your skin is covered with warts (-2 CHR, +5 AC). ",気持ち悪いイボイボが体中にできた！,Disgusting warts appear everywhere on you!,イボイボが消えた！,Your warts disappear!
436,SCALES,-1,-1,未定義,Undefined,0,0,0,0,0,0,0,0,0,0,0,0,0,0,0,0,0,0,0,0,0,0,0,0,0,,"あなたの肌は鱗になっている。(魅力-1, AC+10) ","Your skin has turned into scales (-1 CHR, +10 AC). ",肌が黒い鱗に変わった！,Your skin turns into black scales!,鱗が消えた！,Your scales vanish!
437,IRON_SKIN,-1,-1,未定義,Undefined,0,0,0,0,0,0,0,0,0,0,0,0,0,0,0,0,0,0,0,0,0,0,0,0,0,,"あなたの肌は鉄でできている。(器用-1, AC+25) ","Your skin is made of steel (-1 DEX, +25 AC). ",あなたの肌は鉄になった！,Your skin turns to steel!,肌が肉にもどった！,Your skin reverts to flesh!
438,WINGS,-1,-1,未定義,Undefined,0,0,0,0,0,0,0,0,0,0,0,0,0,0,0,0,0,0,0,0,0,0,0,0,0,,あなたは羽を持っている。 ,You have wings. ,背中に羽が生えた。,You grow a pair of wings.,背中の羽根が取れ落ちた。,Your wings fall off.
439,FEARLESS,-1,-1,恐れ知らず,Fearless,0,0,0,0,0,0,0,0,0,0,0,0,0,0,0,0,0,0,0,0,0,0,0,0,0,,あなたは全く恐怖を感じない。 ,You are completely fearless. ,完全に怖れ知らずになった。,You become completely fearless.,再び恐怖を感じるようになった。,You begin to feel fear again.
440,XXX0440,-1,-1,未定義,Undefined,0,0,0,0,0,0,0,0,0,0,0,0,0,0,0,0,0,0,0,0,0,0,0,0,0,,,,,,,
441,ESP,-1,-1,テレパシー,Telepathy,0,0,0,0,0,0,0,0,0,0,0,0,0,0,0,0,0,0,0,0,0,0,0,0,0,,あなたはテレパシーを持っている。 ,You are telepathic. ,テレパシーの能力を得た！,You develop a telepathic ability!,テレパシーの能力を失った！,You lose your telepathic ability!
442,LIMBER,-1,-1,未定義,Undefined,0,0,0,0,0,0,0,0,0,0,0,0,0,0,0,0,0,0,0,0,0,0,0,0,0,,あなたの体は非常にしなやかだ。(器用+3) ,Your body is very limber (+3 DEX). ,筋肉がしなやかになった。,Your muscles become limber.,筋肉が硬くなった。,Your muscles stiffen.
443,ARTHRITIS,-1,-1,未定義,Undefined,0,0,0,0,0,0,0,0,0,0,0,0,0,0,0,0,0,0,0,0,0,0,0,0,0,,あなたはいつも関節に痛みを感じている。(器用-3) ,Your joints ache constantly (-3 DEX). ,関節が突然痛み出した。,Your joints suddenly hurt.,関節が痛くなくなった。,Your joints stop hurting.
444,BAD_LUCK,-1,-1,未定義,Undefined,0,0,0,0,0,0,0,0,0,0,0,0,0,0,0,0,0,0,0,0,0,0,0,0,0,,あなたは元素の攻撃に弱い。 ,You are susceptible to damage from the elements. ,悪意に満ちた黒いオーラがあなたをとりまいた...,There is a malignant black aura surrounding you...,黒いオーラは渦巻いて消えた。,Your black aura swirls and fades.
445,VULN_ELEM,-1,-1,未定義,Undefined,0,0,0,0,0,0,0,0,0,0,0,0,0,0,0,0,0,0,0,0,0,0,0,0,0,,あなたの動作は正確で力強い。(隠密+1) ,Your movements are precise and forceful (+1 STL). ,妙に無防備になった気がする。,You feel strangely exposed.,無防備な感じはなくなった。,You feel less exposed.
446,MOTION,-1,-1,未定義,Undefined,0,0,0,0,0,0,0,0,0,0,0,0,0,0,0,0,0,0,0,0,0,0,0,0,0,,,,体の動作がより正確になった。,You move with new assurance.,動作の正確さがなくなった。,You move with less assurance.
447,GOOD_LUCK,-1,-1,未定義,Undefined,0,0,0,0,0,0,0,0,0,0,0,0,0,0,0,0,0,0,0,0,0,0,0,0,0,,あなたは白いオーラにつつまれている。 ,There is a white aura surrounding you. ,慈悲深い白いオーラがあなたをとりまいた...,There is a benevolent white aura surrounding you...,白いオーラは輝いて消えた。,Your white aura shimmers and fades.
448,FIRE_BRAND,-1,-1,焼棄攻撃,Undefined,0,0,0,0,0,0,0,0,0,0,0,0,0,0,0,0,0,0,0,0,0,0,0,0,0,,,,眼が幻惑的になった...,Your eyes look mesmerizing...,,
449,COLD_BRAND,-1,-1,冷凍攻撃,Undefined,0,0,0,0,0,0,0,0,0,0,0,0,0,0,0,0,0,0,0,0,0,0,0,0,0,,,,角が額から生えてきた！,Horns pop forth into your forehead!,,
450,ELEC_BRAND,-1,-1,電撃攻撃,Undefined,0,0,0,0,0,0,0,0,0,0,0,0,0,0,0,0,0,0,0,0,0,0,0,0,0,,,,声質がかなり強くなった。,Your vocal cords get much tougher.,,
451,ACID_BRAND,-1,-1,溶解攻撃,Undefined,0,0,0,0,0,0,0,0,0,0,0,0,0,0,0,0,0,0,0,0,0,0,0,0,0,,,,あなたの肉体は変化できるようになった、,Your body seems mutable.,,
452,POIS_BRAND,-1,-1,毒殺攻撃,Undefined,0,0,0,0,0,0,0,0,0,0,0,0,0,0,0,0,0,0,0,0,0,0,0,0,0,,,,邪悪な触手が口の周りに生えた。,Evil-looking tentacles sprout from your mouth.,,
453,SUSTAIN_STR,-1,-1,腕力維持,Undefined,0,0,0,0,0,0,0,0,0,0,0,0,0,0,0,0,0,0,0,0,0,0,0,0,0,,あなたの腕力は維持されている。,Your strength is sustained.,,,,
454,SUSTAIN_INT,-1,-1,知能維持,Undefined,0,0,0,0,0,0,0,0,0,0,0,0,0,0,0,0,0,0,0,0,0,0,0,0,0,,あなたの知力は維持されている。,Your intelligence is sustained.,,,,
455,SUSTAIN_WIS,-1,-1,賢さ維持,Undefined,0,0,0,0,0,0,0,0,0,0,0,0,0,0,0,0,0,0,0,0,0,0,0,0,0,,あなたの賢さは維持されている。,Your wisdom is sustained.,,,,
456,SUSTAIN_DEX,-1,-1,器用維持,Undefined,0,0,0,0,0,0,0,0,0,0,0,0,0,0,0,0,0,0,0,0,0,0,0,0,0,,あなたの器用さは維持されている。,Your dexterity is sustained.,,,,
457,SUSTAIN_CON,-1,-1,耐久維持,Undefined,0,0,0,0,0,0,0,0,0,0,0,0,0,0,0,0,0,0,0,0,0,0,0,0,0,,あなたの耐久力は維持されている。,Your constitution is sustained.,,,,
458,SUSTAIN_CHR,-1,-1,魅力維持,Undefined,0,0,0,0,0,0,0,0,0,0,0,0,0,0,0,0,0,0,0,0,0,0,0,0,0,,あなたの魅力は維持されている。,Your charisma is sustained.,,,,
459,SEE_INVISIBLE,-1,-1,透明視,Undefined,0,0,0,0,0,0,0,0,0,0,0,0,0,0,0,0,0,0,0,0,0,0,0,0,0,,,,,,,
460,XXX0460,-1,-1,未定義,Undefined,0,0,0,0,0,0,0,0,0,0,0,0,0,0,0,0,0,0,0,0,0,0,0,0,0,,,,,,,
461,XXX0461,-1,-1,未定義,Undefined,0,0,0,0,0,0,0,0,0,0,0,0,0,0,0,0,0,0,0,0,0,0,0,0,0,,,,,,,
462,XXX0462,-1,-1,未定義,Undefined,0,0,0,0,0,0,0,0,0,0,0,0,0,0,0,0,0,0,0,0,0,0,0,0,0,,,,,,,
463,XXX0463,-1,-1,未定義,Undefined,0,0,0,0,0,0,0,0,0,0,0,0,0,0,0,0,0,0,0,0,0,0,0,0,0,,,,,,,
464,XXX0464,-1,-1,未定義,Undefined,0,0,0,0,0,0,0,0,0,0,0,0,0,0,0,0,0,0,0,0,0,0,0,0,0,,,,,,,
465,XXX0465,-1,-1,未定義,Undefined,0,0,0,0,0,0,0,0,0,0,0,0,0,0,0,0,0,0,0,0,0,0,0,0,0,,,,,,,
466,XXX0466,-1,-1,未定義,Undefined,0,0,0,0,0,0,0,0,0,0,0,0,0,0,0,0,0,0,0,0,0,0,0,0,0,,,,,,,
467,XXX0467,-1,-1,未定義,Undefined,0,0,0,0,0,0,0,0,0,0,0,0,0,0,0,0,0,0,0,0,0,0,0,0,0,,,,,,,
468,XXX0468,-1,-1,未定義,Undefined,0,0,0,0,0,0,0,0,0,0,0,0,0,0,0,0,0,0,0,0,0,0,0,0,0,,,,,,,
469,XXX0469,-1,-1,未定義,Undefined,0,0,0,0,0,0,0,0,0,0,0,0,0,0,0,0,0,0,0,0,0,0,0,0,0,,,,,,,
470,XXX0470,-1,-1,未定義,Undefined,0,0,0,0,0,0,0,0,0,0,0,0,0,0,0,0,0,0,0,0,0,0,0,0,0,,,,,,,
471,XXX0471,-1,-1,未定義,Undefined,0,0,0,0,0,0,0,0,0,0,0,0,0,0,0,0,0,0,0,0,0,0,0,0,0,,,,,,,
472,XXX0472,-1,-1,未定義,Undefined,0,0,0,0,0,0,0,0,0,0,0,0,0,0,0,0,0,0,0,0,0,0,0,0,0,,,,,,,
473,XXX0473,-1,-1,未定義,Undefined,0,0,0,0,0,0,0,0,0,0,0,0,0,0,0,0,0,0,0,0,0,0,0,0,0,,,,,,,
474,XXX0474,-1,-1,未定義,Undefined,0,0,0,0,0,0,0,0,0,0,0,0,0,0,0,0,0,0,0,0,0,0,0,0,0,,,,,,,
475,XXX0475,-1,-1,未定義,Undefined,0,0,0,0,0,0,0,0,0,0,0,0,0,0,0,0,0,0,0,0,0,0,0,0,0,,,,,,,
476,XXX0476,-1,-1,未定義,Undefined,0,0,0,0,0,0,0,0,0,0,0,0,0,0,0,0,0,0,0,0,0,0,0,0,0,,,,,,,
477,XXX0477,-1,-1,未定義,Undefined,0,0,0,0,0,0,0,0,0,0,0,0,0,0,0,0,0,0,0,0,0,0,0,0,0,,,,,,,
478,XXX0478,-1,-1,未定義,Undefined,0,0,0,0,0,0,0,0,0,0,0,0,0,0,0,0,0,0,0,0,0,0,0,0,0,,,,,,,
479,XXX0479,-1,-1,未定義,Undefined,0,0,0,0,0,0,0,0,0,0,0,0,0,0,0,0,0,0,0,0,0,0,0,0,0,,,,,,,
480,SEX_REVERSE,-1,-1,性別反転,Undefined,0,0,0,0,0,0,0,0,0,0,0,0,0,0,0,0,0,0,0,0,0,0,0,0,0,,,,,,,
481,INTERSEX,-1,-1,両性,Undefined,0,0,0,0,0,0,0,0,0,0,0,0,0,0,0,0,0,0,0,0,0,0,0,0,0,,,,,,,
482,NOSEX,-1,-1,無性,Undefined,0,0,0,0,0,0,0,0,0,0,0,0,0,0,0,0,0,0,0,0,0,0,0,0,0,,,,,,,
483,HOMOSEXUAL,-1,-1,同性愛者,Undefined,0,0,0,0,0,0,0,0,0,0,0,0,0,0,0,0,0,0,0,0,0,0,0,0,0,,あなたは同性愛者だ。,,,,,
484,BISEXUAL,-1,-1,両性愛者,Undefined,0,0,0,0,0,0,0,0,0,0,0,0,0,0,0,0,0,0,0,0,0,0,0,0,0,,あなたは両性愛者だ。,,,,,
485,XXX0485,-1,-1,未定義,Undefined,0,0,0,0,0,0,0,0,0,0,0,0,0,0,0,0,0,0,0,0,0,0,0,0,0,,,,,,,
486,XXX0486,-1,-1,未定義,Undefined,0,0,0,0,0,0,0,0,0,0,0,0,0,0,0,0,0,0,0,0,0,0,0,0,0,,,,,,,
487,XXX0487,-1,-1,未定義,Undefined,0,0,0,0,0,0,0,0,0,0,0,0,0,0,0,0,0,0,0,0,0,0,0,0,0,,,,,,,
488,XXX0488,-1,-1,未定義,Undefined,0,0,0,0,0,0,0,0,0,0,0,0,0,0,0,0,0,0,0,0,0,0,0,0,0,,,,,,,
489,XXX0489,-1,-1,未定義,Undefined,0,0,0,0,0,0,0,0,0,0,0,0,0,0,0,0,0,0,0,0,0,0,0,0,0,,,,,,,
490,XXX0490,-1,-1,未定義,Undefined,0,0,0,0,0,0,0,0,0,0,0,0,0,0,0,0,0,0,0,0,0,0,0,0,0,,,,,,,
491,XXX0491,-1,-1,未定義,Undefined,0,0,0,0,0,0,0,0,0,0,0,0,0,0,0,0,0,0,0,0,0,0,0,0,0,,,,,,,
492,XXX0492,-1,-1,未定義,Undefined,0,0,0,0,0,0,0,0,0,0,0,0,0,0,0,0,0,0,0,0,0,0,0,0,0,,,,,,,
493,XXX0493,-1,-1,未定義,Undefined,0,0,0,0,0,0,0,0,0,0,0,0,0,0,0,0,0,0,0,0,0,0,0,0,0,,,,,,,
494,XXX0494,-1,-1,未定義,Undefined,0,0,0,0,0,0,0,0,0,0,0,0,0,0,0,0,0,0,0,0,0,0,0,0,0,,,,,,,
495,XXX0495,-1,-1,未定義,Undefined,0,0,0,0,0,0,0,0,0,0,0,0,0,0,0,0,0,0,0,0,0,0,0,0,0,,,,,,,
496,XXX0496,-1,-1,未定義,Undefined,0,0,0,0,0,0,0,0,0,0,0,0,0,0,0,0,0,0,0,0,0,0,0,0,0,,,,,,,
497,XXX0497,-1,-1,未定義,Undefined,0,0,0,0,0,0,0,0,0,0,0,0,0,0,0,0,0,0,0,0,0,0,0,0,0,,,,,,,
498,XXX0498,-1,-1,未定義,Undefined,0,0,0,0,0,0,0,0,0,0,0,0,0,0,0,0,0,0,0,0,0,0,0,0,0,,,,,,,
499,XXX0499,-1,-1,未定義,Undefined,0,0,0,0,0,0,0,0,0,0,0,0,0,0,0,0,0,0,0,0,0,0,0,0,0,,,,,,,
500,XXX0500,-1,-1,未定義,Undefined,0,0,0,0,0,0,0,0,0,0,0,0,0,0,0,0,0,0,0,0,0,0,0,0,0,,,,,,,
501,XXX0501,-1,-1,未定義,Undefined,0,0,0,0,0,0,0,0,0,0,0,0,0,0,0,0,0,0,0,0,0,0,0,0,0,,,,,,,
502,XXX0502,-1,-1,未定義,Undefined,0,0,0,0,0,0,0,0,0,0,0,0,0,0,0,0,0,0,0,0,0,0,0,0,0,,,,,,,
503,XXX0503,-1,-1,未定義,Undefined,0,0,0,0,0,0,0,0,0,0,0,0,0,0,0,0,0,0,0,0,0,0,0,0,0,,,,,,,
504,XXX0504,-1,-1,未定義,Undefined,0,0,0,0,0,0,0,0,0,0,0,0,0,0,0,0,0,0,0,0,0,0,0,0,0,,,,,,,
505,XXX0505,-1,-1,未定義,Undefined,0,0,0,0,0,0,0,0,0,0,0,0,0,0,0,0,0,0,0,0,0,0,0,0,0,,,,,,,
506,XXX0506,-1,-1,未定義,Undefined,0,0,0,0,0,0,0,0,0,0,0,0,0,0,0,0,0,0,0,0,0,0,0,0,0,,,,,,,
507,XXX0507,-1,-1,未定義,Undefined,0,0,0,0,0,0,0,0,0,0,0,0,0,0,0,0,0,0,0,0,0,0,0,0,0,,,,,,,
508,XXX0508,-1,-1,未定義,Undefined,0,0,0,0,0,0,0,0,0,0,0,0,0,0,0,0,0,0,0,0,0,0,0,0,0,,,,,,,
509,XXX0509,-1,-1,未定義,Undefined,0,0,0,0,0,0,0,0,0,0,0,0,0,0,0,0,0,0,0,0,0,0,0,0,0,,,,,,,
510,XXX0510,-1,-1,未定義,Undefined,0,0,0,0,0,0,0,0,0,0,0,0,0,0,0,0,0,0,0,0,0,0,0,0,0,,,,,,,
511,XXX0511,-1,-1,未定義,Undefined,0,0,0,0,0,0,0,0,0,0,0,0,0,0,0,0,0,0,0,0,0,0,0,0,0,,,,,,,
512,SWORD_DANCING,-1,-1,剣舞,Sword Dancing,0,0,0,0,0,0,0,0,0,0,0,0,0,0,0,0,0,0,0,0,0,40,75,DEX,35,,あなたはランダムな方向に対して数回攻撃することができる。(75 MP),You can attack some random directions at a time (cost 75).,,,,
513,STOP_HEX,-1,-1,呪術の停止,Stop Hex,0,0,0,0,0,0,0,0,0,0,0,0,0,0,0,0,0,0,0,0,0,1,0,INT,0,,,,,,,
514,BLESS_WEAPON,-1,-1,武器の祝福,Bless Weapon,0,0,0,0,0,0,0,0,0,0,0,0,0,0,0,0,0,0,0,0,0,35,70,WIS,50,,あなたは武器を祝福することができる。(70 MP),You can bless a weapon (cost 70).,,,,
515,EVOCATION,-1,-1,召魂,Evocation,0,0,0,0,0,0,0,0,0,0,0,0,0,0,0,0,0,0,0,0,0,42,40,WIS,35,,,,,,,
516,SCAN_CREATURE,-1,-1,クリーチャー調査,Scan Creature,0,0,0,0,0,0,0,0,0,0,0,0,0,0,0,0,0,0,0,0,0,15,20,INT,12,,あなたは怪物を調査することができる。(20 MP),You can prove creatures (cost 20).,,,,
517,HOLY_LANCE,-1,-1,ホーリー・ランス,Holy Lance,0,0,0,0,0,0,0,0,0,0,0,0,0,0,0,0,0,0,0,0,0,30,30,WIS,30,,あなたは聖なる槍を放つことができる。(30 MP),You can fires a holy spear (cost 30).,,,,
518,HELL_LANCE,-1,-1,ヘル・ランス,Hell Lance,0,0,0,0,0,0,0,0,0,0,0,0,0,0,0,0,0,0,0,0,0,30,30,WIS,30,,あなたは生命力を減少させる槍を放つことができる。(30 MP),You can fires a spear which drains vitality (cost 30).,,,,
519,HP_TO_SP_ACTIVE,-1,-1,HPからMPへの変換,Convert HP to SP,0,0,0,0,0,0,0,0,0,0,0,0,0,0,0,0,0,0,0,0,0,25,0,INT,10,,あなたはＨＰをＭＰに変換することができる。(0 MP),You can convert HP to SP (cost 0).,,,,
520,SP_TO_HP_ACTIVE,-1,-1,MPからHPへの変換,Convert SP to HP,0,0,0,0,0,0,0,0,0,0,0,0,0,0,0,0,0,0,0,0,0,25,0,INT,10,,あなたはＭＰをＨＰに変換することができる。(0 MP),You can convert SP to HP (cost 0).,,,,
521,CONFUSING_LIGHT,-1,-1,幻惑の光,Confusing Light,0,0,0,0,0,0,0,0,0,0,0,0,0,0,0,0,0,0,0,0,0,40,50,INT,25,,あなたは周囲に怪物を惑わす光を発生させることができる。(50 MP),You can radiate light which confuses nearby creatures (cost 50).,,,,
522,POSTURE,-1,-1,構え,Assume a Posture,0,0,0,0,0,0,0,0,0,0,0,0,0,0,0,0,0,0,0,0,0,25,0,DEX,0,,あなたは構えることができる。(0 MP),You can assume a posture of special form (cost 0).,,,,
523,DOUBLE_ATTACK,-1,-1,百烈拳,Double Attack,0,0,0,0,0,0,0,0,0,0,0,0,0,0,0,0,0,0,0,0,0,30,30,STR,20,,あなたは通常の2倍の攻撃を行うことができる。(30 MP),You can perform double attacks in a time (cost 30).,,,,
524,CLEAR_MIND,-1,-1,明鏡止水,Clear Mind,0,0,0,0,0,0,0,0,0,0,0,0,0,0,0,0,0,0,0,0,0,15,0,WIS,10,,あなたは精神を集中してＭＰを回復させることができる。(0 MP),You can concentrate to regenerate your mana (cost 0).,,,,
525,TAKE_PHOTO,-1,-1,写真撮影,Take a Photograph,0,0,0,0,0,0,0,0,0,0,0,0,0,0,0,0,0,0,0,0,0,1,0,DEX,0,,あなたは写真を撮影することができる。(0 MP),You can take a photograph (cost 0).,,,,
526,IDENTIFY_TRUE,-1,-1,真・鑑定,Indentify True,0,0,0,0,0,0,0,0,0,0,0,0,0,0,0,0,0,0,0,0,0,25,20,INT,20,,あなたはアイテムを完全に鑑定することができる。(20 MP),You can *identify* items (cost 20).,,,,
527,DOUBLE_REVENGE,-1,-1,倍返し,Double Revenge,0,0,0,0,0,0,0,0,0,0,0,0,0,0,0,0,0,0,0,0,0,30,100,DEX,30,,あなたは怪物の特殊攻撃をダメージ2倍でまねることができる。(100 MP),You can imitate creature's special attacks with double damage (cost 100).,,,,
528,DOMINATE_LIVE,-1,-1,生物支配,Dominate a Living Thing,0,0,0,0,0,0,0,0,0,0,0,0,0,0,0,0,0,0,0,0,0,1,10,CHA,10,,あなたは1体の生命のあるクリーチャーを支配することができる。(レベル/4 MP),You can dominate a creature (cost level/4).,,,,
529,DOMINATE_LIVES,-1,-1,真・生物支配,Dominate Living Things,0,0,0,0,0,0,0,0,0,0,0,0,0,0,0,0,0,0,0,0,0,30,25,CHA,10,,あなたは視界内の生命のあるクリーチャーを支配することができる。((レベル+20)/2 MP),You can dominate living creatures in sight (cost (level+20)/4).,,,,
530,CREATE_AMMO,-1,-1,矢弾の製造,Create Ammo,0,0,0,0,0,0,0,0,0,0,0,0,0,0,0,0,0,0,0,0,0,1,0,DEX,0,,あなたは杖/魔法棒/ロッドの魔力を自分のものにすることができる。,"You can absorb a staff, wand or rod itself.",,,,
531,ABSORB_MAGIC,-1,-1,魔力の取り込み,Absorb Magic,0,0,0,0,0,0,0,0,0,0,0,0,0,0,0,0,0,0,0,0,0,1,0,INT,0,,あなたは1ターンに2回魔法を唱えることができる。(20 MP),You can cast two spells in one time (cost 20).,,,,
532,STOP_SINGING,-1,-1,歌を止める,Stop Singing,0,0,0,0,0,0,0,0,0,0,0,0,0,0,0,0,0,0,0,0,0,1,0,CHA,0,,あなたは精神を集中して気合いを溜めることができる。,You can concentrate to regenerate your mana.,,,,
533,DOUBLE_MAGIC,-1,-1,連続魔,Successional Magic,0,0,0,0,0,0,0,0,0,0,0,0,0,0,0,0,0,0,0,0,0,48,20,INT,0,,あなたは特殊な型で構えることができる。,You can assume a posture of special form.,,,,
534,CONCENTRATION,-1,-1,気合いため,Concentration,0,0,0,0,0,0,0,0,0,0,0,0,0,0,0,0,0,0,0,0,0,1,0,WIS,0,,あなたは相手に使われた魔法を学ぶことができる。,You can study spells which your enemy casts on you.,,,,
535,POSTURE2,-1,-1,型,Assume a Posture,0,0,0,0,0,0,0,0,0,0,0,0,0,0,0,0,0,0,0,0,0,25,0,DEX,0,,あなたはクリーチャーに乗って無理矢理ペットにすることができる。,You can ride on a hostile creature forcibly to turn it into pet.,,,,
536,LEARNING,-1,0,ラーニング,Learning,0,0,0,0,0,0,0,0,0,0,0,0,0,0,0,0,0,0,0,0,0,1,0,INT,0,,あなたは街とダンジョンの間を行き来することができる。,You can travel between town and the depths.,,,,
537,RODEO,-1,-1,荒馬ならし,Rodeo,0,0,0,0,0,0,0,0,0,0,0,0,0,0,0,0,0,0,0,0,0,10,0,STR,10,,あなたは鏡を作り出すことができる。(2 MP),You can create a Mirror (cost 2).,,,,
538,BREAK_MIRROR,-1,-1,鏡割り,Break Mirrors,0,0,0,0,0,0,0,0,0,0,0,0,0,0,0,0,0,0,0,0,0,1,0,INT,0,,あなたは鏡を割ることができる。(0 MP),You can break distant Mirrors (cost 0).,,,,
539,MIRROR_CONC,-1,-1,静水,Mirror Concentration,0,0,0,0,0,0,0,0,0,0,0,0,0,0,0,0,0,0,0,0,0,30,0,INT,20,,,,,,,
540,WEAPON_JUDGE,-1,-1,目利き,Weapon Judgment,0,0,0,0,0,0,0,0,0,0,0,0,0,0,0,0,0,0,0,0,0,5,15,INT,20,,,,,,,
541,QUICK_WALK,-1,-1,早駆け,Quick Walk,0,0,0,0,0,0,0,0,0,0,0,0,0,0,0,0,0,0,0,0,0,20,0,DEX,0,,,,,,,
542,DETECT_DOOR_TRAP,-1,-1,ドアと罠感知,Detect Doors and Traps,0,0,0,0,0,0,0,0,0,0,0,0,0,0,0,0,0,0,0,0,0,5,5,WIS,12,,,,,,,
543,CREATE_FOOD,-1,-1,食料生成,Create Food,0,0,0,0,0,0,0,0,0,0,0,0,0,0,0,0,0,0,0,0,0,15,10,INT,10,,,,,,,
544,SHADOW_SHIFT,-1,-1,シャドウ・シフト,Shadow Shifting,0,0,0,0,0,0,0,0,0,0,0,0,0,0,0,0,0,0,0,0,0,30,50,INT,50,,,,,,,
545,PATTERN_WALK,-1,-1,パターン・ウォーク,Pattern Mindwalking,0,0,0,0,0,0,0,0,0,0,0,0,0,0,0,0,0,0,0,0,0,40,75,WIS,50,,,,,,,
546,EXPLOSIVE_RUNE,-1,-1,爆発のルーン,Explosive Rune,0,0,0,0,0,0,0,0,0,0,0,0,0,0,0,0,0,0,0,0,0,25,35,INT,15,,,,,,,
547,STONE_TO_MUD,-1,-1,岩石溶解,Stone to Mud,0,0,0,0,0,0,0,0,0,0,0,0,0,0,0,0,0,0,0,0,0,20,10,STR,12,,,,,,,
548,THROW_BOULDER,-1,-1,岩石投げ,Thorow Boulder,0,0,0,0,0,0,0,0,0,0,0,0,0,0,0,0,0,0,0,0,0,20,15,STR,12,,,,,,,
549,SCARE_CREATURE,-1,-1,クリーチャー恐慌,Scare Creature,0,0,0,0,0,0,0,0,0,0,0,0,0,0,0,0,0,0,0,0,0,15,15,WIS,10,,,,,,,
550,POISON_DART,-1,-1,毒のダーツ,Poison Dart,0,0,0,0,0,0,0,0,0,0,0,0,0,0,0,0,0,0,0,0,0,12,8,DEX,14,,,,,,,
551,MAGIC_MISSILE,-1,-1,マジック・ミサイル,Magic Missile,0,0,0,0,0,0,0,0,0,0,0,0,0,0,0,0,0,0,0,0,0,20,15,CON,8,,,,,,,
552,MASSACRE,-1,-1,皆殺し,Massacre,0,0,0,0,0,0,0,0,0,0,0,0,0,0,0,0,0,0,0,0,0,30,30,WIS,18,,あなたは周りのすべてのモンスターを攻撃することができる。(40 MP),You can damages all monsters in sight (cost 40).,,,,
553,FIRE_BOLT,-1,-1,ファイア・ボルト,Fire Bolt,0,0,0,0,0,0,0,0,0,0,0,0,0,0,0,0,0,0,0,0,0,30,80,STR,75,,,,,,,
554,FIRE_BALL,-1,-1,ファイア・ボール,Fire Ball,0,0,0,0,0,0,0,0,0,0,0,0,0,0,0,0,0,0,0,0,0,0,0,0,0,,,,,,,
555,STONE_SKIN,-1,-1,肌石化,Stone Skin,0,0,0,0,0,0,0,0,0,0,0,0,0,0,0,0,0,0,0,0,0,0,0,0,0,,,,,,,
556,RESTORE_LIFE,-1,-1,生命力回復,Restore Life,0,0,0,0,0,0,0,0,0,0,0,0,0,0,0,0,0,0,0,0,0,0,0,0,0,,,,,,,
557,DRAIN_LIFE,-1,-1,生命力吸収,Drain Life,0,0,0,0,0,0,0,0,0,0,0,0,0,0,0,0,0,0,0,0,0,2,1,CON,9,,,,,,,
558,SLEEPING_DUST,-1,-1,眠り粉,Sleeping Dust,0,0,0,0,0,0,0,0,0,0,0,0,0,0,0,0,0,0,0,0,0,12,12,INT,15,,,,,,,
559,EXPAND_HLIZN,-1,-1,横に伸びる,Expand Horizontally,0,0,0,0,0,0,0,0,0,0,0,0,0,0,0,0,0,0,0,0,0,20,15,CHA,8,,,,,,,
560,RAY_GUN,-1,-1,レイガン,Ray Gun,0,0,0,0,0,0,0,0,0,0,0,0,0,0,0,0,0,0,0,0,0,0,0,0,0,,,,,,,
561,BLASTER,-1,-1,ブラスター,Blaster,0,0,0,0,0,0,0,0,0,0,0,0,0,0,0,0,0,0,0,0,0,10,13,CON,10,,,,,,,
562,BAZOOKA,-1,-1,バズーカ,Bazooka,0,0,0,0,0,0,0,0,0,0,0,0,0,0,0,0,0,0,0,0,0,25,26,CON,12,,,,,,,
563,BEAM_CANNON,-1,-1,ビーム・キャノン,Beam Cannon,0,0,0,0,0,0,0,0,0,0,0,0,0,0,0,0,0,0,0,0,0,35,40,CON,15,,,,,,,
564,XXX0564,-1,-1,未定義,Undefined,0,0,0,0,0,0,0,0,0,0,0,0,0,0,0,0,0,0,0,0,0,0,0,0,0,,,,,,,
565,XXX0565,-1,-1,未定義,Undefined,0,0,0,0,0,0,0,0,0,0,0,0,0,0,0,0,0,0,0,0,0,0,0,0,0,,,,,,,
566,XXX0566,-1,-1,未定義,Undefined,0,0,0,0,0,0,0,0,0,0,0,0,0,0,0,0,0,0,0,0,0,0,0,0,0,,,,,,,
567,XXX0567,-1,-1,未定義,Undefined,0,0,0,0,0,0,0,0,0,0,0,0,0,0,0,0,0,0,0,0,0,0,0,0,0,,,,,,,
568,XXX0568,-1,-1,未定義,Undefined,0,0,0,0,0,0,0,0,0,0,0,0,0,0,0,0,0,0,0,0,0,0,0,0,0,,,,,,,
569,XXX0569,-1,-1,未定義,Undefined,0,0,0,0,0,0,0,0,0,0,0,0,0,0,0,0,0,0,0,0,0,0,0,0,0,,,,,,,
570,XXX0570,-1,-1,未定義,Undefined,0,0,0,0,0,0,0,0,0,0,0,0,0,0,0,0,0,0,0,0,0,0,0,0,0,,,,,,,
571,XXX0571,-1,-1,未定義,Undefined,0,0,0,0,0,0,0,0,0,0,0,0,0,0,0,0,0,0,0,0,0,0,0,0,0,,,,,,,
572,XXX0572,-1,-1,未定義,Undefined,0,0,0,0,0,0,0,0,0,0,0,0,0,0,0,0,0,0,0,0,0,0,0,0,0,,,,,,,
573,XXX0573,-1,-1,未定義,Undefined,0,0,0,0,0,0,0,0,0,0,0,0,0,0,0,0,0,0,0,0,0,0,0,0,0,,,,,,,
574,XXX0574,-1,-1,未定義,Undefined,0,0,0,0,0,0,0,0,0,0,0,0,0,0,0,0,0,0,0,0,0,0,0,0,0,,,,,,,
575,XXX0575,-1,-1,未定義,Undefined,0,0,0,0,0,0,0,0,0,0,0,0,0,0,0,0,0,0,0,0,0,0,0,0,0,,,,,,,
576,HUMAN,-1,-1,人間系種族,Undefined,0,0,0,0,0,0,0,0,0,0,0,0,0,0,0,0,0,0,0,0,0,0,0,0,0,,,,,,,
577,ELF,-1,-1,エルフ系種族,Undefined,0,0,0,0,0,0,0,0,0,0,0,0,0,0,0,0,0,0,0,0,0,0,0,0,0,,,,,,,
578,DWARF,-1,-1,ドワーフ系種族,Undefined,0,0,0,0,0,0,0,0,0,0,0,0,0,0,0,0,0,0,0,0,0,0,0,0,0,,,,,,,
579,DEMON,-1,-1,悪魔系種族,Undefined,0,0,0,0,0,0,0,0,0,0,0,0,0,0,0,0,0,0,0,0,0,0,0,0,0,,,,,,,
580,ANGEL,-1,-1,天使系種族,Undefined,0,0,0,0,0,0,0,0,0,0,0,0,0,0,0,0,0,0,0,0,0,0,0,0,0,,,,,,,
581,GIANT,-1,-1,巨人系種族,Undefined,0,0,0,0,0,0,0,0,0,0,0,0,0,0,0,0,0,0,0,0,0,0,0,0,0,,,,,,,
582,TROLL,-1,-1,トロル系種族,Undefined,0,0,0,0,0,0,0,0,0,0,0,0,0,0,0,0,0,0,0,0,0,0,0,0,0,,,,,,,
583,ORC,-1,-1,オーク系種族,Undefined,0,0,0,0,0,0,0,0,0,0,0,0,0,0,0,0,0,0,0,0,0,0,0,0,0,,,,,,,
584,DRAGON,-1,-1,竜系種族,Undefined,0,0,0,0,0,0,0,0,0,0,0,0,0,0,0,0,0,0,0,0,0,0,0,0,0,,,,,,,
585,ALIEN,-1,-1,異星系種族,Undefined,0,0,0,0,0,0,0,0,0,0,0,0,0,0,0,0,0,0,0,0,0,0,0,0,0,,,,,,,
586,ANIMAL,-1,-1,動物系種族,Undefined,0,0,0,0,0,0,0,0,0,0,0,0,0,0,0,0,0,0,0,0,0,0,0,0,0,,,,,,,
587,UNDEAD,-1,-1,アンデッド系種族,Undefined,0,0,0,0,0,0,0,0,0,0,0,0,0,0,0,0,0,0,0,0,0,0,0,0,0,,,,,,,
588,XXX0588,-1,-1,未定義,Undefined,0,0,0,0,0,0,0,0,0,0,0,0,0,0,0,0,0,0,0,0,0,0,0,0,0,,,,,,,
589,ENT_TRAIT1,-1,-1,エントの経年的特徴１,Aged Trait of Ent 1,0,1,0,0,-1,1,0,0,0,0,0,0,0,0,0,0,0,0,0,0,0,0,0,0,0,,は若年のエントであるため、強く頑丈だが鈍い。,,,,,
590,ENT_TRAIT2,589,-1,エントの経年的特徴２,Aged Trait of Ent 2,0,2,0,0,-2,2,0,0,0,0,0,0,0,0,0,0,0,0,0,0,0,0,0,0,0,,は熟年のエントであるため、より強く頑丈であるが鈍い。,,,,,
591,ENT_TRAIT3,590,-1,エントの経年的特徴３,Aged Trait of Ent 3,0,3,0,0,-3,3,0,0,0,0,0,0,0,0,0,0,0,0,0,0,0,0,0,0,0,,は老年のエントであるため、極めて強く頑丈であるが鈍い。,,,,,
592,XXX0592,-1,-1,未定義,Undefined,0,0,0,0,0,0,0,0,0,0,0,0,0,0,0,0,0,0,0,0,0,0,0,0,0,,,,,,,
593,XXX0593,-1,-1,未定義,Undefined,0,0,0,0,0,0,0,0,0,0,0,0,0,0,0,0,0,0,0,0,0,0,0,0,0,,,,,,,
594,XXX0594,-1,-1,未定義,Undefined,0,0,0,0,0,0,0,0,0,0,0,0,0,0,0,0,0,0,0,0,0,0,0,0,0,,,,,,,
595,XXX0595,-1,-1,未定義,Undefined,0,0,0,0,0,0,0,0,0,0,0,0,0,0,0,0,0,0,0,0,0,0,0,0,0,,,,,,,
596,XXX0596,-1,-1,未定義,Undefined,0,0,0,0,0,0,0,0,0,0,0,0,0,0,0,0,0,0,0,0,0,0,0,0,0,,,,,,,
597,XXX0597,-1,-1,未定義,Undefined,0,0,0,0,0,0,0,0,0,0,0,0,0,0,0,0,0,0,0,0,0,0,0,0,0,,,,,,,
598,XXX0598,-1,-1,未定義,Undefined,0,0,0,0,0,0,0,0,0,0,0,0,0,0,0,0,0,0,0,0,0,0,0,0,0,,,,,,,
599,XXX0599,-1,-1,未定義,Undefined,0,0,0,0,0,0,0,0,0,0,0,0,0,0,0,0,0,0,0,0,0,0,0,0,0,,,,,,,
600,XXX0600,-1,-1,未定義,Undefined,0,0,0,0,0,0,0,0,0,0,0,0,0,0,0,0,0,0,0,0,0,0,0,0,0,,,,,,,
601,XXX0601,-1,-1,未定義,Undefined,0,0,0,0,0,0,0,0,0,0,0,0,0,0,0,0,0,0,0,0,0,0,0,0,0,,,,,,,
602,XXX0602,-1,-1,未定義,Undefined,0,0,0,0,0,0,0,0,0,0,0,0,0,0,0,0,0,0,0,0,0,0,0,0,0,,,,,,,
603,XXX0603,-1,-1,未定義,Undefined,0,0,0,0,0,0,0,0,0,0,0,0,0,0,0,0,0,0,0,0,0,0,0,0,0,,,,,,,
604,XXX0604,-1,-1,未定義,Undefined,0,0,0,0,0,0,0,0,0,0,0,0,0,0,0,0,0,0,0,0,0,0,0,0,0,,,,,,,
605,XXX0605,-1,-1,未定義,Undefined,0,0,0,0,0,0,0,0,0,0,0,0,0,0,0,0,0,0,0,0,0,0,0,0,0,,,,,,,
606,XXX0606,-1,-1,未定義,Undefined,0,0,0,0,0,0,0,0,0,0,0,0,0,0,0,0,0,0,0,0,0,0,0,0,0,,,,,,,
